length,charge,net_charge,charge_density,hydrophobic_fraction,aromatic_fraction,positive_fraction,negative_fraction,polar_fraction,gravy,aromaticity,instability_index,isoelectric_point,entropy,charge_hydrophobic_ratio,aromatic_hydrophobic_ratio,beta_propensity,amp_favorable_fraction,hydrophobic_moment,amphipathicity,dataset,sequence_id
11,1.759092613290301,0.18181818181818182,0.15991751029911827,0.45454545454545453,0.0,0.18181818181818182,0.0,0.2727272727272727,0.6727272727272727,0.0,23.290909090909093,11.000836753845213,2.9139770731827523,3.8699952352491453,0.0,0.36363636363636365,0.18181818181818182,1.0133032837787792,0.08264462809917356,amyAMP,seq_epochs_()_num_1
24,1.73730263099428,0.08333333333333333,0.07238760962476166,0.20833333333333334,0.08333333333333333,0.08333333333333333,0.0,0.375,0.08333333333333333,0.08333333333333333,58.00416666666666,8.859390449523925,3.4072682296173893,8.339012601512056,0.39999808000921594,0.125,0.20833333333333334,0.7327892081543849,0.017361111111111112,amyAMP,seq_epochs_()_num_2
20,1.8810407742106712,0.1,0.09405203871053355,0.3,0.1,0.1,0.0,0.3,-0.31499999999999995,0.05,58.129999999999995,9.995001029968265,3.6464393446710153,6.270115013652193,0.33333222222592596,0.25,0.1,0.8319345396433253,0.03,amyAMP,seq_epochs_()_num_3
18,6.755086609394296,0.3888888888888889,0.37528258941079423,0.2222222222222222,0.0,0.3888888888888889,0.0,0.2222222222222222,-0.8,0.0,50.95000000000002,11.999967765808105,2.927451224964519,30.39775295238605,0.0,0.2222222222222222,0.3888888888888889,0.4834267080158911,0.08641975308641975,amyAMP,seq_epochs_()_num_4
23,4.755919069169508,0.21739130434782608,0.20677908996389166,0.30434782608695654,0.08695652173913043,0.2608695652173913,0.043478260869565216,0.21739130434782608,-0.5956521739130435,0.08695652173913043,15.30869565217391,10.125549507141113,3.174885868724236,15.626539882925911,0.28571334694186007,0.21739130434782608,0.30434782608695654,1.1977221530608089,0.09262759924385634,amyAMP,seq_epochs_()_num_5
15,1.4581484572195973,0.13333333333333333,0.09720989714797315,0.4,0.0,0.13333333333333333,0.0,0.26666666666666666,0.6733333333333335,0.0,38.22666666666667,10.000738716125486,3.0062389286533895,3.6453620296439193,0.0,0.3333333333333333,0.13333333333333333,1.1265421527892758,0.05333333333333334,amyAMP,seq_epochs_()_num_6
13,0.794875586855086,0.07692307692307693,0.06114427591192969,0.8461538461538461,0.07692307692307693,0.07692307692307693,0.0,0.07692307692307693,2.123076923076923,0.07692307692307693,-3.1000000000000005,8.795051002502444,2.6235166412180155,0.9393973106319163,0.09090898347120135,0.5384615384615384,0.15384615384615385,0.9420505314391915,0.0650887573964497,amyAMP,seq_epochs_()_num_7
16,2.7599050732655095,0.1875,0.17249406707909434,0.3125,0.0,0.25,0.0625,0.25,-0.48750000000000004,0.0,16.106250000000003,10.289686012268067,3.452819531114783,8.831667973112117,0.0,0.1875,0.25,1.3577932646526196,0.09765625,amyAMP,seq_epochs_()_num_8
24,4.833358808548875,0.20833333333333334,0.2013899503562031,0.4583333333333333,0.125,0.20833333333333334,0.0,0.25,-0.07916666666666651,0.08333333333333333,-2.804166666666667,10.464330863952636,3.5739348962840567,10.545487119407467,0.27272667768724873,0.2916666666666667,0.2916666666666667,2.1516500693641145,0.0954861111111111,amyAMP,seq_epochs_()_num_9
13,1.758103612191301,0.15384615384615385,0.13523873939933084,0.6923076923076923,0.07692307692307693,0.15384615384615385,0.0,0.15384615384615385,1.146153846153846,0.07692307692307693,15.084615384615384,10.002737236022949,2.873140679513133,2.539479327250629,0.11111095061751577,0.46153846153846156,0.23076923076923078,1.1358484233302055,0.10650887573964497,amyAMP,seq_epochs_()_num_10
15,5.8432597986478845,0.4,0.3895506532431923,0.4,0.26666666666666666,0.4,0.0,0.06666666666666667,-0.58,0.2,36.199999999999996,11.999967765808105,2.973557262275185,14.60811297633727,0.6666650000041666,0.3333333333333333,0.6,1.2974902142198799,0.16000000000000003,amyAMP,seq_epochs_()_num_11
7,0.46013645931759795,0.14285714285714285,0.06573377990251399,0.42857142857142855,0.0,0.14285714285714285,0.0,0.42857142857142855,0.7999999999999999,0.0,63.60000000000001,9.46507091522217,2.1280852788913944,1.0736492332261844,0.0,0.42857142857142855,0.14285714285714285,2.060118797495909,0.06122448979591836,amyAMP,seq_epochs_()_num_12
19,4.746194620194288,0.2631578947368421,0.24979971685233093,0.42105263157894735,0.05263157894736842,0.2631578947368421,0.0,0.21052631578947367,0.5894736842105263,0.05263157894736842,6.705263157894738,10.479351997375485,3.40582225028569,11.272185451520988,0.12499970312570509,0.3684210526315789,0.3684210526315789,1.902481059147062,0.11080332409972297,amyAMP,seq_epochs_()_num_13
8,0.794875586855086,0.125,0.09935944835688575,0.375,0.0,0.125,0.0,0.125,0.4249999999999999,0.0,24.1375,8.795051002502444,2.5,2.119662579180018,0.0,0.125,0.125,1.1150691730449669,0.046875,amyAMP,seq_epochs_()_num_14
7,1.758103612191301,0.2857142857142857,0.25115765888447156,0.5714285714285714,0.0,0.2857142857142857,0.0,0.0,1.157142857142857,0.0,-12.428571428571427,10.002737236022949,2.2359263506290326,3.0766759371518866,0.0,0.5714285714285714,0.2857142857142857,0.4336304726605716,0.16326530612244897,amyAMP,seq_epochs_()_num_15
12,2.7472036210932904,0.25,0.22893363509110753,0.4166666666666667,0.08333333333333333,0.25,0.0,0.3333333333333333,0.2166666666666666,0.08333333333333333,14.749999999999996,9.790184974670407,2.8553885422075336,6.593272866769017,0.19999952000115198,0.4166666666666667,0.4166666666666667,2.0200402334187384,0.10416666666666667,amyAMP,seq_epochs_()_num_16
20,2.792877584857085,0.15,0.13964387924285424,0.45,0.0,0.15,0.0,0.15,0.73,0.0,-6.530000000000001,10.302321815490721,3.0332062193464955,6.20638084105832,0.0,0.3,0.15,0.6575111153620403,0.0675,amyAMP,seq_epochs_()_num_17
10,1.7240674000561405,0.2,0.17240674000561404,0.3,0.0,0.2,0.0,0.4,0.5399999999999998,0.0,4.690000000000002,10.350995445251463,2.721928094887362,5.746872177279878,0.0,0.3,0.3,0.4779384906371408,0.06,amyAMP,seq_epochs_()_num_18
13,3.7580736124912977,0.3076923076923077,0.28908258557625366,0.38461538461538464,0.07692307692307693,0.3076923076923077,0.0,0.3076923076923077,-0.5923076923076923,0.07692307692307693,-3.100000000000001,11.723011589050294,2.8150724101159437,9.770965987965806,0.199999480001352,0.3076923076923077,0.3076923076923077,0.8549996804362273,0.1183431952662722,amyAMP,seq_epochs_()_num_19
26,7.753098607296296,0.3076923076923077,0.29819610028062676,0.46153846153846156,0.038461538461538464,0.3076923076923077,0.0,0.11538461538461539,0.5615384615384615,0.038461538461538464,19.103846153846153,11.471778297424319,2.8284768541773575,16.798343919396817,0.08333315277816898,0.38461538461538464,0.34615384615384615,1.1530823037253992,0.14201183431952663,amyAMP,seq_epochs_()_num_20
7,-0.23989838581069733,0.0,0.03427119797295676,0.5714285714285714,0.0,0.0,0.0,0.2857142857142857,2.4857142857142853,0.0,47.085714285714275,5.525000190734862,2.5216406363433186,0.4198214404811995,0.0,0.5714285714285714,0.0,0.6196363418975378,0.0,amyAMP,seq_epochs_()_num_21
17,1.7462046200942891,0.11764705882352941,0.10271791882907583,0.29411764705882354,0.11764705882352941,0.11764705882352941,0.0,0.4117647058823529,-0.34117647058823536,0.11764705882352941,17.64117647058824,9.112880134582518,3.1018812234760182,5.937075522263807,0.399998640004624,0.29411764705882354,0.17647058823529413,1.0004819343101914,0.03460207612456748,amyAMP,seq_epochs_()_num_22
9,2.4993256868423406,0.3333333333333333,0.2777028540935934,0.5555555555555556,0.3333333333333333,0.3333333333333333,0.0,0.0,-0.6666666666666667,0.3333333333333333,98.46666666666668,11.711342811584473,2.4193819456463714,4.498778138515563,0.5999989200019439,0.3333333333333333,0.5555555555555556,1.921855888374611,0.18518518518518517,amyAMP,seq_epochs_()_num_23
20,4.843249798747882,0.25,0.24216248993739412,0.5,0.25,0.25,0.0,0.1,-0.32500000000000007,0.2,20.27,11.068979835510252,3.346439344671015,9.686480224535314,0.499999000002,0.4,0.35,1.2932130003469628,0.125,amyAMP,seq_epochs_()_num_24
21,3.747183621293288,0.19047619047619047,0.17843731529968038,0.5238095238095238,0.047619047619047616,0.19047619047619047,0.0,0.19047619047619047,0.9857142857142859,0.047619047619047616,24.419047619047618,10.306834602355956,3.368042422572715,7.153700529040721,0.09090891735570321,0.47619047619047616,0.23809523809523808,1.3029901562457697,0.09977324263038549,amyAMP,seq_epochs_()_num_25
11,4.756095610293298,0.45454545454545453,0.43237232820848165,0.18181818181818182,0.0,0.45454545454545453,0.0,0.2727272727272727,-1.3818181818181818,0.0,70.95454545454545,11.33375148773193,2.7321588913645707,26.158381985512218,0.0,0.18181818181818182,0.45454545454545453,1.8184075258787609,0.08264462809917356,amyAMP,seq_epochs_()_num_26
14,2.7599050732655095,0.21428571428571427,0.19713607666182212,0.2857142857142857,0.0,0.2857142857142857,0.07142857142857142,0.14285714285714285,-0.10714285714285703,0.0,96.05714285714285,10.289686012268067,2.9852281360342525,9.659633947710468,0.0,0.21428571428571427,0.2857142857142857,1.835374929015327,0.10204081632653059,amyAMP,seq_epochs_()_num_27
20,-0.23966486582901103,0.0,0.011983243291450552,0.4,0.1,0.1,0.1,0.35,-0.29500000000000004,0.1,31.860000000000003,5.959761619567872,3.384183719779189,0.5991606666708609,0.24999937500156252,0.4,0.15,1.1239628035002345,0.08000000000000002,amyAMP,seq_epochs_()_num_28
20,3.7928675849570834,0.2,0.18964337924785418,0.2,0.0,0.2,0.0,0.25,0.010000000000000031,0.0,34.07,11.263932228088382,2.8709505944546687,18.9642431035699,0.0,0.1,0.2,0.9352603440664587,0.04000000000000001,amyAMP,seq_epochs_()_num_29
22,5.91441146997666,0.2727272727272727,0.2688368849989391,0.2727272727272727,0.2727272727272727,0.3181818181818182,0.045454545454545456,0.13636363636363635,-1.4409090909090907,0.18181818181818182,62.40454545454546,10.895302009582519,3.4771752334356236,21.68609587422955,0.9999963333467778,0.18181818181818182,0.5454545454545454,1.0455900885481626,0.09917355371900825,amyAMP,seq_epochs_()_num_30
20,2.784944597056073,0.15,0.13924722985280363,0.45,0.1,0.15,0.0,0.2,0.09000000000000004,0.1,36.855000000000004,10.76372203826904,3.108694969562842,6.188752018453455,0.22222172839615914,0.15,0.25,1.1071912575438618,0.0675,amyAMP,seq_epochs_()_num_31
19,1.844278799446887,0.10526315789473684,0.09706730523404668,0.5789473684210527,0.10526315789473684,0.10526315789473684,0.0,0.15789473684210525,1.2578947368421054,0.05263157894736842,4.06315789473684,9.703152656555176,3.300559092390954,3.1855669694289483,0.18181786776913747,0.47368421052631576,0.10526315789473684,0.7620335055205238,0.060941828254847646,amyAMP,seq_epochs_()_num_32
20,3.7309813870581485,0.2,0.18654906935290744,0.3,0.0,0.2,0.0,0.3,0.12000000000000008,0.0,51.29500000000001,11.263867759704592,3.108694969562842,12.436563168316603,0.0,0.2,0.2,0.7606889787800277,0.06,amyAMP,seq_epochs_()_num_33
16,3.7561056101932997,0.25,0.23475660063708123,0.625,0.125,0.25,0.0,0.0,0.9687500000000003,0.125,14.168749999999994,10.477740287780762,2.625,6.009759360694302,0.199999680000512,0.5,0.375,1.2539350432210066,0.15625,amyAMP,seq_epochs_()_num_34
20,2.397980053642832,0.15000000000000002,0.1198990026821416,0.2,0.1,0.2,0.05,0.35,-1.17,0.1,41.18000000000001,10.266283988952637,3.3086949695628416,11.989840319012565,0.49999750001249993,0.15,0.2,0.8696862172203974,0.05,amyAMP,seq_epochs_()_num_35
22,2.756227370134143,0.13636363636363635,0.1252830622788247,0.3181818181818182,0.13636363636363635,0.18181818181818182,0.045454545454545456,0.18181818181818182,-0.4818181818181818,0.13636363636363635,11.022727272727272,9.825642585754395,3.4251185503571384,8.662401652873541,0.4285700816368863,0.18181818181818182,0.2727272727272727,0.8790714252989829,0.07231404958677687,amyAMP,seq_epochs_()_num_36
22,4.756085610393297,0.22727272727272727,0.2161857095633317,0.36363636363636365,0.09090909090909091,0.22727272727272727,0.0,0.3181818181818182,-0.06818181818181822,0.09090909090909091,15.927272727272726,11.166069221496581,3.0837651410695512,13.079199460783052,0.24999931250189064,0.36363636363636365,0.2727272727272727,1.0717489387707226,0.08264462809917356,amyAMP,seq_epochs_()_num_37
18,5.843249798747882,0.3333333333333333,0.3246249888193268,0.3333333333333333,0.1111111111111111,0.3333333333333333,0.0,0.1111111111111111,-0.5055555555555556,0.05555555555555555,41.56666666666666,11.744350624084472,3.155221528859512,17.52969680715323,0.33333233333633333,0.2222222222222222,0.3333333333333333,1.1586337394682908,0.1111111111111111,amyAMP,seq_epochs_()_num_38
16,3.757084611392298,0.25,0.23481778821201862,0.375,0.1875,0.25,0.0,0.1875,-0.5,0.1875,30.724999999999998,11.097152519226071,3.5,10.018865580071248,0.49999866667022225,0.3125,0.375,1.3381180254827525,0.09375,amyAMP,seq_epochs_()_num_39
20,1.7877650589292844,0.09999999999999999,0.08938825294646421,0.25,0.05,0.15,0.05,0.3,-0.7550000000000001,0.05,59.974999999999994,9.506653022766113,3.5464393446710147,7.151031631590612,0.1999992000032,0.05,0.25,0.8049245233472324,0.05,amyAMP,seq_epochs_()_num_40
27,4.7541993684361366,0.18518518518518517,0.17608145809022727,0.4444444444444444,0.2962962962962963,0.2222222222222222,0.037037037037037035,0.1111111111111111,-0.5185185185185185,0.2962962962962963,1.803703703703705,10.115750312805172,3.457867131472585,10.696924510901159,0.6666651666700417,0.4074074074074074,0.37037037037037035,0.836251043937322,0.11522633744855966,amyAMP,seq_epochs_()_num_41
13,2.7580936122913,0.23076923076923078,0.21216104709933076,0.6923076923076923,0.23076923076923078,0.23076923076923078,0.0,0.07692307692307693,0.6230769230769232,0.23076923076923078,89.61538461538463,11.16626262664795,2.8731406795131336,3.9839072409991965,0.33333285185254735,0.46153846153846156,0.46153846153846156,0.5144610252089318,0.15976331360946747,amyAMP,seq_epochs_()_num_42
12,3.3971675936676236,0.3333333333333333,0.28309729947230194,0.5,0.16666666666666666,0.3333333333333333,0.0,0.08333333333333333,-0.2250000000000001,0.16666666666666666,60.425000000000004,11.999967765808105,3.0220552088742005,6.79432159869205,0.33333266666799993,0.25,0.5,1.0343170169742775,0.16666666666666666,amyAMP,seq_epochs_()_num_43
18,0.847069261620095,0.05555555555555555,0.047059403423338614,0.5555555555555556,0.2777777777777778,0.1111111111111111,0.05555555555555555,0.2222222222222222,-0.588888888888889,0.2222222222222222,53.22777777777778,8.5035249710083,3.0860486123130375,1.5247219264167033,0.49999910000161996,0.4444444444444444,0.16666666666666666,0.6526062487215555,0.09259259259259259,amyAMP,seq_epochs_()_num_44
15,1.758103612191301,0.13333333333333333,0.11720690747942006,0.2,0.06666666666666667,0.13333333333333333,0.0,0.4,-0.29333333333333333,0.06666666666666667,33.199999999999996,10.002737236022949,3.189898095464287,8.790474108585961,0.3333316666749999,0.2,0.2,1.5629668355486563,0.02666666666666667,amyAMP,seq_epochs_()_num_45
19,6.760153374830139,0.3684210526315789,0.3557975460436915,0.3157894736842105,0.0,0.42105263157894735,0.05263157894736842,0.10526315789473684,-0.8999999999999999,0.0,111.75263157894736,11.999967765808105,2.858118463097969,21.407084564527658,0.0,0.3157894736842105,0.42105263157894735,1.2297054592616339,0.14958448753462603,amyAMP,seq_epochs_()_num_46
25,1.7599150731655104,0.07999999999999999,0.07039660292662042,0.52,0.08,0.12,0.04,0.2,0.6520000000000001,0.08,17.368,9.703023719787598,3.403074189428569,3.3844455552306827,0.15384585798873462,0.32,0.2,1.2481521321571547,0.08320000000000001,amyAMP,seq_epochs_()_num_47
16,3.8442687995468865,0.25,0.2402667999716804,0.6875,0.125,0.25,0.0,0.0,1.2437500000000001,0.0625,-2.0437499999999975,11.263867759704592,2.7806390622295662,5.591655575114634,0.18181791735575656,0.5625,0.3125,1.9223849434405649,0.171875,amyAMP,seq_epochs_()_num_48
18,3.7461846202942874,0.2222222222222222,0.20812136779412707,0.5,0.2222222222222222,0.2222222222222222,0.0,0.1111111111111111,0.1055555555555555,0.2222222222222222,-8.133333333333336,10.029233741760255,3.239097917988786,7.492354255880063,0.4444435555573333,0.3888888888888889,0.3888888888888889,1.5514137696556092,0.1111111111111111,amyAMP,seq_epochs_()_num_49
14,1.7483243820331351,0.14285714285714285,0.1248803130023668,0.35714285714285715,0.07142857142857142,0.21428571428571427,0.07142857142857142,0.14285714285714285,0.4999999999999999,0.07142857142857142,33.314285714285724,9.197140312194826,3.182005814760214,4.895294562868003,0.199999440001568,0.35714285714285715,0.35714285714285715,0.7691726516201627,0.10204081632653061,amyAMP,seq_epochs_()_num_50
16,4.49535968254634,0.3125,0.28095998015914625,0.4375,0.25,0.3125,0.0,0.125,-0.4625,0.25,22.137499999999996,10.602164268493652,2.852217001462482,10.275084359913098,0.5714272653091079,0.25,0.5625,1.3217293629006417,0.13671875,amyAMP,seq_epochs_()_num_51
11,2.8442787994468874,0.2727272727272727,0.25857079994971705,0.2727272727272727,0.18181818181818182,0.2727272727272727,0.0,0.36363636363636365,-0.809090909090909,0.09090909090909091,-12.29090909090909,10.302063941955566,2.5949066182439395,10.428984025030497,0.6666642222311853,0.18181818181818182,0.36363636363636365,0.2918656880711008,0.07438016528925619,amyAMP,seq_epochs_()_num_52
14,1.7571046111922999,0.14285714285714285,0.12550747222802142,0.5,0.07142857142857142,0.14285714285714285,0.0,0.21428571428571427,0.8642857142857144,0.07142857142857142,8.314285714285711,9.703023719787598,3.182005814760214,3.5142021939802115,0.14285685714342855,0.5,0.14285714285714285,0.6444610259029685,0.07142857142857142,amyAMP,seq_epochs_()_num_53
23,3.758896072366507,0.17391304347826086,0.16343026401593508,0.5217391304347826,0.08695652173913043,0.21739130434782608,0.043478260869565216,0.21739130434782608,-0.24782608695652175,0.08695652173913043,36.59130434782608,10.446795463562012,3.22467921775583,7.2045369966732276,0.1666663472228345,0.2608695652173913,0.2608695652173913,1.6070296924704528,0.13610586011342155,amyAMP,seq_epochs_()_num_54
22,2.8442787994468874,0.13636363636363635,0.12928539997485852,0.6363636363636364,0.13636363636363635,0.13636363636363635,0.0,0.09090909090909091,1.4590909090909088,0.09090909090909091,2.513636363636365,10.302063941955566,3.2267309150571264,4.469573946943192,0.21428537755154953,0.5,0.22727272727272727,0.8368974103158396,0.08677685950413222,amyAMP,seq_epochs_()_num_55
13,2.7590826133903,0.23076923076923078,0.21223712410694617,0.46153846153846156,0.15384615384615385,0.23076923076923078,0.0,0.07692307692307693,1.0692307692307692,0.15384615384615385,-3.1000000000000005,11.999967765808105,2.873140679513133,5.9779993766803345,0.3333326111126759,0.46153846153846156,0.38461538461538464,0.276269339788571,0.10650887573964499,amyAMP,seq_epochs_()_num_56
13,-0.15272419755611044,0.0,0.011748015196623881,0.6923076923076923,0.23076923076923078,0.0,0.0,0.07692307692307693,2.230769230769231,0.15384615384615385,-31.400000000000002,6.741127204895021,2.6235166412180155,0.22060130004583722,0.33333285185254735,0.6153846153846154,0.15384615384615385,0.6284884220696605,0.0,amyAMP,seq_epochs_()_num_57
13,0.758103612191301,0.07692307692307693,0.05831566247625392,0.6153846153846154,0.15384615384615385,0.07692307692307693,0.0,0.23076923076923078,1.223076923076923,0.15384615384615385,-3.8307692307692314,8.590879631042483,3.085055102756477,1.231916367946766,0.24999959375066014,0.46153846153846156,0.15384615384615385,0.821409242531974,0.04733727810650888,amyAMP,seq_epochs_()_num_58
13,-0.539853540782401,0.0,0.041527195444800075,0.38461538461538464,0.0,0.0,0.0,0.3076923076923077,0.8384615384615384,0.0,-21.923076923076923,5.240009498596191,2.873140679513133,1.4036155566337953,0.0,0.15384615384615385,0.0,0.4236254604431515,0.0,amyAMP,seq_epochs_()_num_59
12,1.8462668015448882,0.16666666666666666,0.15385556679540735,0.5833333333333334,0.08333333333333333,0.16666666666666666,0.0,0.08333333333333333,1.5083333333333335,0.0,-4.983333333333334,11.000836753845213,2.792481250360578,3.1650233768940192,0.14285689795960346,0.5833333333333334,0.16666666666666666,1.2484173673186458,0.09722222222222222,amyAMP,seq_epochs_()_num_60
17,4.49535968254634,0.29411764705882354,0.2644329225027259,0.4117647058823529,0.11764705882352941,0.29411764705882354,0.0,0.11764705882352941,-0.09999999999999998,0.11764705882352941,-2.2705882352941176,10.602164268493652,2.889549430862088,10.917275572800436,0.2857135918384198,0.17647058823529413,0.4117647058823529,0.46908853847546916,0.12110726643598616,amyAMP,seq_epochs_()_num_61
16,3.9314429878014736,0.25,0.2457151867375921,0.5,0.25,0.25,0.0,0.0625,0.2749999999999999,0.125,-13.025000000000002,11.263932228088382,3.202819531114783,7.862870249862447,0.499999000002,0.4375,0.375,0.5851684158537054,0.125,amyAMP,seq_epochs_()_num_62
12,2.7561056101932992,0.25,0.22967546751610826,0.6666666666666666,0.16666666666666666,0.25,0.0,0.08333333333333333,0.8499999999999998,0.16666666666666666,16.65,10.00138339996338,2.396240625180289,4.134152214061628,0.2499996250005625,0.5833333333333334,0.3333333333333333,0.7003742127417322,0.16666666666666666,amyAMP,seq_epochs_()_num_63
11,1.7928775848570844,0.18181818181818182,0.16298887135064402,0.45454545454545453,0.09090909090909091,0.18181818181818182,0.0,0.2727272727272727,-0.6727272727272727,0.09090909090909091,1.3727272727272726,9.703926277160644,2.3685225277282065,3.944322009177166,0.19999956000096802,0.09090909090909091,0.18181818181818182,0.2907114390609094,0.08264462809917356,amyAMP,seq_epochs_()_num_64
23,4.755096609294297,0.21739130434782608,0.20674333083888247,0.391304347826087,0.13043478260869565,0.21739130434782608,0.0,0.34782608695652173,-0.24782608695652183,0.13043478260869565,27.873913043478254,10.582759284973143,3.3931271734483177,12.151882502274587,0.3333324814836584,0.30434782608695654,0.30434782608695654,1.2324410905102579,0.08506616257088848,amyAMP,seq_epochs_()_num_65
13,0.7492016230912921,0.07692307692307693,0.05763089408394555,0.15384615384615385,0.0,0.07692307692307693,0.0,0.5384615384615384,-0.16153846153846152,0.0,-7.107692307692307,8.22224941253662,2.7773627950641693,4.869778896530571,0.0,0.15384615384615385,0.15384615384615385,0.7264309190916793,0.01183431952662722,amyAMP,seq_epochs_()_num_66
20,-2.245634633014966,-0.1,0.11228173165074831,0.45,0.1,0.1,0.2,0.2,0.075,0.1,-2.285,4.225945091247559,3.4841837197791885,4.990288094948602,0.22222172839615914,0.45,0.2,0.7420638799829099,0.13500000000000004,amyAMP,seq_epochs_()_num_67
20,5.930433986902472,0.3,0.29652169934512357,0.35,0.2,0.3,0.0,0.2,-0.7249999999999999,0.1,59.465,11.999967765808105,3.5219280948873624,16.944048693867938,0.571426938780175,0.25,0.4,0.8908877119410149,0.105,amyAMP,seq_epochs_()_num_68
21,-0.17352517875313123,0.0,0.008263103750149107,0.47619047619047616,0.09523809523809523,0.0,0.0,0.2857142857142857,1.2666666666666668,0.047619047619047616,-2.604761904761905,6.722199821472168,3.27280432733462,0.36440211013714435,0.199999580000882,0.38095238095238093,0.09523809523809523,1.3844973352780874,0.0,amyAMP,seq_epochs_()_num_69
16,2.7571046111923003,0.1875,0.17231903819951877,0.5625,0.0625,0.1875,0.0,0.1875,1.01875,0.0625,-3.0375,10.302063941955566,2.952819531114783,4.901510594989698,0.11111091358059808,0.5,0.25,1.0549050845220103,0.10546875,amyAMP,seq_epochs_()_num_70
16,3.544313644575183,0.25,0.22151960278594893,0.1875,0.0625,0.25,0.0,0.3125,-1.4187500000000002,0.0,56.212500000000006,11.263674354553224,3.327819531114783,18.9029052889061,0.33333155556503696,0.125,0.25,1.2594038903235925,0.046875,amyAMP,seq_epochs_()_num_71
20,1.7600816143893008,0.1,0.08800408071946504,0.4,0.15,0.1,0.0,0.25,0.27999999999999997,0.15,21.53,11.999967765808105,3.4464393446710155,4.4001930354906635,0.3749990625023437,0.3,0.25,0.7839895339600186,0.04000000000000001,amyAMP,seq_epochs_()_num_72
24,1.8254758202478683,0.08333333333333333,0.07606149251032784,0.4583333333333333,0.08333333333333333,0.08333333333333333,0.0,0.20833333333333334,1.2958333333333336,0.041666666666666664,-12.841666666666667,8.904518318176269,3.4182958340544896,3.9828476452368506,0.18181778512483246,0.375,0.20833333333333334,0.7270142534775932,0.03819444444444444,amyAMP,seq_epochs_()_num_73
20,4.755076609494295,0.25,0.23775383047471474,0.45,0.15,0.25,0.0,0.1,-0.3950000000000001,0.15,43.415000000000006,10.548848915100098,2.933206219346495,10.566813428179705,0.3333325925942387,0.3,0.25,0.972188436592355,0.1125,amyAMP,seq_epochs_()_num_74
19,6.880011773511668,0.3684210526315789,0.36210588281640355,0.3157894736842105,0.10526315789473684,0.3684210526315789,0.0,0.2631578947368421,-1.0789473684210524,0.05263157894736842,54.536842105263155,11.999967765808105,3.2608281712244542,21.786634958442917,0.3333322777811204,0.21052631578947367,0.42105263157894735,0.8665381978390958,0.11634349030470913,amyAMP,seq_epochs_()_num_75
9,-1.1631723813020067,-0.1111111111111111,0.12924137570022298,0.1111111111111111,0.0,0.0,0.1111111111111111,0.5555555555555556,-1.044444444444444,0.0,-19.41111111111111,4.0500284194946286,2.725480556997868,10.46845721560312,0.0,0.0,0.0,0.5655930859399382,0.012345679012345678,amyAMP,seq_epochs_()_num_76
11,2.7580936122913,0.2727272727272727,0.25073578293557275,0.5454545454545454,0.2727272727272727,0.2727272727272727,0.0,0.09090909090909091,-0.49090909090909096,0.2727272727272727,53.445454545454545,11.16626262664795,2.4130884364257574,5.056495685625293,0.49999908333501386,0.2727272727272727,0.5454545454545454,0.18272075665728832,0.14876033057851237,amyAMP,seq_epochs_()_num_77
26,6.91654699270746,0.2692307692307692,0.26602103818105616,0.38461538461538464,0.23076923076923078,0.2692307692307692,0.0,0.19230769230769232,-0.7230769230769231,0.15384615384615385,33.1,10.231277656555175,3.6902603909683833,17.98297542530329,0.599998440004056,0.23076923076923078,0.38461538461538464,1.5442765055285508,0.10355029585798817,amyAMP,seq_epochs_()_num_78
24,2.7373026309942805,0.125,0.11405427629142835,0.5,0.08333333333333333,0.125,0.0,0.20833333333333334,0.9958333333333335,0.08333333333333333,56.45416666666667,9.390158653259277,3.4387218755408675,5.474594312799935,0.16666633333399997,0.3333333333333333,0.2916666666666667,1.4298868702203622,0.0625,amyAMP,seq_epochs_()_num_79
17,2.792999344797928,0.1764705882352941,0.16429407910576047,0.4117647058823529,0.058823529411764705,0.23529411764705882,0.058823529411764705,0.23529411764705882,-0.1764705882352939,0.058823529411764705,-2.270588235294118,10.001705741882326,2.7933451941915166,6.782981935838839,0.1428567959192099,0.23529411764705882,0.29411764705882354,1.1090835875910405,0.12110726643598616,amyAMP,seq_epochs_()_num_80
18,3.758083612391299,0.2222222222222222,0.20878242291062774,0.3333333333333333,0.05555555555555555,0.2222222222222222,0.0,0.2777777777777778,0.5166666666666665,0.05555555555555555,31.93888888888889,11.999967765808105,3.016875695766564,11.274217014522856,0.16666616666816667,0.3333333333333333,0.2777777777777778,1.1754171032313507,0.07407407407407407,amyAMP,seq_epochs_()_num_81
25,4.919533995804461,0.2,0.19678135983217843,0.44,0.2,0.2,0.0,0.16,0.13199999999999992,0.12,22.492000000000004,10.187954902648926,3.653660689688185,11.180733670615432,0.4545444214899512,0.36,0.28,0.735293522130301,0.08800000000000001,amyAMP,seq_epochs_()_num_82
12,3.7590726134902988,0.3333333333333333,0.3132560511241916,0.6666666666666666,0.08333333333333333,0.3333333333333333,0.0,0.0,1.1249999999999998,0.08333333333333333,18.14166666666667,11.999967765808105,2.221251836004466,5.638600462334755,0.12499981250028125,0.5833333333333334,0.4166666666666667,0.5271537663268407,0.2222222222222222,amyAMP,seq_epochs_()_num_83
23,2.7373026309942805,0.13043478260869565,0.11901315786931654,0.391304347826087,0.043478260869565216,0.13043478260869565,0.0,0.21739130434782608,1.0086956521739132,0.043478260869565216,6.800000000000002,9.390158653259277,3.2946635862096043,6.995311068968207,0.11111082716121948,0.2608695652173913,0.2608695652173913,1.0738708301363549,0.05103969754253308,amyAMP,seq_epochs_()_num_84
15,-0.602802406632373,0.0,0.04018682710882486,0.3333333333333333,0.06666666666666667,0.0,0.0,0.5333333333333333,0.07333333333333333,0.06666666666666667,-8.14,5.184875679016112,2.5492553971685,1.808401794691735,0.19999940000180003,0.13333333333333333,0.0,0.7387225612242837,0.0,amyAMP,seq_epochs_()_num_85
12,-1.2359771627976435,-0.08333333333333333,0.10299809689980362,0.25,0.0,0.08333333333333333,0.16666666666666666,0.16666666666666666,-0.1166666666666667,0.0,34.19166666666667,4.3702592849731445,3.2516291673878226,4.943888875635072,0.0,0.25,0.08333333333333333,0.8115002436216738,0.0625,amyAMP,seq_epochs_()_num_86
12,3.9314429878014736,0.3333333333333333,0.32762024898345615,0.4166666666666667,0.16666666666666666,0.3333333333333333,0.0,0.0,-0.05000000000000008,0.0,115.50833333333335,11.263932228088382,2.625814583693911,9.435440525666275,0.39999904000230396,0.4166666666666667,0.3333333333333333,1.0367630125139706,0.1388888888888889,amyAMP,seq_epochs_()_num_87
7,0.7591026131903019,0.14285714285714285,0.10844323045575742,0.42857142857142855,0.0,0.14285714285714285,0.0,0.2857142857142857,0.6571428571428571,0.0,42.97142857142857,8.750052070617677,2.5216406363433186,1.7712352978950097,0.0,0.42857142857142855,0.14285714285714285,0.3498230124485647,0.06122448979591836,amyAMP,seq_epochs_()_num_88
16,-1.1603719192287978,-0.0625,0.07252324495179986,0.4375,0.125,0.0625,0.125,0.125,0.85625,0.125,51.90625,4.531682014465332,3.202819531114783,2.652272610185572,0.28571363265455396,0.4375,0.1875,0.8768175656264344,0.08203125,amyAMP,seq_epochs_()_num_89
10,1.845277800445888,0.2,0.1845277800445888,0.5,0.1,0.2,0.0,0.1,0.7599999999999999,0.0,36.96,10.002801704406739,2.6464393446710153,3.6905482197953363,0.1999996000008,0.4,0.2,0.3528335586640724,0.1,amyAMP,seq_epochs_()_num_90
12,3.7501606244902885,0.3333333333333333,0.3125133853741907,0.5833333333333334,0.0,0.3333333333333333,0.0,0.08333333333333333,1.0250000000000001,0.0,25.21666666666667,11.999967765808105,2.251629167387823,6.428835763979184,0.0,0.5,0.4166666666666667,0.7891969170379927,0.19444444444444445,amyAMP,seq_epochs_()_num_91
27,1.7967988078701382,0.07407407407407407,0.0665481039951903,0.4444444444444444,0.07407407407407407,0.14814814814814814,0.07407407407407407,0.25925925925925924,0.21111111111111108,0.07407407407407407,26.225925925925925,9.70070285797119,3.5417435206018593,4.042788221434313,0.16666629166751043,0.2962962962962963,0.2222222222222222,0.6691434084843625,0.09876543209876543,amyAMP,seq_epochs_()_num_92
25,7.753088607396295,0.32,0.3101235442958518,0.28,0.08,0.32,0.0,0.24,-0.9559999999999996,0.08,63.02799999999999,11.301130485534667,3.5132696895151074,27.689503278189346,0.28571326530976676,0.2,0.36,1.629756858102853,0.08960000000000001,amyAMP,seq_epochs_()_num_93
9,1.8452578006458857,0.2222222222222222,0.20502864451620953,0.4444444444444444,0.4444444444444444,0.2222222222222222,0.0,0.0,-1.077777777777778,0.3333333333333333,100.97777777777777,9.98623332977295,2.725480556997868,4.151820709856646,0.9999977500050625,0.3333333333333333,0.3333333333333333,0.6377012576799684,0.09876543209876543,amyAMP,seq_epochs_()_num_94
8,0.7591026131903019,0.125,0.09488782664878774,0.375,0.0,0.125,0.0,0.25,0.725,0.0,49.5,8.750052070617677,2.75,2.024268237125506,0.0,0.25,0.125,1.4385557834566522,0.046875,amyAMP,seq_epochs_()_num_95
9,0.498356685543343,0.1111111111111111,0.05537296506037145,0.6666666666666666,0.4444444444444444,0.1111111111111111,0.0,0.1111111111111111,0.2111111111111111,0.4444444444444444,25.766666666666666,8.344739341735842,2.6416041678685933,0.747533907014154,0.6666656666681666,0.3333333333333333,0.4444444444444444,0.5321502995947838,0.07407407407407407,amyAMP,seq_epochs_()_num_96
18,3.7471936211932895,0.2222222222222222,0.2081774233996272,0.4444444444444444,0.05555555555555555,0.2222222222222222,0.0,0.1111111111111111,0.6888888888888889,0.05555555555555555,13.933333333333334,10.318696784973142,3.350209029099897,8.431166677559878,0.12499971875063282,0.2777777777777778,0.3333333333333333,1.102303360758469,0.09876543209876543,amyAMP,seq_epochs_()_num_97
10,1.4482474671205874,0.2,0.14482474671205875,0.3,0.0,0.2,0.0,0.5,-0.08999999999999989,0.0,25.14,9.304673576354979,2.721928094887362,4.82747546548374,0.0,0.2,0.3,1.3967147019631014,0.06,amyAMP,seq_epochs_()_num_98
13,3.732959389256149,0.3076923076923077,0.287150722250473,0.6153846153846154,0.15384615384615385,0.3076923076923077,0.0,0.0,0.23076923076923078,0.15384615384615385,106.07692307692308,11.999967765808105,2.873140679513133,6.066049150211372,0.24999959375066014,0.3076923076923077,0.46153846153846156,1.2081702825490133,0.18934911242603553,amyAMP,seq_epochs_()_num_99
12,3.7570946112922994,0.3333333333333333,0.3130912176076916,0.25,0.08333333333333333,0.3333333333333333,0.0,0.25,-0.9,0.08333333333333333,110.24166666666669,11.263867759704592,2.688721875540867,15.028318331895871,0.3333320000053333,0.16666666666666666,0.4166666666666667,1.3050938579557696,0.08333333333333333,amyAMP,seq_epochs_()_num_100
15,2.4591274584185965,0.2,0.16394183056123976,0.5333333333333333,0.13333333333333333,0.2,0.0,0.2,0.8066666666666666,0.13333333333333333,22.566666666666666,11.999967765808105,3.0565647621309537,4.610855339181107,0.2499995312508789,0.4666666666666667,0.3333333333333333,0.8354752931421349,0.10666666666666667,amyAMP,seq_epochs_()_num_101
16,3.843279798447887,0.25,0.24020498740299293,0.5,0.0625,0.25,0.0,0.0625,0.74375,0.0,18.375,10.477740287780762,2.649397470347699,7.686544223807325,0.1249997500005,0.375,0.25,0.8687943730913422,0.125,amyAMP,seq_epochs_()_num_102
8,0.7602133742301456,0.125,0.0950266717787682,0.375,0.0,0.25,0.125,0.125,-0.33749999999999997,0.0,-0.675,8.74773120880127,2.75,2.027230258666365,0.0,0.25,0.25,1.815192909982497,0.140625,amyAMP,seq_epochs_()_num_103
7,1.7491916231912912,0.2857142857142857,0.24988451759875588,0.42857142857142855,0.0,0.2857142857142857,0.0,0.2857142857142857,0.19999999999999998,0.0,71.34285714285714,9.507748985290526,2.5216406363433186,4.081437597425286,0.0,0.2857142857142857,0.42857142857142855,1.0109997395416837,0.12244897959183672,amyAMP,seq_epochs_()_num_104
18,3.5453026456741825,0.2222222222222222,0.19696125809301013,0.2777777777777778,0.05555555555555555,0.2222222222222222,0.0,0.3333333333333333,-0.44999999999999996,0.0,78.10555555555555,11.999967765808105,2.6632908081776594,12.763043577470178,0.19999928000259198,0.2777777777777778,0.2222222222222222,0.7908226501231937,0.06172839506172839,amyAMP,seq_epochs_()_num_105
16,0.7592243731311454,0.0625,0.04745152332069659,0.5625,0.0625,0.125,0.0625,0.0625,1.2125,0.0625,-4.71875,8.59094409942627,2.827819531114783,1.349729819380135,0.11111091358059808,0.5625,0.1875,0.9241687435415589,0.10546875,amyAMP,seq_epochs_()_num_106
17,1.74720362109329,0.11764705882352941,0.10277668359372294,0.47058823529411764,0.058823529411764705,0.11764705882352941,0.0,0.17647058823529413,1.188235294117647,0.058823529411764705,50.89411764705884,9.197140312194826,3.3371753411230776,3.7127998051236557,0.12499973437556446,0.4117647058823529,0.17647058823529413,1.1177142242863105,0.05536332179930796,amyAMP,seq_epochs_()_num_107
25,1.7599150731655104,0.07999999999999999,0.07039660292662042,0.56,0.04,0.12,0.04,0.16,1.096,0.04,6.7999999999999945,9.703023719787598,3.258688570451097,3.14269987583149,0.07142844387777877,0.44,0.16,1.2363292829397154,0.08960000000000001,amyAMP,seq_epochs_()_num_108
13,2.845257800645886,0.23076923076923078,0.21886598466506818,0.6153846153846154,0.3076923076923077,0.23076923076923078,0.0,0.0,0.26153846153846144,0.23076923076923078,71.81538461538462,11.000449943542481,2.9312089489103235,4.623536412802894,0.4999991875013203,0.46153846153846156,0.38461538461538464,0.9835344695635616,0.14201183431952663,amyAMP,seq_epochs_()_num_109
9,0.7591026131903019,0.1111111111111111,0.08434473479892243,0.2222222222222222,0.0,0.1111111111111111,0.0,0.3333333333333333,0.5888888888888889,0.0,-6.944444444444445,8.750052070617677,2.725480556997868,3.415946387597615,0.0,0.2222222222222222,0.1111111111111111,0.7188910510056152,0.024691358024691357,amyAMP,seq_epochs_()_num_110
13,2.7571046111923003,0.23076923076923078,0.2120849700917154,0.3076923076923077,0.07692307692307693,0.23076923076923078,0.0,0.15384615384615385,-0.4615384615384617,0.07692307692307693,-11.061538461538461,10.302063941955566,2.873140679513133,8.960560864552166,0.24999918750264064,0.07692307692307693,0.3076923076923077,0.5522044309236578,0.07100591715976332,amyAMP,seq_epochs_()_num_111
20,5.754087608395295,0.3,0.28770438041976476,0.45,0.2,0.3,0.0,0.15,-0.43000000000000005,0.2,-18.765,10.655673027038574,3.1841837197791887,12.786832936805242,0.4444434567923183,0.45,0.4,1.1545273749727714,0.135,amyAMP,seq_epochs_()_num_112
8,-0.26601161004484764,0.0,0.033251451255605954,0.75,0.0,0.0,0.0,0.0,2.6375,0.0,13.5625,5.494989204406737,2.25,0.3546816738175651,0.0,0.5,0.0,0.43848546510501785,0.0,amyAMP,seq_epochs_()_num_113
6,-0.539853540782401,0.0,0.08997559013040017,0.5,0.0,0.0,0.0,0.5,1.7,0.0,-5.816666666666667,5.240009498596191,2.2516291673878226,1.0797049221549577,0.0,0.5,0.0,1.6540354691884132,0.0,amyAMP,seq_epochs_()_num_114
20,-0.15272419755611044,0.0,0.007636209877805522,0.5,0.1,0.0,0.0,0.3,1.175,0.05,19.02,6.741127204895021,3.3086949695628416,0.3054477842166524,0.1999996000008,0.35,0.05,1.2026352578141928,0.0,amyAMP,seq_epochs_()_num_115
8,0.7600916142893016,0.125,0.0950114517861627,0.5,0.0,0.125,0.0,0.125,1.4250000000000003,0.0,77.1375,9.750021171569824,2.75,1.5201801882182266,0.0,0.5,0.125,1.1867680014752282,0.0625,amyAMP,seq_epochs_()_num_116
24,2.7410920941664894,0.125,0.11421217059027039,0.5,0.08333333333333333,0.16666666666666666,0.041666666666666664,0.16666666666666666,0.9083333333333335,0.08333333333333333,56.216666666666676,9.502075767517091,3.501629167387823,5.48217322398653,0.16666633333399997,0.3333333333333333,0.3333333333333333,0.8995313716351,0.10416666666666666,amyAMP,seq_epochs_()_num_117
20,7.843239798847881,0.4,0.39216198994239404,0.3,0.05,0.4,0.0,0.1,-0.5699999999999998,0.0,51.90500000000001,11.999967765808105,2.9841837197791885,26.144045516007886,0.16666611111296298,0.3,0.4,1.0899017039096897,0.12,amyAMP,seq_epochs_()_num_118
13,1.4571494562205962,0.15384615384615385,0.11208841970927663,0.5384615384615384,0.15384615384615385,0.15384615384615385,0.0,0.3076923076923077,-0.053846153846153794,0.15384615384615385,-18.66923076923077,9.7000581741333,2.8731406795131336,2.7061296787402753,0.28571375510302627,0.3076923076923077,0.23076923076923078,0.8653097362625939,0.08284023668639054,amyAMP,seq_epochs_()_num_119
15,5.496338683745339,0.4,0.36642257891635593,0.2,0.06666666666666667,0.4,0.0,0.3333333333333333,-1.6,0.06666666666666667,4.306666666666667,11.999967765808105,2.789898095464287,27.48155601094664,0.3333316666749999,0.13333333333333333,0.4666666666666667,0.8558396011406029,0.08000000000000002,amyAMP,seq_epochs_()_num_120
24,1.8254758202478683,0.08333333333333333,0.07606149251032784,0.5416666666666666,0.08333333333333333,0.08333333333333333,0.0,0.2916666666666667,1.3625,0.041666666666666664,34.37916666666667,8.904518318176269,3.438721875540867,3.3701029848828616,0.15384586982300955,0.375,0.20833333333333334,1.373911956945381,0.04513888888888888,amyAMP,seq_epochs_()_num_121
12,3.7590726134902988,0.3333333333333333,0.3132560511241916,0.5833333333333334,0.25,0.3333333333333333,0.0,0.0,0.008333333333333323,0.25,36.333333333333336,11.999967765808105,2.8553885422075336,6.444113433217483,0.42857069387881047,0.3333333333333333,0.5833333333333334,1.563064746058842,0.19444444444444445,amyAMP,seq_epochs_()_num_123
12,-0.1760369597170517,0.0,0.014669746643087641,0.4166666666666667,0.08333333333333333,0.08333333333333333,0.08333333333333333,0.3333333333333333,0.06666666666666664,0.0,9.166666666666668,6.7198694229125975,3.084962500721156,0.4224876893504696,0.19999952000115198,0.3333333333333333,0.08333333333333333,0.5327369879040965,0.06944444444444445,amyAMP,seq_epochs_()_num_124
27,3.543324643476183,0.14814814814814814,0.13123424605467346,0.25925925925925924,0.1111111111111111,0.14814814814814814,0.0,0.4444444444444444,-0.5555555555555556,0.07407407407407407,0.025925925925927018,10.477289009094235,3.5100860031102545,13.66705662333259,0.4285697755165802,0.18518518518518517,0.2222222222222222,0.87066280480416,0.03840877914951989,amyAMP,seq_epochs_()_num_125
22,3.843279798447887,0.18181818181818182,0.17469453629308576,0.3181818181818182,0.09090909090909091,0.18181818181818182,0.0,0.4090909090909091,-0.33181818181818185,0.045454545454545456,-1.0090909090909073,10.477740287780762,3.2433003685389576,12.078841404477517,0.2857133877579242,0.3181818181818182,0.22727272727272727,1.2974427518650622,0.05785123966942149,amyAMP,seq_epochs_()_num_126
10,-0.23808692483648786,0.0,0.023808692483648787,0.3,0.0,0.1,0.1,0.3,-0.56,0.0,79.89999999999999,6.0014245986938475,2.9219280948873627,0.793620437386835,0.0,0.1,0.1,0.4684893444646532,0.06,amyAMP,seq_epochs_()_num_127
18,7.756055610693295,0.4444444444444444,0.4308919783718497,0.3333333333333333,0.16666666666666666,0.4444444444444444,0.0,0.16666666666666666,-1.5444444444444445,0.16666666666666666,11.238888888888892,11.999967765808105,2.927451224964519,23.268097027788805,0.4999985000045,0.2777777777777778,0.5555555555555556,1.502257414988305,0.14814814814814814,amyAMP,seq_epochs_()_num_128
16,5.758063612591297,0.375,0.35987897578695605,0.375,0.1875,0.375,0.0,0.1875,-0.8687500000000001,0.1875,-9.44375,11.999967765808105,3.0,15.354795354122516,0.49999866667022225,0.25,0.5625,1.0550651753165572,0.140625,amyAMP,seq_epochs_()_num_129
17,0.7591026131903019,0.058823529411764705,0.04465309489354717,0.6470588235294118,0.11764705882352941,0.058823529411764705,0.0,0.23529411764705882,1.8647058823529414,0.11764705882352941,0.5705882352941181,8.750052070617677,3.0286393118385755,1.1731567709609114,0.1818179008268805,0.5294117647058824,0.17647058823529413,0.726309285539759,0.03806228373702422,amyAMP,seq_epochs_()_num_130
19,4.8450712596220935,0.2631578947368421,0.255003750506426,0.3684210526315789,0.2631578947368421,0.3157894736842105,0.05263157894736842,0.15789473684210525,-0.7736842105263155,0.21052631578947367,75.7215789473684,10.565030479431151,3.2608281712244547,13.150872009464516,0.7142837755154665,0.3157894736842105,0.47368421052631576,1.1250511832987105,0.13573407202216065,amyAMP,seq_epochs_()_num_131
17,6.756075610493296,0.4117647058823529,0.39741621238195857,0.29411764705882354,0.058823529411764705,0.4117647058823529,0.0,0.17647058823529413,-0.7764705882352941,0.058823529411764705,31.423529411764704,11.999967765808105,3.1018812234760182,22.97057897570869,0.199999320002312,0.23529411764705882,0.47058823529411764,0.6941081871984962,0.12110726643598616,amyAMP,seq_epochs_()_num_132
12,1.8820397752096722,0.16666666666666666,0.15683664793413934,0.6666666666666666,0.08333333333333333,0.16666666666666666,0.0,0.08333333333333333,1.316666666666667,0.0,38.233333333333334,11.001030158996581,2.8553885422075336,2.823055428231366,0.12499981250028125,0.5,0.16666666666666666,0.8385680193970885,0.1111111111111111,amyAMP,seq_epochs_()_num_133
24,2.8234778182498665,0.125,0.11764490909374443,0.5416666666666666,0.125,0.125,0.0,0.20833333333333334,1.0250000000000004,0.08333333333333333,10.533333333333335,9.307896995544432,3.4031071683628116,5.212564810495488,0.23076880473451433,0.375,0.25,1.0848950288436976,0.06770833333333333,amyAMP,seq_epochs_()_num_134
9,-0.24189638780869938,0.0,0.02687737642318882,0.7777777777777778,0.3333333333333333,0.0,0.0,0.2222222222222222,1.0222222222222224,0.3333333333333333,8.88888888888889,5.523579216003417,2.725480556997868,0.3110092415993028,0.4285708775517288,0.6666666666666666,0.1111111111111111,0.38512786078345124,0.0,amyAMP,seq_epochs_()_num_135
26,6.928445984804471,0.2692307692307692,0.2664786917232489,0.38461538461538464,0.15384615384615385,0.2692307692307692,0.0,0.2692307692307692,-0.3307692307692307,0.07692307692307693,3.8230769230769233,11.433484077453613,3.199687794731328,18.01391272431854,0.399998960002704,0.2692307692307692,0.34615384615384615,1.5607756325060718,0.10355029585798817,amyAMP,seq_epochs_()_num_136
13,1.6736940631515167,0.15384615384615385,0.12874569716550127,0.3076923076923077,0.15384615384615385,0.15384615384615385,0.0,0.3076923076923077,-0.43846153846153857,0.0,-8.9,11.0003210067749,3.0269868333592873,5.439488026906342,0.49999837500528127,0.3076923076923077,0.15384615384615385,1.4180713500092568,0.04733727810650888,amyAMP,seq_epochs_()_num_137
10,-0.20512441314491403,0.0,0.020512441314491404,0.6,0.1,0.0,0.0,0.4,0.52,0.1,9.0,5.5691640853881825,2.4464393446710155,0.3418734521191032,0.16666638888935187,0.5,0.0,0.9619785869075826,0.0,amyAMP,seq_epochs_()_num_138
10,0.7590926132903006,0.1,0.07590926132903006,0.5,0.1,0.1,0.0,0.2,0.7400000000000002,0.1,19.770000000000003,8.747602272033692,2.8464393446710154,1.5181821902162207,0.1999996000008,0.5,0.1,0.8448627704739504,0.05,amyAMP,seq_epochs_()_num_139
14,-0.23989838581069733,0.0,0.01713559898647838,0.42857142857142855,0.07142857142857142,0.0,0.0,0.21428571428571427,1.1428571428571428,0.07142857142857142,41.364285714285714,5.525000190734862,3.039148671903071,0.5597615941145743,0.1666662777786852,0.2857142857142857,0.07142857142857142,0.26753536464002836,0.0,amyAMP,seq_epochs_()_num_140
15,1.4482474671205874,0.13333333333333333,0.09654983114137249,0.3333333333333333,0.13333333333333333,0.13333333333333333,0.0,0.3333333333333333,0.18,0.13333333333333333,35.846666666666664,9.304673576354979,3.189898095464287,4.344729367173661,0.39999880000360005,0.13333333333333333,0.3333333333333333,0.7116937337369903,0.04444444444444444,amyAMP,seq_epochs_()_num_141
9,2.933420989999472,0.3333333333333333,0.3259356655554969,0.4444444444444444,0.5555555555555556,0.3333333333333333,0.0,0.0,-2.0555555555555554,0.3333333333333333,129.98888888888888,11.711342811584473,2.197159723424149,6.600182377088465,1.2499971875063283,0.2222222222222222,0.5555555555555556,1.5175916923592356,0.14814814814814814,amyAMP,seq_epochs_()_num_142
16,4.754097608295297,0.3125,0.29713110051845604,0.625,0.375,0.3125,0.0,0.0,-0.60625,0.375,-18.912499999999998,10.295230293273924,2.75,7.60654400280207,0.5999990400015359,0.3125,0.5625,0.8224622085629644,0.1953125,amyAMP,seq_epochs_()_num_143
15,3.8442687995468865,0.26666666666666666,0.2562845866364591,0.3333333333333333,0.06666666666666667,0.26666666666666666,0.0,0.2,-0.37999999999999995,0.0,16.74666666666667,11.263867759704592,3.32323142879762,11.53277180032526,0.19999940000180003,0.26666666666666666,0.26666666666666666,1.4385996436992128,0.08888888888888888,amyAMP,seq_epochs_()_num_144
26,6.754087608395295,0.2692307692307692,0.25977260032289595,0.4230769230769231,0.11538461538461539,0.2692307692307692,0.0,0.23076923076923078,-0.17307692307692316,0.11538461538461539,20.0,11.263738822937015,3.4266160458809476,15.964169340897712,0.27272662810069725,0.2692307692307692,0.34615384615384615,1.2210177764724062,0.11390532544378698,amyAMP,seq_epochs_()_num_145
13,1.8363658114458783,0.15384615384615385,0.14125890857275986,0.3076923076923077,0.15384615384615385,0.15384615384615385,0.0,0.15384615384615385,0.5538461538461539,0.07692307692307693,-7.146153846153843,9.508071327209475,3.546593564294939,5.96816949064826,0.49999837500528127,0.3076923076923077,0.3076923076923077,0.8906891249657659,0.04733727810650888,amyAMP,seq_epochs_()_num_146
23,0.9225509986014648,0.043478260869565216,0.040110912982672386,0.4782608695652174,0.17391304347826086,0.043478260869565216,0.0,0.30434782608695654,0.5608695652173915,0.08695652173913043,20.447826086956518,8.214964485168458,3.501397825434103,1.9289662365100229,0.3636356033073749,0.30434782608695654,0.13043478260869565,0.5712352080020586,0.020793950850661626,amyAMP,seq_epochs_()_num_147
20,0.758103612191301,0.05,0.03790518060956505,0.4,0.15,0.05,0.0,0.3,0.2649999999999999,0.15000000000000002,-8.634999999999998,8.590879631042483,3.546439344671015,1.8952542923425215,0.3749990625023437,0.25,0.15,1.352904456124451,0.020000000000000004,amyAMP,seq_epochs_()_num_148
13,-0.23989838581069733,0.0,0.018453721985438258,0.6153846153846154,0.15384615384615385,0.0,0.0,0.15384615384615385,1.8153846153846152,0.15384615384615385,17.51538461538462,5.525000190734862,2.873140679513133,0.3898342434617375,0.24999959375066014,0.46153846153846156,0.15384615384615385,0.6327311545094498,0.0,amyAMP,seq_epochs_()_num_149
12,1.8462668015448882,0.16666666666666666,0.15385556679540735,0.6666666666666666,0.08333333333333333,0.16666666666666666,0.0,0.08333333333333333,1.1583333333333332,0.0,-1.7750000000000008,11.000836753845213,2.8553885422075336,2.76939604822326,0.12499981250028125,0.5,0.16666666666666666,1.4158916350115744,0.1111111111111111,amyAMP,seq_epochs_()_num_150
17,-0.2397766258698535,0.0,0.014104507404109028,0.29411764705882354,0.0,0.058823529411764705,0.058823529411764705,0.5294117647058824,0.01764705882352932,0.0,14.388235294117651,5.835682106018066,2.822181958642873,0.815237756149131,0.0,0.23529411764705882,0.058823529411764705,1.0272130783288125,0.03460207612456748,amyAMP,seq_epochs_()_num_151
7,-1.2387776248708526,-0.14285714285714285,0.17696823212440752,0.5714285714285714,0.0,0.0,0.14285714285714285,0.14285714285714285,1.0857142857142856,0.0,-27.814285714285713,4.0500284194946286,2.5216406363433186,2.167857049774155,0.0,0.42857142857142855,0.0,0.2944207741114967,0.08163265306122448,amyAMP,seq_epochs_()_num_152
10,2.73198038805715,0.3,0.273198038805715,0.5,0.0,0.3,0.0,0.0,1.1300000000000001,0.0,-2.37,11.166198158264159,2.2464393446710154,5.463949848214603,0.0,0.5,0.3,1.547297402867494,0.15,amyAMP,seq_epochs_()_num_153
12,2.7590826133903,0.25,0.22992355111585835,0.5,0.08333333333333333,0.25,0.0,0.16666666666666666,0.4583333333333333,0.08333333333333333,-12.058333333333334,11.999967765808105,3.084962500721156,5.518154190472219,0.16666633333399997,0.4166666666666667,0.3333333333333333,1.4367123346595252,0.125,amyAMP,seq_epochs_()_num_154
24,7.754067608595292,0.3333333333333333,0.3230861503581372,0.3333333333333333,0.16666666666666666,0.3333333333333333,0.0,0.20833333333333334,-1.0125,0.16666666666666666,84.02083333333334,11.603680610656738,3.220175521464345,23.26213303938676,0.4999985000045,0.20833333333333334,0.4166666666666667,1.6984434475296757,0.1111111111111111,amyAMP,seq_epochs_()_num_155
9,1.731990387957151,0.2222222222222222,0.19244337643968346,0.5555555555555556,0.1111111111111111,0.2222222222222222,0.0,0.1111111111111111,1.088888888888889,0.1111111111111111,41.91111111111111,10.002350425720216,2.5032583347756456,3.1175770866841153,0.19999964000064796,0.4444444444444444,0.3333333333333333,0.6957234313273458,0.12345679012345678,amyAMP,seq_epochs_()_num_157
13,0.7592243731311454,0.07692307692307693,0.05840187485624196,0.38461538461538464,0.0,0.15384615384615385,0.07692307692307693,0.23076923076923078,0.3153846153846154,0.0,25.800000000000008,8.59094409942627,2.873140679513133,1.9739782377975599,0.0,0.38461538461538464,0.15384615384615385,1.0529180304135666,0.08875739644970415,amyAMP,seq_epochs_()_num_158
10,2.757094611292299,0.3,0.2757094611292299,0.6,0.1,0.3,0.0,0.1,0.41000000000000003,0.1,17.080000000000002,10.289686012268067,2.721928094887362,4.595150026903787,0.16666638888935187,0.5,0.3,1.2902664144261533,0.18,amyAMP,seq_epochs_()_num_159
7,-0.23989838581069733,0.0,0.03427119797295676,0.5714285714285714,0.0,0.0,0.0,0.2857142857142857,2.2142857142857144,0.0,8.571428571428571,5.525000190734862,1.3787834934861753,0.4198214404811995,0.0,0.5714285714285714,0.0,0.24539278950561455,0.0,amyAMP,seq_epochs_()_num_160
23,1.845277800445888,0.08695652173913043,0.08022946958460384,0.4782608695652174,0.043478260869565216,0.08695652173913043,0.0,0.17391304347826086,1.3695652173913049,0.0,8.630434782608694,10.002801704406739,3.114589262293244,3.858300060850366,0.09090890082684372,0.43478260869565216,0.08695652173913043,0.9894838097341059,0.04158790170132325,amyAMP,seq_epochs_()_num_161
13,-0.09166323353567374,0.0,0.007051017964282595,0.3076923076923077,0.23076923076923078,0.0,0.0,0.3076923076923077,0.46153846153846134,0.07692307692307693,120.8923076923077,6.8896474838256845,3.0269868333592873,0.29790454080118206,0.7499975625079219,0.3076923076923077,0.07692307692307693,1.2179627770802115,0.0,amyAMP,seq_epochs_()_num_162
17,3.585510873997928,0.23529411764705882,0.2109124043528193,0.5294117647058824,0.17647058823529413,0.23529411764705882,0.0,0.058823529411764705,0.5529411764705882,0.11764705882352941,0.7647058823529427,11.999967765808105,3.4992275471326932,6.772618858160465,0.333332703704893,0.4117647058823529,0.35294117647058826,0.8726945415373812,0.1245674740484429,amyAMP,seq_epochs_()_num_163
20,7.104772363511644,0.35,0.3552386181755822,0.25,0.2,0.35,0.0,0.1,-1.0999999999999999,0.0,138.575,11.999967765808105,2.8464393446710154,28.41897577814347,0.7999968000128,0.2,0.35,1.1516618401442271,0.0875,amyAMP,seq_epochs_()_num_164
27,0.4630586813316513,0.037037037037037035,0.0171503215308019,0.3333333333333333,0.0,0.1111111111111111,0.07407407407407407,0.37037037037037035,-0.2555555555555556,0.0,33.79259259259259,8.46162052154541,3.633974075997158,1.3891718764793246,0.0,0.2222222222222222,0.1111111111111111,1.7786599879776455,0.06172839506172839,amyAMP,seq_epochs_()_num_165
16,0.7592243731311454,0.0625,0.04745152332069659,0.5,0.0625,0.125,0.0625,0.1875,0.7937499999999997,0.0625,18.5125,8.59094409942627,2.6556390622295662,1.518445709370872,0.1249997500005,0.4375,0.1875,0.39113699888561526,0.09375,amyAMP,seq_epochs_()_num_166
23,7.756065610593295,0.34782608695652173,0.33722024393883887,0.34782608695652173,0.13043478260869565,0.34782608695652173,0.0,0.13043478260869565,-0.5217391304347826,0.13043478260869565,30.06521739130435,11.999967765808105,3.393127173448318,22.298624521910224,0.37499892187809963,0.2608695652173913,0.4782608695652174,1.5697456286270273,0.12098298676748581,amyAMP,seq_epochs_()_num_167
18,1.845277800445888,0.1111111111111111,0.1025154333581049,0.3333333333333333,0.05555555555555555,0.1111111111111111,0.0,0.3333333333333333,0.1333333333333333,0.0,23.033333333333335,10.002801704406739,3.197159723424149,5.5358167938872835,0.16666616666816667,0.16666666666666666,0.1111111111111111,1.1355368452345844,0.037037037037037035,amyAMP,seq_epochs_()_num_168
12,3.758083612391299,0.3333333333333333,0.3131736343659416,0.6666666666666666,0.0,0.3333333333333333,0.0,0.0,1.4083333333333332,0.0,1.591666666666669,11.999967765808105,2.292481250360578,5.637116962911504,0.0,0.6666666666666666,0.3333333333333333,0.5749235503107709,0.2222222222222222,amyAMP,seq_epochs_()_num_169
24,3.73630362999528,0.16666666666666666,0.15567931791647,0.4583333333333333,0.08333333333333333,0.16666666666666666,0.0,0.16666666666666666,0.9874999999999999,0.08333333333333333,31.337500000000006,9.70128307342529,3.4387218755408675,8.151917406715361,0.18181778512483246,0.3333333333333333,0.3333333333333333,1.4798112686275948,0.07638888888888888,amyAMP,seq_epochs_()_num_170
15,2.73099138695815,0.2,0.18206609246387667,0.6,0.3333333333333333,0.2,0.0,0.13333333333333333,0.4799999999999999,0.33333333333333337,-24.580000000000002,10.301935005187985,3.00623892865339,4.551644725522374,0.5555546296311727,0.4666666666666667,0.5333333333333333,1.1104506296172523,0.12,amyAMP,seq_epochs_()_num_171
10,2.7580936122913,0.3,0.27580936122913,0.5,0.0,0.3,0.0,0.1,1.0,0.0,20.720000000000002,11.16626262664795,2.4464393446710155,5.5161761922302155,0.0,0.5,0.3,2.23492628193245,0.15,amyAMP,seq_epochs_()_num_172
6,-0.23989838581069733,0.0,0.03998306430178289,0.6666666666666666,0.0,0.0,0.0,0.3333333333333333,1.95,0.0,8.333333333333334,5.525000190734862,1.9182958340544893,0.3598470389454876,0.0,0.6666666666666666,0.0,1.1798069521936398,0.0,amyAMP,seq_epochs_()_num_173
11,2.4973576845443426,0.2727272727272727,0.22703251677675843,0.36363636363636365,0.0,0.2727272727272727,0.0,0.0,1.1727272727272726,0.0,100.07272727272728,10.301354789733885,2.1180782093497093,6.86771474628139,0.0,0.36363636363636365,0.2727272727272727,0.3246022882862739,0.09917355371900825,amyAMP,seq_epochs_()_num_174
12,-0.5006443134576561,0.0,0.04172035945480468,0.6666666666666666,0.08333333333333333,0.0,0.0,0.08333333333333333,2.5416666666666665,0.08333333333333333,48.475,5.274794960021972,2.688721875540867,0.7509653437384686,0.12499981250028125,0.5833333333333334,0.0,0.28435639276291347,0.0,amyAMP,seq_epochs_()_num_175
27,2.834367809447876,0.1111111111111111,0.10497658553510653,0.3333333333333333,0.14814814814814814,0.1111111111111111,0.0,0.2222222222222222,0.28148148148148155,0.1111111111111111,45.529629629629625,9.787090492248534,3.633974075997158,8.503077919109872,0.44444311111511114,0.2222222222222222,0.2222222222222222,0.6704038308080448,0.037037037037037035,amyAMP,seq_epochs_()_num_176
15,1.7500040831664991,0.13333333333333336,0.11666693887776661,0.5333333333333333,0.06666666666666667,0.2,0.06666666666666667,0.2,0.58,0.06666666666666667,49.60666666666667,9.196044349670409,3.323231428797621,3.2812515035906165,0.12499976562543945,0.4666666666666667,0.26666666666666666,0.9048067646764583,0.14222222222222222,amyAMP,seq_epochs_()_num_177
12,-0.45255759258697026,0.0,0.037713132715580855,0.4166666666666667,0.08333333333333333,0.08333333333333333,0.08333333333333333,0.16666666666666666,0.6583333333333331,0.0,-12.058333333333334,6.460569953918457,3.084962500721156,1.0861356154832515,0.19999952000115198,0.4166666666666667,0.08333333333333333,0.9227076611530574,0.06944444444444445,amyAMP,seq_epochs_()_num_178
25,0.8442787994468868,0.04,0.033771151977875474,0.36,0.16,0.04,0.0,0.2,0.21199999999999997,0.12,14.484000000000002,8.504878807067872,3.3336606896881853,2.34521237287365,0.4444432098799726,0.16,0.08,0.5943706299167161,0.0144,amyAMP,seq_epochs_()_num_179
14,1.759092613290301,0.14285714285714285,0.12564947237787866,0.5,0.0,0.14285714285714285,0.0,0.14285714285714285,1.0142857142857145,0.0,8.85714285714286,11.000836753845213,3.039148671903071,3.5181781902242215,0.0,0.35714285714285715,0.14285714285714285,0.8063308759139367,0.07142857142857142,amyAMP,seq_epochs_()_num_180
15,2.7590826133903,0.2,0.18393884089268667,0.4666666666666667,0.2,0.2,0.0,0.2,-0.20000000000000018,0.2,37.513333333333335,11.999967765808105,3.240223928941852,5.9123072166066075,0.4285705102060496,0.26666666666666666,0.4,0.6912421303436186,0.09333333333333334,amyAMP,seq_epochs_()_num_181
15,1.4983566855433432,0.13333333333333333,0.09989044570288955,0.26666666666666666,0.0,0.13333333333333333,0.0,0.4,-0.22000000000000006,0.0,44.519999999999996,10.000867652893067,2.923231428797621,5.618816500225662,0.0,0.13333333333333333,0.13333333333333333,1.0053126691674723,0.035555555555555556,amyAMP,seq_epochs_()_num_182
20,3.9324319889004733,0.2,0.19662159944502366,0.5,0.15,0.2,0.0,0.1,0.7300000000000001,0.05,76.015,11.999967765808105,3.2841837197791888,7.86484824810445,0.29999940000119996,0.4,0.25,1.919384547668691,0.1,amyAMP,seq_epochs_()_num_183
10,2.7571046111923003,0.3,0.27571046111923003,0.4,0.0,0.3,0.0,0.0,0.8100000000000002,0.0,27.35,10.302063941955566,2.1709505944546685,6.892744296120011,0.0,0.4,0.3,1.1253152615014663,0.12,amyAMP,seq_epochs_()_num_184
15,3.843279798447887,0.26666666666666666,0.2562186532298591,0.26666666666666666,0.13333333333333333,0.26666666666666666,0.0,0.06666666666666667,-0.28666666666666674,0.06666666666666667,3.333333333333335,10.477740287780762,2.9232314287976204,14.412245198260084,0.4999981250070313,0.2,0.3333333333333333,0.40435868862170743,0.07111111111111111,amyAMP,seq_epochs_()_num_185
25,2.5433246434761827,0.12,0.10173298573904731,0.32,0.12,0.12,0.0,0.32,-0.15600000000000006,0.08,22.712,10.00041637420654,3.483074189428569,7.947864673785966,0.3749988281286621,0.24,0.16,1.260634749066824,0.0384,amyAMP,seq_epochs_()_num_186
18,6.754097608295297,0.3888888888888889,0.37522764490529426,0.3888888888888889,0.0,0.3888888888888889,0.0,0.05555555555555555,0.13333333333333341,0.0,-5.544444444444448,11.433484077453613,2.6688388898504307,17.367634904555295,0.0,0.3888888888888889,0.3888888888888889,0.7109695552931871,0.15123456790123457,amyAMP,seq_epochs_()_num_187
25,6.7586895315427125,0.27999999999999997,0.2703475812617085,0.32,0.12,0.36,0.08,0.12,-1.5559999999999994,0.12,26.764,10.6902925491333,3.2692750707107128,21.12083878344978,0.3749988281286621,0.2,0.4,1.329618147816508,0.1408,amyAMP,seq_epochs_()_num_188
8,-0.539853540782401,0.0,0.06748169259780012,0.25,0.0,0.0,0.0,0.625,0.42499999999999993,0.0,87.75,5.240009498596191,2.1556390622295662,2.159405525507502,0.0,0.25,0.0,0.38189367809602,0.0,amyAMP,seq_epochs_()_num_189
8,1.8353768103468782,0.25,0.22942210129335977,0.25,0.125,0.25,0.0,0.375,-0.16249999999999998,0.0,28.275000000000002,9.314472770690916,2.75,7.341477875476012,0.49999800000800004,0.25,0.375,1.4628762955193457,0.0625,amyAMP,seq_epochs_()_num_190
13,-0.24077562686885456,0.0,0.018521202066834965,0.3076923076923077,0.15384615384615385,0.07692307692307693,0.07692307692307693,0.46153846153846156,-0.7692307692307693,0.15384615384615385,48.47692307692307,5.834943199157714,3.1808329872054406,0.7825182441394839,0.49999837500528127,0.23076923076923078,0.15384615384615385,0.5841193611857947,0.04733727810650888,amyAMP,seq_epochs_()_num_191
19,4.756095610293298,0.2631578947368421,0.2503208215943841,0.47368421052631576,0.05263157894736842,0.2631578947368421,0.0,0.10526315789473684,0.23157894736842108,0.05263157894736842,10.673684210526316,11.33375148773193,3.1158340921632197,10.04062509152177,0.11111087654370508,0.3157894736842105,0.3157894736842105,1.869425419574077,0.12465373961218836,amyAMP,seq_epochs_()_num_192
25,3.930453986702474,0.16,0.15721815946809894,0.4,0.12,0.16,0.0,0.12,0.29599999999999993,0.04,27.012,10.477740287780762,3.4136606896881854,9.82611040148018,0.299999250001875,0.24,0.2,1.5506928457730462,0.064,amyAMP,seq_epochs_()_num_193
14,-0.23808692483648786,0.0,0.01700620891689199,0.35714285714285715,0.0,0.07142857142857142,0.07142857142857142,0.42857142857142855,0.3499999999999999,0.0,48.364285714285714,6.0014245986938475,2.9852281360342516,0.6666415229459017,0.0,0.2857142857142857,0.07142857142857142,0.5540961693803257,0.05102040816326531,amyAMP,seq_epochs_()_num_195
17,4.749161623491288,0.29411764705882354,0.279362448440664,0.47058823529411764,0.11764705882352941,0.29411764705882354,0.0,0.17647058823529413,0.2941176470588233,0.11764705882352941,52.294117647058826,11.999967765808105,2.816307519224645,10.091947004531603,0.2499994687511289,0.47058823529411764,0.47058823529411764,1.713133822449541,0.1384083044982699,amyAMP,seq_epochs_()_num_196
16,7.393171589671619,0.5,0.4620732243544762,0.375,0.0625,0.5,0.0,0.0625,-0.8062499999999999,0.0625,95.04374999999999,11.999967765808105,2.5550365325772657,19.715071665599876,0.1666662222234074,0.3125,0.5625,1.4163205871155728,0.1875,amyAMP,seq_epochs_()_num_197
6,-0.4996453124586552,0.0,0.0832742187431092,0.5,0.0,0.0,0.0,0.16666666666666666,2.15,0.0,-5.816666666666667,5.275022315979004,2.2516291673878226,0.9992886263400577,0.0,0.3333333333333333,0.0,0.7429296362674225,0.0,amyAMP,seq_epochs_()_num_198
16,4.758073612491297,0.3125,0.2973796007807061,0.5,0.0,0.3125,0.0,0.0625,0.6750000000000003,0.0,34.1875,11.999967765808105,2.7334585933443494,9.516128192726208,0.0,0.5,0.3125,1.024170122360404,0.15625,amyAMP,seq_epochs_()_num_199
12,-0.23989838581069733,0.0,0.019991532150891445,0.75,0.08333333333333333,0.0,0.0,0.08333333333333333,2.816666666666667,0.08333333333333333,-4.983333333333334,5.525000190734862,2.4182958340544896,0.31986408792881255,0.11111096296316049,0.75,0.08333333333333333,0.05314183049827029,0.0,amyAMP,seq_epochs_()_num_200
17,3.8442687995468865,0.23529411764705882,0.22613345879687569,0.35294117647058826,0.11764705882352941,0.23529411764705882,0.0,0.29411764705882354,-0.47058823529411775,0.058823529411764705,66.36470588235294,11.263867759704592,3.1751231351134614,10.89206407120131,0.3333323888915648,0.29411764705882354,0.29411764705882354,1.5136300366280075,0.08304498269896195,amyAMP,seq_epochs_()_num_201
11,1.758103612191301,0.18181818181818182,0.15982760110830008,0.45454545454545453,0.0,0.18181818181818182,0.0,0.18181818181818182,1.1545454545454545,0.0,-29.5,10.002737236022949,2.481714572986073,3.8678194376181,0.0,0.45454545454545453,0.18181818181818182,0.6649105180710795,0.08264462809917356,amyAMP,seq_epochs_()_num_202
24,8.926437982906469,0.375,0.37193491595443623,0.4166666666666667,0.16666666666666666,0.375,0.0,0.08333333333333333,-0.6083333333333334,0.08333333333333333,46.1,11.333687019348144,3.2346970025308774,21.423399742816144,0.39999904000230396,0.3333333333333333,0.4166666666666667,1.0447927003907065,0.15625,amyAMP,seq_epochs_()_num_203
14,1.7582253721321448,0.14285714285714285,0.1255875265808675,0.42857142857142855,0.07142857142857142,0.21428571428571427,0.07142857142857142,0.14285714285714285,0.55,0.07142857142857142,-15.635714285714284,9.703023719787598,3.039148671903071,4.1025162957703145,0.1666662777786852,0.35714285714285715,0.2857142857142857,0.6795885759574316,0.12244897959183672,amyAMP,seq_epochs_()_num_205
27,5.817146574413734,0.2222222222222222,0.21544987312643457,0.25925925925925924,0.18518518518518517,0.2222222222222222,0.0,0.37037037037037035,-1.2851851851851852,0.14814814814814814,90.91111111111111,11.999967765808105,3.1858309104375326,22.437478813891836,0.7142829591943003,0.1111111111111111,0.37037037037037035,0.9064925296799078,0.05761316872427983,amyAMP,seq_epochs_()_num_206
15,0.7948655869550849,0.06666666666666667,0.05299103913033899,0.4666666666666667,0.06666666666666667,0.06666666666666667,0.0,0.13333333333333333,1.1733333333333333,0.06666666666666667,86.90666666666667,8.792601203918458,2.4662478973127313,1.703279750732859,0.14285683673534985,0.2,0.06666666666666667,0.5492608661363186,0.03111111111111111,amyAMP,seq_epochs_()_num_207
12,1.7339683901551504,0.16666666666666666,0.14449736584626252,0.5833333333333334,0.0,0.16666666666666666,0.0,0.25,1.1166666666666665,0.0,56.900000000000006,11.999967765808105,2.5220552088742005,2.972512144530867,0.0,0.4166666666666667,0.16666666666666666,1.376625482907391,0.09722222222222222,amyAMP,seq_epochs_()_num_208
20,0.9334509896994757,0.05,0.046672549484973784,0.5,0.2,0.05,0.0,0.1,1.1899999999999997,0.1,42.24,8.76417064666748,3.321928094887362,1.86689824560246,0.3999992000016,0.4,0.15,1.0128831380388794,0.025,amyAMP,seq_epochs_()_num_209
25,3.7560956102932983,0.16,0.15024382441173192,0.32,0.08,0.16,0.0,0.32,-0.14,0.08,54.024,10.461623191833493,3.5630741894285696,11.73776210165999,0.2499992187524414,0.28,0.2,1.1785737742436273,0.0512,amyAMP,seq_epochs_()_num_210
17,2.845267800545887,0.17647058823529413,0.16736869414975808,0.5294117647058824,0.11764705882352941,0.17647058823529413,0.0,0.17647058823529413,1.0529411764705883,0.058823529411764705,23.576470588235296,11.16626262664795,3.2927701939369904,5.37438458274913,0.22222180246992865,0.47058823529411764,0.23529411764705882,0.7795767307681558,0.09342560553633218,amyAMP,seq_epochs_()_num_211
21,5.738241632593275,0.2857142857142857,0.27324960155206074,0.47619047619047616,0.23809523809523808,0.2857142857142857,0.0,0.14285714285714285,-0.5095238095238096,0.23809523809523808,72.93333333333334,11.348708152770996,2.9151959937952423,12.050282122853421,0.499998950002205,0.2857142857142857,0.5238095238095238,1.5911013267905447,0.13605442176870747,amyAMP,seq_epochs_()_num_212
10,0.39719759336762717,0.1,0.039719759336762715,0.5,0.1,0.1,0.0,0.2,0.8899999999999999,0.1,-23.009999999999998,8.410110282897953,2.9219280948873623,0.7943935979480584,0.1999996000008,0.3,0.2,1.0082205504893336,0.05,amyAMP,seq_epochs_()_num_213
18,1.8353768103468782,0.1111111111111111,0.10196537835260434,0.5,0.05555555555555555,0.1111111111111111,0.0,0.2777777777777778,1.388888888888889,0.0,55.92777777777777,9.314472770690916,2.94770277922009,3.6707462792011976,0.11111088888933332,0.4444444444444444,0.16666666666666666,1.3303457159565817,0.05555555555555555,amyAMP,seq_epochs_()_num_214
27,9.924439980908465,0.37037037037037035,0.367571851144758,0.4074074074074074,0.25925925925925924,0.37037037037037035,0.0,0.1111111111111111,-1.2666666666666666,0.18518518518518517,64.63703703703703,10.889113044738767,3.2454472243055625,24.359929251494435,0.6363620743839993,0.2962962962962963,0.48148148148148145,1.3850238871525944,0.15089163237311384,amyAMP,seq_epochs_()_num_215
19,3.444241463224583,0.21052631578947367,0.18127586648550437,0.42105263157894735,0.15789473684210525,0.21052631578947367,0.0,0.2631578947368421,-0.2684210526315789,0.15789473684210525,7.815789473684212,9.746346473693848,3.43162356584743,8.180054047530023,0.3749991093771153,0.3157894736842105,0.2631578947368421,0.6375349119548116,0.08864265927977838,amyAMP,seq_epochs_()_num_216
17,5.586479875296925,0.35294117647058826,0.32861646325276034,0.17647058823529413,0.11764705882352941,0.35294117647058826,0.0,0.058823529411764705,-0.6117647058823532,0.058823529411764705,92.79411764705884,11.999967765808105,2.7216227854342443,31.656539906289773,0.6666628889102961,0.17647058823529413,0.4117647058823529,1.78846344527705,0.062283737024221464,amyAMP,seq_epochs_()_num_217
21,1.7284006418942712,0.09523809523809523,0.08230479247115577,0.47619047619047616,0.047619047619047616,0.09523809523809523,0.0,0.38095238095238093,1.6047619047619048,0.047619047619047616,13.685714285714285,8.679717063903809,3.1416192081839784,3.629633725747146,0.099999790000441,0.47619047619047616,0.2857142857142857,0.7477016644467539,0.04535147392290249,amyAMP,seq_epochs_()_num_218
13,5.758063612591297,0.46153846153846156,0.4429279701993305,0.5384615384615384,0.3076923076923077,0.46153846153846156,0.0,0.0,-0.7615384615384617,0.3076923076923077,128.31538461538463,11.999967765808105,2.4696704873718613,10.693526849691116,0.5714275102060525,0.38461538461538464,0.7692307692307693,0.8797676930878033,0.2485207100591716,amyAMP,seq_epochs_()_num_219
9,-0.5006443134576561,0.0,0.055627145939739574,0.6666666666666666,0.2222222222222222,0.0,0.0,0.2222222222222222,1.2000000000000002,0.2222222222222222,8.88888888888889,5.274794960021972,2.9477027792200903,0.7509653437384686,0.3333328333340833,0.4444444444444444,0.1111111111111111,0.36932629475977036,0.0,amyAMP,seq_epochs_()_num_220
18,1.845277800445888,0.1111111111111111,0.1025154333581049,0.5,0.05555555555555555,0.1111111111111111,0.0,0.2222222222222222,0.5166666666666667,0.0,4.500000000000002,10.002801704406739,3.0385623360756298,3.6905482197953363,0.11111088888933332,0.2222222222222222,0.1111111111111111,0.6121544554024104,0.05555555555555555,amyAMP,seq_epochs_()_num_221
10,2.7590826133903,0.3,0.27590826133903,0.6,0.5,0.3,0.0,0.0,-1.1700000000000002,0.5,183.26000000000002,11.999967765808105,1.9609640474436814,4.5984633582115695,0.8333319444467593,0.1,0.8,1.2318689528570725,0.18,amyAMP,seq_epochs_()_num_222
10,2.7580936122913,0.3,0.27580936122913,0.4,0.0,0.3,0.0,0.2,0.43999999999999984,0.0,71.63,11.16626262664795,2.9219280948873623,6.895216792686268,0.0,0.4,0.3,1.51094658766125,0.12,amyAMP,seq_epochs_()_num_223
20,0.5453226454741842,0.05,0.02726613227370921,0.5,0.15,0.05,0.0,0.25,0.74,0.1,14.774999999999999,8.334682273864747,3.246439344671015,1.090643109662149,0.29999940000119996,0.35,0.1,1.1309614576179625,0.025,amyAMP,seq_epochs_()_num_224
10,-0.15272419755611044,0.0,0.015272419755611045,0.5,0.2,0.0,0.0,0.1,1.64,0.1,0.5099999999999998,6.741127204895021,2.6464393446710153,0.3054477842166524,0.3999992000016,0.5,0.1,0.4707812616010797,0.0,amyAMP,seq_epochs_()_num_225
27,3.7570946112922994,0.14814814814814814,0.13915165227008516,0.48148148148148145,0.07407407407407407,0.14814814814814814,0.0,0.14814814814814814,0.18888888888888894,0.07407407407407407,6.455555555555557,11.263867759704592,3.278061465832832,7.8031802937710895,0.15384583432019028,0.2222222222222222,0.2222222222222222,1.036928127303403,0.07133058984910835,amyAMP,seq_epochs_()_num_226
7,-0.23989838581069733,0.0,0.03427119797295676,0.7142857142857143,0.0,0.0,0.0,0.14285714285714285,1.8428571428571432,0.0,-3.5571428571428574,5.525000190734862,2.1280852788913944,0.33585726993479836,0.0,0.2857142857142857,0.0,0.18532893090223235,0.0,amyAMP,seq_epochs_()_num_227
24,7.7491126032002935,0.3333333333333333,0.32287969180001225,0.2916666666666667,0.125,0.3333333333333333,0.0,0.20833333333333334,-1.1208333333333333,0.125,35.41666666666667,10.243333244323729,3.0220552088742005,26.56829497681823,0.4285699591887114,0.2916666666666667,0.3333333333333333,1.0998297969063418,0.09722222222222222,amyAMP,seq_epochs_()_num_228
12,1.7580836123912986,0.16666666666666666,0.14650696769927488,0.5,0.4166666666666667,0.16666666666666666,0.0,0.16666666666666666,-0.5666666666666668,0.41666666666666663,146.49166666666667,9.98616886138916,2.9182958340544896,3.516160192462212,0.83333166667,0.3333333333333333,0.4166666666666667,1.0457821510789398,0.08333333333333333,amyAMP,seq_epochs_()_num_230
19,1.046497161519837,0.05263157894736842,0.05507879797472827,0.42105263157894735,0.15789473684210525,0.05263157894736842,0.0,0.2631578947368421,0.31052631578947354,0.0,76.41052631578945,8.288136100769044,3.176110251517254,2.485424855725581,0.3749991093771153,0.15789473684210525,0.10526315789473684,1.0298803077116543,0.022160664819944595,amyAMP,seq_epochs_()_num_232
23,6.843371558688725,0.30434782608695654,0.2975378938560315,0.34782608695652173,0.043478260869565216,0.34782608695652173,0.043478260869565216,0.17391304347826086,-1.1217391304347823,0.0,21.72173913043478,11.754278755187986,3.203365087509175,19.67463666664967,0.1249996406260332,0.17391304347826086,0.34782608695652173,1.1638750213722384,0.13610586011342155,amyAMP,seq_epochs_()_num_233
11,6.759042613790295,0.6363636363636364,0.6144584194354814,0.36363636363636365,0.18181818181818182,0.6363636363636364,0.0,0.0,-2.2181818181818183,0.18181818181818182,242.40909090909088,11.999967765808105,1.867633890971212,18.58731607280411,0.4999986250037813,0.18181818181818182,0.8181818181818182,1.8215243969748478,0.23140495867768596,amyAMP,seq_epochs_()_num_234
24,3.73630362999528,0.16666666666666666,0.15567931791647,0.5,0.125,0.16666666666666666,0.0,0.25,1.1916666666666667,0.125,31.675,9.70128307342529,3.209147917027245,7.4725923148059294,0.249999500001,0.375,0.375,1.1809425725462193,0.08333333333333333,amyAMP,seq_epochs_()_num_235
14,1.7592143732311445,0.14285714285714285,0.12565816951651032,0.5714285714285714,0.07142857142857142,0.21428571428571427,0.07142857142857142,0.0,1.1,0.07142857142857142,27.2,9.994291877746583,2.8962915290459277,3.078619765569913,0.1249997812503828,0.5714285714285714,0.2857142857142857,0.9044150655536949,0.16326530612244897,amyAMP,seq_epochs_()_num_236
18,3.848058262719095,0.22222222222222224,0.21378101459550528,0.3333333333333333,0.16666666666666666,0.2777777777777778,0.05555555555555555,0.1111111111111111,-0.2222222222222222,0.1111111111111111,79.82222222222222,11.723011589050294,3.30827083453526,11.54414015573682,0.4999985000045,0.3333333333333333,0.3888888888888889,1.0641573697366058,0.11111111111111112,amyAMP,seq_epochs_()_num_237
13,2.7571046111923003,0.23076923076923078,0.2120849700917154,0.6153846153846154,0.07692307692307693,0.23076923076923078,0.0,0.15384615384615385,1.0769230769230766,0.07692307692307693,37.19230769230769,10.302063941955566,2.6031579868726,4.480287712719955,0.12499979687533007,0.6153846153846154,0.3076923076923077,1.0728455167403712,0.14201183431952663,amyAMP,seq_epochs_()_num_238
17,2.7571046111923003,0.17647058823529413,0.16218262418778237,0.6470588235294118,0.17647058823529413,0.17647058823529413,0.0,0.11764705882352941,0.7588235294117648,0.1764705882352941,-0.5764705882352944,10.302063941955566,2.9842341646524884,4.260973268520321,0.2727268512403208,0.35294117647058826,0.35294117647058826,0.7917371618775725,0.11418685121107268,amyAMP,seq_epochs_()_num_239
14,1.759092613290301,0.14285714285714285,0.12564947237787866,0.7857142857142857,0.14285714285714285,0.14285714285714285,0.0,0.07142857142857142,1.942857142857143,0.14285714285714285,26.507142857142856,11.000836753845213,2.8423709931771093,2.238842294752008,0.18181795041351764,0.5714285714285714,0.2857142857142857,1.4712394325077098,0.11224489795918366,amyAMP,seq_epochs_()_num_240
25,2.729992385959149,0.12,0.10919969543836595,0.44,0.04,0.12,0.0,0.28,0.664,0.04,33.236000000000004,10.001189994812012,3.2430741894285693,6.204514048738864,0.09090888429799024,0.28,0.12,1.0734308604976397,0.0528,amyAMP,seq_epochs_()_num_241
16,5.543304643676181,0.375,0.3464565402297613,0.4375,0.0625,0.375,0.0,0.0625,0.13125000000000003,0.0,5.7125,11.999967765808105,2.827819531114783,12.670381653244636,0.14285681632727698,0.4375,0.375,1.2516331724775913,0.1640625,amyAMP,seq_epochs_()_num_242
10,-0.4996453124586552,0.0,0.049964531245865515,0.4,0.0,0.0,0.0,0.3,1.4999999999999998,0.0,69.32000000000001,5.275022315979004,2.721928094887362,1.249110158371242,0.0,0.3,0.0,0.6116846501825195,0.0,amyAMP,seq_epochs_()_num_243
13,3.482363779724212,0.3076923076923077,0.26787413690186246,0.38461538461538464,0.15384615384615385,0.3076923076923077,0.0,0.15384615384615385,-0.22307692307692306,0.07692307692307693,37.7,11.263674354553224,3.180832987205441,9.054122286565006,0.399998960002704,0.3076923076923077,0.38461538461538464,1.2141329334397417,0.1183431952662722,amyAMP,seq_epochs_()_num_244
15,3.760884074464508,0.26666666666666666,0.2507256049643005,0.13333333333333333,0.0,0.3333333333333333,0.06666666666666667,0.26666666666666666,-1.46,0.0,58.69333333333333,11.723011589050294,2.8729055953200566,28.206419010341232,0.0,0.13333333333333333,0.3333333333333333,1.0552543380234736,0.05333333333333333,amyAMP,seq_epochs_()_num_245
24,2.7363036299952794,0.125,0.11401265124980331,0.5833333333333334,0.125,0.125,0.0,0.16666666666666666,1.2458333333333336,0.125,17.833333333333332,9.307703590393068,3.4072682296173893,4.690798181480739,0.21428534693940524,0.4583333333333333,0.2916666666666667,1.3190354541906397,0.07291666666666667,amyAMP,seq_epochs_()_num_246
14,2.7599050732655095,0.21428571428571427,0.19713607666182212,0.5714285714285714,0.07142857142857142,0.2857142857142857,0.07142857142857142,0.07142857142857142,0.4571428571428572,0.07142857142857142,17.807142857142853,10.289686012268067,2.8962915290459286,4.829825426020146,0.1249997812503828,0.42857142857142855,0.35714285714285715,0.8833026373197583,0.20408163265306117,amyAMP,seq_epochs_()_num_247
22,1.4581484572195973,0.09090909090909091,0.06627947532816351,0.45454545454545453,0.045454545454545456,0.09090909090909091,0.0,0.2727272727272727,0.5272727272727272,0.045454545454545456,28.899999999999995,10.000738716125486,3.334209459448049,3.2079195484601075,0.09999978000048401,0.22727272727272727,0.13636363636363635,0.43329944197113635,0.04132231404958678,amyAMP,seq_epochs_()_num_248
17,3.7570946112922994,0.23529411764705882,0.22100556537013527,0.35294117647058826,0.0,0.23529411764705882,0.0,0.29411764705882354,0.029411764705882353,0.0,3.5882352941176445,11.263867759704592,3.057476076289931,10.645071237626341,0.0,0.35294117647058826,0.23529411764705882,0.9093725296654356,0.08304498269896195,amyAMP,seq_epochs_()_num_249
20,0.7319903879571505,0.05,0.03659951939785753,0.4,0.1,0.05,0.0,0.35,0.7350000000000001,0.1,16.415,8.56148204803467,3.2841837197791888,1.829971394964389,0.24999937500156252,0.35,0.1,1.0091171039354274,0.020000000000000004,amyAMP,seq_epochs_()_num_250
17,5.756085610393297,0.35294117647058826,0.33859327119960575,0.5294117647058824,0.23529411764705882,0.35294117647058826,0.0,0.058823529411764705,-0.3705882352941176,0.23529411764705882,26.964705882352945,11.999967765808105,3.146286370662105,10.872585615858954,0.4444436049398573,0.29411764705882354,0.5882352941176471,0.712180177951491,0.18685121107266436,amyAMP,seq_epochs_()_num_251
26,6.842260797648883,0.2692307692307692,0.26316387683264936,0.34615384615384615,0.11538461538461539,0.2692307692307692,0.0,0.23076923076923078,-0.33846153846153854,0.07692307692307693,27.480769230769234,11.999967765808105,3.4745049881054295,19.766474090060516,0.33333237037315233,0.19230769230769232,0.34615384615384615,0.9239920349525551,0.09319526627218934,amyAMP,seq_epochs_()_num_252
14,1.969213963464259,0.14285714285714285,0.14065814024744708,0.5714285714285714,0.21428571428571427,0.14285714285714285,0.0,0.14285714285714285,0.17142857142857146,0.07142857142857142,39.957142857142856,11.001094627380368,3.182005814760214,3.446118405355244,0.3749993437511484,0.2857142857142857,0.21428571428571427,0.7768893646050885,0.08163265306122448,amyAMP,seq_epochs_()_num_253
26,6.493361680548339,0.2692307692307692,0.24974468002108996,0.38461538461538464,0.07692307692307693,0.2692307692307692,0.0,0.15384615384615385,0.04230769230769232,0.07692307692307693,-3.430769230769231,10.778227424621583,3.011357142722106,16.882696474414846,0.199999480001352,0.23076923076923078,0.34615384615384615,1.1014235463241109,0.10355029585798817,amyAMP,seq_epochs_()_num_254
9,2.7590826133903,0.3333333333333333,0.30656473482114444,0.5555555555555556,0.1111111111111111,0.3333333333333333,0.0,0.0,0.19999999999999973,0.1111111111111111,72.53333333333333,11.999967765808105,2.5032583347756456,4.9663397646909635,0.19999964000064796,0.4444444444444444,0.4444444444444444,2.5201660210318066,0.18518518518518517,amyAMP,seq_epochs_()_num_255
16,0.7591026131903019,0.0625,0.04744391332439387,0.6875,0.125,0.0625,0.0,0.125,1.6125000000000003,0.125,-1.2375000000000003,8.750052070617677,2.875,1.1041476495165852,0.18181791735575656,0.4375,0.1875,0.7130030100053941,0.04296875,amyAMP,seq_epochs_()_num_256
13,0.7591026131903019,0.07692307692307693,0.0583925087069463,0.6153846153846154,0.07692307692307693,0.07692307692307693,0.0,0.15384615384615385,1.7461538461538464,0.07692307692307693,-3.8307692307692314,8.750052070617677,3.0269868333592873,1.2335397419321599,0.12499979687533007,0.5384615384615384,0.15384615384615385,1.1361186315211944,0.04733727810650888,amyAMP,seq_epochs_()_num_257
19,3.9672159614662577,0.21052631578947367,0.20880084007717145,0.5263157894736842,0.2631578947368421,0.21052631578947367,0.0,0.10526315789473684,0.34210526315789475,0.15789473684210525,58.363157894736844,11.26399669647217,3.366091329119192,7.53769600516348,0.49999905000180495,0.3684210526315789,0.3684210526315789,1.1954390836756454,0.11080332409972297,amyAMP,seq_epochs_()_num_259
27,0.46094891929280646,0.037037037037037035,0.017072182196029868,0.4074074074074074,0.07407407407407407,0.07407407407407407,0.037037037037037035,0.3333333333333333,0.27407407407407397,0.07407407407407407,15.225925925925925,8.309733009338384,3.4541684103574046,1.131417297512613,0.1818177355382855,0.2962962962962963,0.1111111111111111,1.8733399885318414,0.04526748971193415,amyAMP,seq_epochs_()_num_260
20,4.7570846113922975,0.25,0.23785423056961488,0.4,0.1,0.25,0.0,0.15,0.024999999999999988,0.1,33.095,11.999967765808105,3.384183719779189,11.892681796776252,0.24999937500156252,0.25,0.35,1.6058342400432033,0.1,amyAMP,seq_epochs_()_num_261
15,4.933410990099471,0.3333333333333333,0.3288940660066314,0.3333333333333333,0.26666666666666666,0.3333333333333333,0.0,0.13333333333333333,-1.2733333333333332,0.13333333333333333,118.94666666666666,11.999967765808105,2.973557262275185,14.800188569732706,0.7999976000072001,0.3333333333333333,0.4666666666666667,1.78182038417922,0.1111111111111111,amyAMP,seq_epochs_()_num_263
14,0.758103612191301,0.07142857142857142,0.054150258013664354,0.5714285714285714,0.21428571428571427,0.07142857142857142,0.0,0.21428571428571427,1.1285714285714286,0.21428571428571427,3.2214285714285715,8.590879631042483,2.692380602454975,1.3266789996465274,0.3749993437511484,0.5714285714285714,0.21428571428571427,0.5971806163842944,0.04081632653061224,amyAMP,seq_epochs_()_num_264
18,2.395199591369626,0.16666666666666666,0.13306664396497922,0.6111111111111112,0.05555555555555555,0.16666666666666666,0.0,0.1111111111111111,1.5555555555555556,0.05555555555555555,-8.338888888888889,10.301225852966304,3.155221528859512,3.919411099568497,0.09090894214900375,0.5,0.2222222222222222,1.2282169684584054,0.10185185185185186,amyAMP,seq_epochs_()_num_265
20,1.7938765858560854,0.1,0.08969382929280427,0.35,0.05,0.1,0.0,0.45,-0.47999999999999987,0.05,9.5,10.003317451477052,2.903701696057348,5.125347030025873,0.14285673469504376,0.05,0.15,1.340877064378994,0.034999999999999996,amyAMP,seq_epochs_()_num_266
22,3.0206051781540606,0.13636363636363635,0.13730023537063912,0.45454545454545453,0.3181818181818182,0.13636363636363635,0.0,0.13636363636363635,0.45,0.18181818181818182,24.586363636363636,11.999967765808105,3.152391277629867,6.645316772242035,0.6999984600033881,0.45454545454545453,0.3181818181818182,0.9033309759941034,0.06198347107438016,amyAMP,seq_epochs_()_num_267
13,0.7958645879540859,0.07692307692307693,0.06122035291954507,0.8461538461538461,0.07692307692307693,0.07692307692307693,0.0,0.07692307692307693,2.253846153846154,0.07692307692307693,24.04615384615385,9.79502010345459,2.5654483718208256,0.940566128731222,0.09090898347120135,0.5384615384615384,0.15384615384615385,0.9892005739897928,0.0650887573964497,amyAMP,seq_epochs_()_num_268
20,0.8353768103468779,0.05,0.0417688405173439,0.35,0.15,0.05,0.0,0.25,0.645,0.1,53.675000000000004,8.206390190124512,3.7841837197791883,2.386784067322316,0.42857020408513125,0.3,0.15,1.1819260657513366,0.017499999999999998,amyAMP,seq_epochs_()_num_269
14,2.7580936122913,0.21428571428571427,0.19700668659223572,0.42857142857142855,0.07142857142857142,0.21428571428571427,0.0,0.2857142857142857,-0.18571428571428575,0.07142857142857142,20.557142857142853,11.16626262664795,3.182005814760214,6.435536745760627,0.1666662777786852,0.2857142857142857,0.2857142857142857,0.8417898259770862,0.09183673469387754,amyAMP,seq_epochs_()_num_270
15,0.7582253721321444,0.06666666666666667,0.05054835814214296,0.5333333333333333,0.13333333333333333,0.13333333333333333,0.06666666666666667,0.2,0.7200000000000001,0.13333333333333333,6.239999999999999,8.49746494293213,3.1898980954642866,1.4216699071166947,0.2499995312508789,0.4666666666666667,0.2,0.58119048023609,0.10666666666666667,amyAMP,seq_epochs_()_num_271
13,1.759092613290301,0.15384615384615385,0.13531481640694623,0.46153846153846156,0.23076923076923078,0.15384615384615385,0.0,0.15384615384615385,0.523076923076923,0.23076923076923078,-5.276923076923077,11.000836753845213,3.0269868333592873,3.811359070850999,0.4999989166690139,0.38461538461538464,0.38461538461538464,0.10670904318727838,0.07100591715976332,amyAMP,seq_epochs_()_num_272
7,0.8462768014448888,0.14285714285714285,0.1208966859206984,0.5714285714285714,0.14285714285714285,0.14285714285714285,0.0,0.14285714285714285,1.0142857142857142,0.0,47.085714285714275,8.757208061218265,2.5216406363433186,1.4809818108103865,0.2499995625007656,0.42857142857142855,0.14285714285714285,0.5927847520269226,0.08163265306122448,amyAMP,seq_epochs_()_num_273
23,2.969037422340468,0.13043478260869565,0.12908858358002034,0.34782608695652173,0.17391304347826086,0.17391304347826086,0.043478260869565216,0.17391304347826086,-0.04347826086956532,0.08695652173913043,3.760869565217394,10.001770210266113,3.2946635862096043,8.535958048349457,0.4999985625041328,0.2608695652173913,0.2608695652173913,1.2636969879465776,0.07561436672967864,amyAMP,seq_epochs_()_num_274
23,7.754087608395295,0.34782608695652173,0.33713424384327373,0.391304347826087,0.08695652173913043,0.34782608695652173,0.0,0.21739130434782608,-0.6695652173913043,0.08695652173913043,40.78260869565219,11.999967765808105,3.207707064470474,19.81595102513536,0.22222165432243896,0.2608695652173913,0.43478260869565216,1.454321028090346,0.13610586011342155,amyAMP,seq_epochs_()_num_275
7,-1.2387776248708526,-0.14285714285714285,0.17696823212440752,0.42857142857142855,0.0,0.0,0.14285714285714285,0.14285714285714285,0.7714285714285715,0.0,14.071428571428571,4.0500284194946286,2.5216406363433186,2.890474380258436,0.0,0.2857142857142857,0.0,0.1409784579405368,0.06122448979591836,amyAMP,seq_epochs_()_num_276
20,2.7329693891561493,0.15,0.13664846945780745,0.35,0.15,0.15,0.0,0.25,0.5449999999999998,0.15,13.35,11.999967765808105,3.1709505944546685,7.808461659127116,0.42857020408513125,0.35,0.3,1.2174435631126417,0.0525,amyAMP,seq_epochs_()_num_277
14,1.758103612191301,0.14285714285714285,0.12557882944223578,0.5714285714285714,0.07142857142857142,0.14285714285714285,0.0,0.2857142857142857,0.9642857142857143,0.07142857142857142,3.5071428571428584,10.002737236022949,2.495602923729013,3.0766759371518866,0.1249997812503828,0.42857142857142855,0.21428571428571427,0.4709462717332741,0.08163265306122448,amyAMP,seq_epochs_()_num_278
16,2.7571046111923003,0.1875,0.17231903819951877,0.3125,0.0,0.1875,0.0,0.25,0.4937499999999999,0.0,0.46875000000000056,10.302063941955566,2.952819531114783,8.822706523154487,0.0,0.3125,0.1875,0.6029416477878095,0.05859375,amyAMP,seq_epochs_()_num_279
13,3.7590726134902988,0.3076923076923077,0.28915943180694603,0.46153846153846156,0.15384615384615385,0.3076923076923077,0.0,0.15384615384615385,-0.29999999999999993,0.15384615384615385,93.45384615384616,11.999967765808105,3.180832987205441,8.144639682509668,0.3333326111126759,0.3076923076923077,0.46153846153846156,1.521078931596856,0.14201183431952663,amyAMP,seq_epochs_()_num_280
6,-0.23989838581069733,0.0,0.03998306430178289,0.6666666666666666,0.0,0.0,0.0,0.3333333333333333,2.1166666666666667,0.0,121.75,5.525000190734862,2.2516291673878226,0.3598470389454876,0.0,0.6666666666666666,0.0,1.911878076075401,0.0,amyAMP,seq_epochs_()_num_281
14,2.7580936122913,0.21428571428571427,0.19700668659223572,0.5,0.0,0.21428571428571427,0.0,0.14285714285714285,0.6928571428571428,0.0,-2.1642857142857146,11.16626262664795,3.2359263506290326,5.5161761922302155,0.0,0.35714285714285715,0.21428571428571427,1.2591422310670455,0.10714285714285714,amyAMP,seq_epochs_()_num_282
18,5.755096609294297,0.3333333333333333,0.3197275894052387,0.3888888888888889,0.1111111111111111,0.3333333333333333,0.0,0.05555555555555555,-0.02222222222222212,0.1111111111111111,18.127777777777776,11.38842067718506,2.8855130303998817,14.79878179846071,0.2857135510222974,0.2777777777777778,0.4444444444444444,1.7306182371619163,0.12962962962962962,amyAMP,seq_epochs_()_num_283
6,-0.4996453124586552,0.0,0.0832742187431092,0.5,0.0,0.0,0.0,0.3333333333333333,1.1833333333333336,0.0,8.333333333333334,5.275022315979004,1.9182958340544893,0.9992886263400577,0.0,0.5,0.0,1.6343534229508354,0.0,amyAMP,seq_epochs_()_num_284
24,7.751100605298294,0.3333333333333333,0.32296252522076224,0.3333333333333333,0.16666666666666666,0.3333333333333333,0.0,0.16666666666666666,-1.2958333333333334,0.16666666666666666,17.841666666666665,10.535117149353027,3.266150648454355,23.253232056198716,0.4999985000045,0.16666666666666666,0.4166666666666667,1.1288636311829556,0.1111111111111111,amyAMP,seq_epochs_()_num_285
10,-0.15272419755611044,0.0,0.015272419755611045,0.5,0.1,0.0,0.0,0.2,1.7300000000000004,0.0,44.64,6.741127204895021,2.4464393446710155,0.3054477842166524,0.1999996000008,0.5,0.0,1.0121579396389884,0.0,amyAMP,seq_epochs_()_num_286
15,2.7590826133903,0.2,0.18393884089268667,0.26666666666666666,0.06666666666666667,0.2,0.0,0.26666666666666666,-0.3533333333333334,0.06666666666666667,101.08,11.999967765808105,3.506890595608518,10.346521000759873,0.24999906250351564,0.2,0.26666666666666666,0.8326070456000904,0.05333333333333334,amyAMP,seq_epochs_()_num_287
16,2.7472036210932904,0.1875,0.17170022631833065,0.5625,0.125,0.1875,0.0,0.1875,1.08125,0.125,-5.949999999999999,9.790184974670407,3.0306390622295662,4.883908866105643,0.22222182716119615,0.375,0.375,0.830154052071646,0.10546875,amyAMP,seq_epochs_()_num_288
22,3.8361792704220856,0.18181818181818182,0.1743717850191857,0.45454545454545453,0.13636363636363635,0.22727272727272727,0.045454545454545456,0.18181818181818182,-0.21818181818181823,0.09090909090909091,21.03181818181818,10.03348865509033,3.425118550357139,8.439575827861768,0.299999340001452,0.22727272727272727,0.36363636363636365,1.0467768167552358,0.12396694214876032,amyAMP,seq_epochs_()_num_289
19,4.818145575412735,0.2631578947368421,0.2535866092322492,0.5263157894736842,0.15789473684210525,0.2631578947368421,0.0,0.15789473684210525,0.40526315789473677,0.10526315789473684,20.81052631578947,11.999967765808105,3.2210972500579573,9.154459199811717,0.299999430001083,0.42105263157894735,0.3684210526315789,1.3523724641177148,0.13850415512465372,amyAMP,seq_epochs_()_num_290
21,1.748202622092291,0.09523809523809523,0.08324774390915672,0.2857142857142857,0.0,0.09523809523809523,0.0,0.3333333333333333,0.6142857142857142,0.0,0.776190476190477,9.314085960388184,3.1009166856947723,6.118687761915853,0.0,0.2857142857142857,0.14285714285714285,1.3640983845035701,0.027210884353741492,amyAMP,seq_epochs_()_num_291
13,2.7580936122913,0.23076923076923078,0.21216104709933076,0.38461538461538464,0.15384615384615385,0.23076923076923078,0.0,0.38461538461538464,-0.7615384615384614,0.15384615384615385,11.71538461538462,11.16626262664795,3.3927474104487847,7.171024747293037,0.399998960002704,0.3076923076923077,0.38461538461538464,1.1593133270069664,0.08875739644970415,amyAMP,seq_epochs_()_num_292
10,1.8820397752096722,0.2,0.18820397752096724,0.6,0.1,0.2,0.0,0.1,0.27999999999999997,0.0,0.5099999999999998,11.001030158996581,2.5219280948873624,3.1367277308032357,0.16666638888935187,0.2,0.2,0.6564419080763113,0.12,amyAMP,seq_epochs_()_num_293
13,1.758103612191301,0.15384615384615385,0.13523873939933084,0.5384615384615384,0.15384615384615385,0.15384615384615385,0.0,0.07692307692307693,1.4846153846153847,0.15384615384615385,19.176923076923078,10.002737236022949,2.931208948910323,3.2650435018459127,0.28571375510302627,0.5384615384615384,0.3076923076923077,0.3993774058488324,0.08284023668639054,amyAMP,seq_epochs_()_num_294
20,6.789860582060079,0.35,0.33949302910300394,0.55,0.15,0.35,0.0,0.1,0.05499999999999996,0.15000000000000002,20.875,11.263803291320801,3.003701696057348,12.345178612511756,0.27272677686040564,0.45,0.45,0.7507536884844433,0.1925,amyAMP,seq_epochs_()_num_295
13,5.754097608295297,0.46153846153846156,0.44262289294579205,0.38461538461538464,0.15384615384615385,0.46153846153846156,0.0,0.07692307692307693,-0.7384615384615386,0.15384615384615385,25.561538461538465,10.676109504699706,2.6535442970305683,14.960614883969074,0.399998960002704,0.38461538461538464,0.5384615384615384,0.6178986097071331,0.1775147928994083,amyAMP,seq_epochs_()_num_296
21,4.837324812844875,0.23809523809523808,0.2303488006116607,0.3333333333333333,0.14285714285714285,0.23809523809523808,0.0,0.23809523809523808,-0.561904761904762,0.09523809523809523,72.84761904761905,11.999967765808105,3.232101804845413,14.511930902741918,0.42857014286100004,0.19047619047619047,0.38095238095238093,1.6917840878536266,0.07936507936507936,amyAMP,seq_epochs_()_num_297
10,1.759092613290301,0.2,0.17590926132903012,0.4,0.1,0.2,0.0,0.2,0.06999999999999988,0.1,52.94,11.000836753845213,3.121928094887362,4.397720538924405,0.24999937500156252,0.2,0.3,0.3368361151337545,0.08000000000000002,amyAMP,seq_epochs_()_num_298
24,6.832339807749872,0.2916666666666667,0.28468082532291134,0.4166666666666667,0.25,0.2916666666666667,0.0,0.16666666666666666,-0.9458333333333333,0.20833333333333331,113.27916666666665,11.058600425720215,3.355388542207534,16.39757618441685,0.599998560003456,0.16666666666666666,0.4583333333333333,0.8153827192841053,0.12152777777777779,amyAMP,seq_epochs_()_num_299
24,0.9334509896994757,0.041666666666666664,0.03889379123747815,0.5416666666666666,0.20833333333333334,0.041666666666666664,0.0,0.16666666666666666,0.8333333333333334,0.125,52.94583333333333,8.76417064666748,3.0365766899407327,1.7232909533695797,0.3846146745575239,0.25,0.16666666666666666,1.0982063698523294,0.02256944444444444,amyAMP,seq_epochs_()_num_300
14,0.7592243731311454,0.07142857142857142,0.05423031236651039,0.5,0.0,0.14285714285714285,0.07142857142857142,0.21428571428571427,0.8714285714285713,0.0,1.1642857142857141,8.59094409942627,2.8962915290459286,1.518445709370872,0.0,0.35714285714285715,0.14285714285714285,0.7057207543965341,0.10714285714285714,amyAMP,seq_epochs_()_num_301
8,-0.23989838581069733,0.0,0.029987298226337167,0.5,0.0,0.0,0.0,0.25,1.2875,0.0,-1.8625000000000003,5.525000190734862,2.25,0.47979581202977056,0.0,0.25,0.0,0.8932050439009129,0.0,amyAMP,seq_epochs_()_num_302
24,2.7373026309942805,0.125,0.11405427629142835,0.5,0.125,0.125,0.0,0.25,1.0208333333333337,0.125,30.295833333333338,9.390158653259277,3.3716535224393334,5.474594312799935,0.249999500001,0.4166666666666667,0.3333333333333333,1.3538656636796846,0.0625,amyAMP,seq_epochs_()_num_303
22,1.8462668015448882,0.09090909090909091,0.08392121825204037,0.5909090909090909,0.13636363636363635,0.09090909090909091,0.0,0.18181818181818182,1.2363636363636366,0.09090909090909091,8.904545454545456,11.000836753845213,3.4594316186372964,3.1244462227823564,0.23076884023734726,0.4090909090909091,0.18181818181818182,0.9768365626318022,0.05371900826446281,amyAMP,seq_epochs_()_num_304
18,3.7908795828590827,0.2222222222222222,0.21060442126994905,0.3333333333333333,0.1111111111111111,0.2222222222222222,0.0,0.3333333333333333,-0.5277777777777777,0.1111111111111111,64.21111111111111,10.176995277404785,3.2810361125534233,11.372604630763357,0.33333233333633333,0.2777777777777778,0.2777777777777778,1.387346360976545,0.07407407407407407,amyAMP,seq_epochs_()_num_305
20,7.831360806550872,0.4,0.3915680403275436,0.2,0.1,0.4,0.0,0.15,-0.9499999999999996,0.05,26.095,11.2679292678833,3.2464393446710154,39.15660824971311,0.49999750001249993,0.15,0.5,0.8107660365434374,0.08000000000000002,amyAMP,seq_epochs_()_num_306
11,-0.20400365220506944,0.0,0.018545786564097222,0.36363636363636365,0.0,0.09090909090909091,0.09090909090909091,0.36363636363636365,0.090909090909091,0.0,41.31818181818181,5.880357551574707,3.0957952550009344,0.5610085007905639,0.0,0.18181818181818182,0.09090909090909091,0.15757391703727977,0.06611570247933884,amyAMP,seq_epochs_()_num_307
11,2.7590826133903,0.2727272727272727,0.25082569212639094,0.36363636363636365,0.0,0.2727272727272727,0.0,0.2727272727272727,-0.1272727272727273,0.0,43.10909090909091,11.999967765808105,2.663532754804255,7.5874563213184425,0.0,0.2727272727272727,0.2727272727272727,0.7814652684400447,0.09917355371900825,amyAMP,seq_epochs_()_num_308
10,1.758103612191301,0.2,0.1758103612191301,0.4,0.0,0.2,0.0,0.3,0.6100000000000001,0.0,57.19,10.002737236022949,2.9219280948873623,4.395248042358147,0.0,0.4,0.2,0.6000806232192419,0.08000000000000002,amyAMP,seq_epochs_()_num_309
9,3.7600616145892984,0.4444444444444444,0.4177846238432554,0.4444444444444444,0.1111111111111111,0.4444444444444444,0.0,0.0,-1.0222222222222221,0.1111111111111111,157.57777777777778,11.999967765808105,2.2810361125534233,8.460119597556828,0.24999943750126563,0.2222222222222222,0.5555555555555556,1.6050436026189028,0.19753086419753085,amyAMP,seq_epochs_()_num_310
11,-0.20400365220506944,0.0,0.018545786564097222,0.6363636363636364,0.0,0.09090909090909091,0.09090909090909091,0.09090909090909091,1.1727272727272726,0.0,45.472727272727276,5.880357551574707,2.5503407095463886,0.3205766639874943,0.0,0.45454545454545453,0.09090909090909091,1.563902436703819,0.11570247933884298,amyAMP,seq_epochs_()_num_311
23,2.8442787994468874,0.13043478260869565,0.12366429562812555,0.43478260869565216,0.08695652173913043,0.13043478260869565,0.0,0.13043478260869565,0.1739130434782608,0.043478260869565216,13.086956521739127,10.302063941955566,3.1207505427313436,6.541826192527599,0.19999954000105802,0.13043478260869565,0.17391304347826086,1.374614471169401,0.05671077504725898,amyAMP,seq_epochs_()_num_312
19,1.7592143732311445,0.10526315789473684,0.09259023017006024,0.3684210526315789,0.05263157894736842,0.15789473684210525,0.05263157894736842,0.3684210526315789,-0.2421052631578947,0.05263157894736842,41.12105263157895,9.994291877746583,3.3660913291191927,4.774997480919945,0.1428567551030933,0.2631578947368421,0.21052631578947367,0.9114709586533073,0.07756232686980609,amyAMP,seq_epochs_()_num_313
10,-1.246867153995653,-0.1,0.1246867153995653,0.2,0.0,0.1,0.2,0.3,-0.5499999999999999,0.0,10.3,4.3702592849731445,2.9219280948873623,6.234304598455273,0.0,0.2,0.2,0.6620015542901918,0.06000000000000001,amyAMP,seq_epochs_()_num_314
14,1.7599150731655104,0.14285714285714285,0.12570821951182218,0.35714285714285715,0.07142857142857142,0.21428571428571427,0.07142857142857142,0.14285714285714285,0.22142857142857134,0.07142857142857142,16.32857142857143,9.703023719787598,3.182005814760214,4.927748407167889,0.199999440001568,0.35714285714285715,0.2857142857142857,1.2317225805913312,0.10204081632653061,amyAMP,seq_epochs_()_num_315
13,-0.24979937590970713,0.0,0.01921533660843901,0.15384615384615385,0.0,0.0,0.0,0.6153846153846154,0.31538461538461526,0.0,-23.40769230769231,5.518122673034666,2.6535442970305683,1.6236853894580647,0.0,0.07692307692307693,0.07692307692307693,0.7883661095149683,0.0,amyAMP,seq_epochs_()_num_316
10,1.398176594566626,0.2,0.1398176594566626,0.6,0.5,0.2,0.0,0.2,-1.11,0.5,144.55,11.999967765808105,1.7609640474436812,2.3302904404603093,0.8333319444467593,0.1,0.7,1.12529864525266,0.12,amyAMP,seq_epochs_()_num_317
20,0.758103612191301,0.05,0.03790518060956505,0.5,0.1,0.05,0.0,0.2,0.7150000000000001,0.1,43.38,8.590879631042483,3.3086949695628416,1.516204191974218,0.1999996000008,0.4,0.1,0.9780588266135553,0.025,amyAMP,seq_epochs_()_num_318
25,8.83827479355288,0.36,0.3535309917421152,0.52,0.12,0.36,0.0,0.04,-0.268,0.08,23.292,10.87048168182373,3.013660689688185,16.996649609429365,0.23076878698310194,0.32,0.4,1.4182422909420165,0.1872,amyAMP,seq_epochs_()_num_319
19,1.759092613290301,0.10526315789473684,0.09258382175212111,0.47368421052631576,0.05263157894736842,0.10526315789473684,0.0,0.05263157894736842,1.2894736842105263,0.05263157894736842,28.342105263157894,11.000836753845213,3.221097250057956,3.7136321215006016,0.11111087654370508,0.42105263157894735,0.15789473684210525,0.8290179137373237,0.04986149584487534,amyAMP,seq_epochs_()_num_320
8,0.7491916231912907,0.125,0.09364895289891134,0.625,0.125,0.125,0.0,0.25,1.5875,0.125,8.75,8.221991539001465,2.75,1.1987046791785785,0.199999680000512,0.625,0.25,0.22399587752642855,0.078125,amyAMP,seq_epochs_()_num_321
26,7.84225079774888,0.3076923076923077,0.30162503068264923,0.4230769230769231,0.11538461538461539,0.3076923076923077,0.0,0.15384615384615385,-0.21923076923076906,0.07692307692307693,31.423076923076927,11.999967765808105,3.2248809498103124,18.53618534551381,0.27272662810069725,0.23076923076923078,0.38461538461538464,0.7332610277309105,0.1301775147928994,amyAMP,seq_epochs_()_num_323
22,4.758073612491297,0.22727272727272727,0.21627607329505896,0.5454545454545454,0.09090909090909091,0.22727272727272727,0.0,0.13636363636363635,0.9045454545454548,0.09090909090909091,17.68181818181818,11.999967765808105,3.2998963911678914,8.723118963849277,0.1666663611116713,0.5,0.3181818181818182,1.209576070556709,0.12396694214876032,amyAMP,seq_epochs_()_num_324
19,0.8364975712867229,0.05263157894736842,0.0440261879624591,0.2631578947368421,0.05263157894736842,0.10526315789473684,0.05263157894736842,0.47368421052631576,-0.37368421052631584,0.0,28.131578947368418,8.20651912689209,3.215841172683753,3.1786786919105183,0.19999924000288802,0.15789473684210525,0.15789473684210525,0.7747197670075149,0.04155124653739612,amyAMP,seq_epochs_()_num_325
12,4.759062613590297,0.4166666666666667,0.3965885511325247,0.5,0.0,0.4166666666666667,0.0,0.0,0.4833333333333332,0.0,29.258333333333333,11.999967765808105,2.084962500721156,9.518106190968211,0.0,0.5,0.4166666666666667,1.3885267530122036,0.20833333333333334,amyAMP,seq_epochs_()_num_326
9,2.7600716144892994,0.3333333333333333,0.3066746238321444,0.6666666666666666,0.2222222222222222,0.3333333333333333,0.0,0.0,0.188888888888889,0.2222222222222222,149.8888888888889,11.999967765808105,2.197159723424149,4.140101211582132,0.3333328333340833,0.4444444444444444,0.5555555555555556,2.671415943134619,0.2222222222222222,amyAMP,seq_epochs_()_num_327
20,-0.14567545681441096,0.0,0.007283772840720548,0.2,0.1,0.05,0.05,0.5,-0.675,0.05,82.92999999999999,6.763805961608887,3.5219280948873624,0.7283736422038437,0.49999750001249993,0.15,0.1,0.6657649270994456,0.020000000000000004,amyAMP,seq_epochs_()_num_328
23,3.7561056101932997,0.17391304347826086,0.16330893957362172,0.43478260869565216,0.0,0.17391304347826086,0.0,0.2608695652173913,0.46956521739130436,0.0,2.7782608695652184,10.477740287780762,3.2946635862096043,8.639023033691613,0.0,0.30434782608695654,0.17391304347826086,1.0086377752878966,0.07561436672967864,amyAMP,seq_epochs_()_num_329
17,5.927456983705472,0.35294117647058826,0.34867394021796894,0.4117647058823529,0.23529411764705882,0.35294117647058826,0.0,0.11764705882352941,-1.329411764705882,0.11764705882352941,11.676470588235295,10.398315238952637,2.7777768114567865,14.395217714898841,0.5714271836768396,0.17647058823529413,0.4117647058823529,1.473842839919688,0.1453287197231834,amyAMP,seq_epochs_()_num_330
26,6.092893371214634,0.23076923076923078,0.2343420527390244,0.38461538461538464,0.2692307692307692,0.23076923076923078,0.0,0.11538461538461539,-0.38846153846153847,0.11538461538461539,54.603846153846156,10.310315895080564,3.4077612383550604,15.841481577305949,0.699998180004732,0.34615384615384615,0.34615384615384615,0.6887891836216192,0.08875739644970415,amyAMP,seq_epochs_()_num_331
24,3.7561056101932997,0.16666666666666666,0.15650440042472083,0.5416666666666666,0.16666666666666666,0.16666666666666666,0.0,0.125,0.4208333333333334,0.16666666666666666,38.10416666666667,10.477740287780762,2.886842188131012,6.934336016967292,0.3076917396460191,0.16666666666666666,0.3333333333333333,1.547795571879593,0.09027777777777776,amyAMP,seq_epochs_()_num_332
24,2.8135768281508566,0.125,0.11723236783961903,0.5,0.125,0.125,0.0,0.25,1.1625000000000003,0.08333333333333333,20.816666666666666,9.064657783508299,3.459147917027245,5.627142402016909,0.249999500001,0.4166666666666667,0.2916666666666667,1.1068121847672574,0.0625,amyAMP,seq_epochs_()_num_333
19,5.844248799746883,0.3157894736842105,0.30759204209194124,0.3684210526315789,0.05263157894736842,0.3157894736842105,0.0,0.10526315789473684,-0.49999999999999983,0.0,68.1157894736842,11.999967765808105,3.221097250057956,15.862917971392763,0.1428567551030933,0.15789473684210525,0.3157894736842105,1.0516125164939674,0.11634349030470913,amyAMP,seq_epochs_()_num_334
16,4.7570846113922975,0.3125,0.2973177882120186,0.5,0.0,0.3125,0.0,0.125,0.19374999999999987,0.0,49.943749999999994,11.999967765808105,2.85845859334435,9.514150194484206,0.0,0.375,0.3125,0.5151157955395052,0.15625,amyAMP,seq_epochs_()_num_335
16,-0.06374854822731546,0.0,0.003984284264207216,0.4375,0.1875,0.0625,0.0625,0.0625,0.2625,0.0625,48.875,6.920852088928222,3.2806390622295662,0.1457106343238426,0.42857044898183094,0.375,0.0625,0.5895722805901381,0.0546875,amyAMP,seq_epochs_()_num_336
17,0.8462768014448888,0.058823529411764705,0.04978098832028758,0.47058823529411764,0.17647058823529413,0.058823529411764705,0.0,0.4117647058823529,0.17058823529411757,0.11764705882352941,34.247058823529414,8.757208061218265,3.101881223476018,1.7983343816098278,0.3749992031266934,0.29411764705882354,0.17647058823529413,1.0550996384948599,0.02768166089965398,amyAMP,seq_epochs_()_num_337
18,1.758103612191301,0.1111111111111111,0.09767242289951672,0.6666666666666666,0.1111111111111111,0.1111111111111111,0.0,0.16666666666666666,1.55,0.1111111111111111,9.111111111111112,10.002737236022949,2.974937501201927,2.6371514625597574,0.16666641666704166,0.4444444444444444,0.2222222222222222,0.9065146567843226,0.07407407407407407,amyAMP,seq_epochs_()_num_339
12,4.7570846113922975,0.4166666666666667,0.3964237176160248,0.5833333333333334,0.08333333333333333,0.4166666666666667,0.0,0.0,0.16666666666666663,0.08333333333333333,22.183333333333334,11.999967765808105,2.688721875540867,8.154988210978432,0.14285689795960346,0.4166666666666667,0.5,1.67616077126653,0.24305555555555558,amyAMP,seq_epochs_()_num_340
25,8.752912066272504,0.36000000000000004,0.3501164826509002,0.32,0.08,0.4,0.04,0.08,-1.0079999999999998,0.08,20.419999999999998,10.592107200622557,3.0724876891689528,27.352764729711797,0.2499992187524414,0.2,0.44,1.2604896004234007,0.1408,amyAMP,seq_epochs_()_num_341
11,3.7471936211932895,0.36363636363636365,0.3406539655630263,0.45454545454545453,0.0,0.36363636363636365,0.0,0.09090909090909091,0.7545454545454544,0.0,66.02727272727273,10.318696784973142,2.59490661824394,8.243807830248011,0.0,0.45454545454545453,0.45454545454545453,0.6770748454791723,0.1652892561983471,amyAMP,seq_epochs_()_num_342
18,2.9672259613662586,0.16666666666666666,0.16484588674256992,0.4444444444444444,0.1111111111111111,0.16666666666666666,0.0,0.2222222222222222,0.3111111111111111,0.0,17.883333333333333,10.302321815490721,3.0441104177484006,6.676243391526452,0.24999943750126563,0.3333333333333333,0.16666666666666666,1.5052242954798745,0.07407407407407407,amyAMP,seq_epochs_()_num_343
23,0.11319702383035324,0.0,0.004921609731754489,0.34782608695652173,0.08695652173913043,0.043478260869565216,0.043478260869565216,0.30434782608695654,0.18260869565217389,0.0,-2.760869565217391,7.237047386169435,3.4970558484728045,0.3254405078708055,0.2499992812520664,0.13043478260869565,0.13043478260869565,1.3388324056566743,0.030245746691871453,amyAMP,seq_epochs_()_num_344
20,0.8462768014448888,0.05,0.04231384007224444,0.45,0.1,0.05,0.0,0.1,1.1700000000000002,0.05,0.05500000000000016,8.757208061218265,3.4219280948873623,1.8806109351865636,0.22222172839615914,0.35,0.1,1.0332754629315462,0.022500000000000003,amyAMP,seq_epochs_()_num_345
22,1.74720362109329,0.09090909090909091,0.07941834641333136,0.4090909090909091,0.045454545454545456,0.09090909090909091,0.0,0.3181818181818182,0.20454545454545456,0.045454545454545456,18.199999999999996,9.197140312194826,3.4251185503571397,4.2709317448393325,0.11111083950683677,0.22727272727272727,0.13636363636363635,1.1346442651650734,0.0371900826446281,amyAMP,seq_epochs_()_num_346
25,6.755086609394296,0.28,0.27020346437577186,0.24,0.04,0.28,0.0,0.28,-0.8959999999999997,0.04,32.812000000000005,11.999967765808105,3.399079570624174,28.146076930489023,0.16666597222511573,0.16,0.32,1.7320816754794288,0.06720000000000001,amyAMP,seq_epochs_()_num_347
13,1.758103612191301,0.15384615384615385,0.13523873939933084,0.5384615384615384,0.07692307692307693,0.15384615384615385,0.0,0.15384615384615385,0.8307692307692308,0.07692307692307693,0.6076923076923064,10.002737236022949,2.8731406795131336,3.2650435018459127,0.14285687755151313,0.46153846153846156,0.23076923076923078,0.7935741715367052,0.08284023668639054,amyAMP,seq_epochs_()_num_348
16,0.7591026131903019,0.0625,0.04744391332439387,0.4375,0.0,0.0625,0.0,0.25,0.8125000000000001,0.0,11.78125,8.750052070617677,2.9834585933443494,1.735087721377327,0.0,0.25,0.0625,1.1332056602542715,0.02734375,amyAMP,seq_epochs_()_num_349
27,2.931452987701474,0.1111111111111111,0.10857233287783237,0.4444444444444444,0.1111111111111111,0.1111111111111111,0.0,0.18518518518518517,0.6629629629629632,0.037037037037037035,20.62592592592592,10.302128410339353,3.3241767435304803,6.595754381880958,0.24999943750126563,0.25925925925925924,0.14814814814814814,0.7554277464679594,0.04938271604938271,amyAMP,seq_epochs_()_num_350
13,4.843269798547885,0.38461538461538464,0.37255921527291425,0.3076923076923077,0.07692307692307693,0.38461538461538464,0.0,0.15384615384615385,-0.7153846153846153,0.0,29.530769230769234,11.33375148773193,2.9312089489103235,15.74057568840964,0.24999918750264064,0.3076923076923077,0.38461538461538464,1.7713469250829557,0.1183431952662722,amyAMP,seq_epochs_()_num_351
20,1.845277800445888,0.1,0.0922638900222944,0.45,0.15,0.1,0.0,0.2,0.28500000000000003,0.1,49.895,10.002801704406739,3.346439344671015,4.1006082218614806,0.3333325925942387,0.2,0.2,0.9596350911123306,0.045000000000000005,amyAMP,seq_epochs_()_num_352
14,1.8452678005458871,0.14285714285714285,0.13180484289613478,0.5714285714285714,0.21428571428571427,0.14285714285714285,0.0,0.21428571428571427,0.48571428571428565,0.14285714285714285,6.664285714285715,9.99435634613037,3.4677201004745006,3.2292129998325527,0.3749993437511484,0.5,0.21428571428571427,0.7845705013248135,0.08163265306122448,amyAMP,seq_epochs_()_num_353
20,2.7590826133903,0.15,0.137954130669515,0.55,0.05,0.15,0.0,0.15,1.0899999999999996,0.05,39.53,11.999967765808105,3.1037016960573487,5.016504721610142,0.09090892562013522,0.45,0.2,1.1167920516379939,0.0825,amyAMP,seq_epochs_()_num_354
25,1.8445223193285747,0.08,0.07378089277314298,0.44,0.08,0.16,0.08,0.08,0.06399999999999986,0.04,5.488,9.404792976379394,3.1132696895151075,4.1920866528225496,0.18181776859598048,0.32,0.16,0.6847629694444877,0.1056,amyAMP,seq_epochs_()_num_355
9,1.7600816143893008,0.2222222222222222,0.19556462382103343,0.7777777777777778,0.3333333333333333,0.2222222222222222,0.0,0.0,0.46666666666666656,0.3333333333333333,192.68888888888893,11.999967765808105,1.8910611120726526,2.2629591661244586,0.4285708775517288,0.4444444444444444,0.5555555555555556,1.0583599187202664,0.1728395061728395,amyAMP,seq_epochs_()_num_356
9,2.7580936122913,0.3333333333333333,0.3064548458101444,0.3333333333333333,0.3333333333333333,0.3333333333333333,0.0,0.2222222222222222,-1.9333333333333331,0.3333333333333333,56.6,11.16626262664795,2.4193819456463714,8.274256014105859,0.999997000009,0.0,0.6666666666666666,0.7263535588466348,0.1111111111111111,amyAMP,seq_epochs_()_num_357
12,2.748182622292289,0.25,0.22901521852435744,0.5833333333333334,0.3333333333333333,0.25,0.0,0.16666666666666666,0.09166666666666667,0.3333333333333333,-4.791666666666667,10.053602790832517,3.2516291673878226,4.711162133365981,0.5714275918384139,0.4166666666666667,0.5833333333333334,0.5920872674690725,0.14583333333333334,amyAMP,seq_epochs_()_num_358
16,3.792857585057082,0.25,0.23705359906606763,0.375,0.0625,0.25,0.0,0.1875,-0.225,0.0625,-10.06875,11.097216987609862,3.375,10.114259922125761,0.1666662222234074,0.25,0.25,0.9830961867246618,0.09375,amyAMP,seq_epochs_()_num_359
16,0.7591026131903019,0.0625,0.04744391332439387,0.8125,0.0,0.0625,0.0,0.0,2.6125000000000003,0.0,1.1687500000000006,8.750052070617677,2.146782221599798,0.9342789894293076,0.0,0.5625,0.0625,0.589472005802019,0.05078125,amyAMP,seq_epochs_()_num_360
10,0.7591026131903019,0.1,0.0759102613190302,0.6,0.0,0.1,0.0,0.2,2.0999999999999996,0.0,0.5099999999999998,8.750052070617677,2.4464393446710155,1.265168913368981,0.0,0.6,0.1,0.8878246679942794,0.06,amyAMP,seq_epochs_()_num_361
21,1.758103612191301,0.09523809523809523,0.08371921962815719,0.5714285714285714,0.047619047619047616,0.09523809523809523,0.0,0.09523809523809523,0.9333333333333336,0.047619047619047616,31.371428571428567,10.002737236022949,2.7898657820928925,3.0766759371518866,0.0833331875002552,0.23809523809523808,0.14285714285714285,0.5695369614864555,0.054421768707482984,amyAMP,seq_epochs_()_num_362
13,0.674936584032205,0.07692307692307693,0.05191819877170808,0.38461538461538464,0.23076923076923078,0.23076923076923078,0.15384615384615385,0.0,-0.6461538461538461,0.07692307692307693,-6.046153846153846,8.384516334533693,3.085055102756477,1.7548305559242876,0.599998440004056,0.3076923076923077,0.3076923076923077,1.1707806653993473,0.14792899408284024,amyAMP,seq_epochs_()_num_363
7,1.758103612191301,0.2857142857142857,0.25115765888447156,0.7142857142857143,0.0,0.2857142857142857,0.0,0.0,1.4714285714285715,0.0,-15.685714285714287,10.002737236022949,2.2359263506290326,2.4613416111895656,0.0,0.5714285714285714,0.2857142857142857,0.5212425329779738,0.20408163265306123,amyAMP,seq_epochs_()_num_364
14,3.757084611392298,0.2857142857142857,0.26836318652802127,0.42857142857142855,0.07142857142857142,0.2857142857142857,0.0,0.0,0.5285714285714286,0.07142857142857142,21.099999999999998,11.097152519226071,2.699513850319966,8.766510304724653,0.1666662777786852,0.42857142857142855,0.2857142857142857,0.8587946230398482,0.12244897959183672,amyAMP,seq_epochs_()_num_365
16,5.755086609394297,0.375,0.3596929130871436,0.375,0.0625,0.375,0.0,0.1875,-0.66875,0.0625,-3.9312500000000017,11.21970691680908,3.0,15.34685670010026,0.1666662222234074,0.375,0.375,1.6792112338205702,0.140625,amyAMP,seq_epochs_()_num_366
22,-0.1526024376152666,0.0,0.006936474437057572,0.2727272727272727,0.045454545454545456,0.045454545454545456,0.045454545454545456,0.3181818181818182,0.03181818181818188,0.0,55.68181818181819,6.743628120422364,3.4817145729860717,0.5595402196085058,0.16666605555779632,0.22727272727272727,0.045454545454545456,1.626274814513929,0.024793388429752063,amyAMP,seq_epochs_()_num_367
17,2.8442787994468874,0.17647058823529413,0.16731051761452279,0.5294117647058824,0.11764705882352941,0.17647058823529413,0.0,0.11764705882352941,0.6705882352941176,0.058823529411764705,13.352941176470587,10.302063941955566,3.2483650467509038,5.372516473090783,0.22222180246992865,0.35294117647058826,0.23529411764705882,0.48147799539310226,0.09342560553633218,amyAMP,seq_epochs_()_num_368
19,5.756908070268507,0.3157894736842105,0.3029951615930793,0.3684210526315789,0.15789473684210525,0.3684210526315789,0.05263157894736842,0.05263157894736842,-0.38947368421052586,0.15789473684210525,-7.373684210526315,10.676109504699706,2.82584593404075,15.625850920562021,0.4285702653092799,0.3157894736842105,0.5263157894736842,1.5777849259369887,0.15512465373961218,amyAMP,seq_epochs_()_num_369
11,5.756075610493296,0.5454545454545454,0.523279600953936,0.2727272727272727,0.18181818181818182,0.5454545454545454,0.0,0.0,-1.7636363636363634,0.18181818181818182,212.45454545454544,11.744350624084472,2.413088436425758,21.105533184853744,0.6666642222311853,0.18181818181818182,0.6363636363636364,0.7957830910452052,0.14876033057851237,amyAMP,seq_epochs_()_num_370
20,1.883028776308672,0.1,0.0941514388154336,0.55,0.1,0.1,0.0,0.25,0.35000000000000003,0.05,16.225,11.999967765808105,3.1464393446710153,3.423682459320386,0.18181785124027044,0.2,0.15,1.0993168438366412,0.05500000000000001,amyAMP,seq_epochs_()_num_371
9,2.7600716144892994,0.3333333333333333,0.3066746238321444,0.5555555555555556,0.2222222222222222,0.3333333333333333,0.0,0.0,-0.6555555555555556,0.2222222222222222,195.08888888888887,11.999967765808105,2.4193819456463714,4.968119963464805,0.3999992800012959,0.2222222222222222,0.5555555555555556,1.5251593466738327,0.18518518518518517,amyAMP,seq_epochs_()_num_372
23,1.9225509986014648,0.08695652173913043,0.0835891738522376,0.34782608695652173,0.08695652173913043,0.08695652173913043,0.0,0.30434782608695654,0.5217391304347826,0.0,40.88695652173913,9.314859580993652,3.534219021180341,5.527318229939301,0.2499992812520664,0.2608695652173913,0.13043478260869565,1.0619195908195718,0.030245746691871453,amyAMP,seq_epochs_()_num_373
23,2.7582153722321436,0.13043478260869565,0.11992240748835407,0.43478260869565216,0.08695652173913043,0.17391304347826086,0.043478260869565216,0.2608695652173913,0.1260869565217391,0.08695652173913043,22.92173913043478,10.289686012268067,3.7294461949052566,6.343880765208171,0.19999954000105802,0.30434782608695654,0.2608695652173913,1.6217237029409866,0.0945179584120983,amyAMP,seq_epochs_()_num_374
10,2.835366810446877,0.3,0.2835366810446877,0.4,0.2,0.3,0.0,0.1,0.019999999999999973,0.1,31.490000000000002,10.061983680725099,2.9219280948873623,7.08839930511893,0.49999875000312505,0.3,0.5,1.5018856627066661,0.12,amyAMP,seq_epochs_()_num_375
17,5.927456983705472,0.35294117647058826,0.34867394021796894,0.17647058823529413,0.23529411764705882,0.35294117647058826,0.0,0.23529411764705882,-1.352941176470588,0.11764705882352941,67.01764705882353,10.398315238952637,2.7045348998193437,33.5887325715131,1.3333257778205923,0.17647058823529413,0.4117647058823529,1.0078951665668416,0.062283737024221464,amyAMP,seq_epochs_()_num_376
19,2.84340155838873,0.15789473684210525,0.14965271359940685,0.3684210526315789,0.15789473684210525,0.21052631578947367,0.05263157894736842,0.15789473684210525,-0.5210526315789473,0.10526315789473684,-5.889473684210527,9.825642585754395,3.366091329119192,7.717783281643361,0.4285702653092799,0.3157894736842105,0.2631578947368421,1.3308526006886792,0.09695290858725761,amyAMP,seq_epochs_()_num_377
13,2.7580936122913,0.23076923076923078,0.21216104709933076,0.5384615384615384,0.15384615384615385,0.23076923076923078,0.0,0.07692307692307693,1.0538461538461539,0.15384615384615385,21.24615384615385,11.16626262664795,2.7773627950641693,5.122164338807214,0.28571375510302627,0.5384615384615384,0.38461538461538464,0.23725730671870437,0.1242603550295858,amyAMP,seq_epochs_()_num_378
13,0.49935568654234397,0.07692307692307693,0.03841197588787261,0.5384615384615384,0.07692307692307693,0.07692307692307693,0.0,0.07692307692307693,1.515384615384615,0.07692307692307693,26.069230769230767,8.500108146667483,3.085055102756477,0.9273731241714082,0.14285687755151313,0.38461538461538464,0.15384615384615385,0.4044950010390767,0.04142011834319527,amyAMP,seq_epochs_()_num_379
12,3.7600616145892984,0.3333333333333333,0.3133384678824415,0.6666666666666666,0.08333333333333333,0.3333333333333333,0.0,0.0,0.6333333333333334,0.08333333333333333,9.166666666666668,11.999967765808105,2.188721875540867,5.640083961758005,0.12499981250028125,0.4166666666666667,0.4166666666666667,0.684476979212869,0.2222222222222222,amyAMP,seq_epochs_()_num_380
16,1.5855308737979303,0.125,0.09909567961237065,0.375,0.0625,0.125,0.0,0.1875,0.825,0.0,5.300000000000001,10.000932121276854,2.774397470347699,4.228071055271667,0.1666662222234074,0.375,0.125,0.9973103034813888,0.046875,amyAMP,seq_epochs_()_num_381
24,3.542325642477182,0.16666666666666666,0.14759690176988258,0.2916666666666667,0.125,0.16666666666666666,0.0,0.25,-0.5708333333333332,0.08333333333333333,-1.2041666666666695,10.176350593566895,3.4906015629507228,12.145074848236574,0.4285699591887114,0.16666666666666666,0.20833333333333334,0.8926467537701015,0.04861111111111111,amyAMP,seq_epochs_()_num_382
11,1.5473006476721842,0.18181818181818182,0.14066369524292585,0.6363636363636364,0.45454545454545453,0.18181818181818182,0.0,0.09090909090909091,-0.28181818181818197,0.36363636363636365,83.57272727272728,11.999967765808105,2.8453509366224368,2.431468625462735,0.7142845918384985,0.2727272727272727,0.5454545454545454,0.3780797834428605,0.11570247933884298,amyAMP,seq_epochs_()_num_383
7,0.7591026131903019,0.14285714285714285,0.10844323045575742,0.5714285714285714,0.0,0.14285714285714285,0.0,0.2857142857142857,0.9285714285714286,0.0,-31.92857142857143,8.750052070617677,2.2359263506290326,1.3284272483353439,0.0,0.5714285714285714,0.14285714285714285,0.8422136909597606,0.08163265306122448,amyAMP,seq_epochs_()_num_384
23,3.8443905594877297,0.17391304347826086,0.1671474156299013,0.30434782608695654,0.08695652173913043,0.21739130434782608,0.043478260869565216,0.30434782608695654,-0.565217391304348,0.043478260869565216,38.417391304347824,10.461623191833493,3.2903216092483056,12.631527477583687,0.28571334694186007,0.2608695652173913,0.2608695652173913,1.8479754090960057,0.07939508506616258,amyAMP,seq_epochs_()_num_385
26,3.911641007603454,0.15384615384615385,0.1504477310616713,0.38461538461538464,0.15384615384615385,0.15384615384615385,0.0,0.2692307692307692,0.18076923076923068,0.07692307692307693,31.861538461538466,9.850785255432129,3.488525294897748,10.17024017714452,0.399998960002704,0.23076923076923078,0.3076923076923077,1.1615593376576887,0.0591715976331361,amyAMP,seq_epochs_()_num_386
27,4.841261796649882,0.18518518518518517,0.17930599246851417,0.37037037037037035,0.14814814814814814,0.18518518518518517,0.0,0.2962962962962963,-0.2666666666666667,0.1111111111111111,40.581481481481475,10.289170265197754,3.500283688055054,13.071371558251476,0.39999892000291604,0.3333333333333333,0.18518518518518517,1.2612538943167104,0.06858710562414265,amyAMP,seq_epochs_()_num_387
12,0.836375811345879,0.08333333333333333,0.06969798427882325,0.4166666666666667,0.08333333333333333,0.08333333333333333,0.0,0.4166666666666667,0.38333333333333325,0.0,26.583333333333336,8.231146049499515,2.8553885422075336,2.0072971297169984,0.19999952000115198,0.4166666666666667,0.16666666666666666,1.3024104027570333,0.034722222222222224,amyAMP,seq_epochs_()_num_388
25,0.8493107834997842,0.04000000000000001,0.033972431339991366,0.52,0.08,0.16,0.12,0.04,0.4759999999999998,0.04,-13.792000000000002,8.503718376159668,3.399079570624174,1.633286827332609,0.15384585798873462,0.44,0.16,1.012805053251253,0.1456,amyAMP,seq_epochs_()_num_389
20,4.842270797548885,0.25,0.24211353987744424,0.35,0.15,0.25,0.0,0.3,-0.4699999999999999,0.1,-1.1199999999999983,10.582759284973143,3.3464393446710154,13.835019892939979,0.42857020408513125,0.3,0.3,1.0484611291003516,0.0875,amyAMP,seq_epochs_()_num_390
24,1.7383016319932811,0.08333333333333333,0.07242923466638672,0.5,0.08333333333333333,0.08333333333333333,0.0,0.3333333333333333,1.195833333333333,0.08333333333333333,51.10416666666667,8.9037446975708,3.2364405016961446,3.4765963107939406,0.16666633333399997,0.3333333333333333,0.25,1.1935310360594438,0.041666666666666664,amyAMP,seq_epochs_()_num_391
16,4.845247800745884,0.3125,0.30282798754661777,0.375,0.125,0.3125,0.0,0.1875,-1.0499999999999998,0.0625,17.3375,11.999967765808105,2.98345859334435,12.920626346985435,0.3333324444468148,0.25,0.375,0.8220813169149078,0.1171875,amyAMP,seq_epochs_()_num_392
20,2.7472036210932904,0.15,0.13736018105466452,0.2,0.05,0.15,0.0,0.45,0.06999999999999998,0.05,65.59,9.790184974670407,3.208694969562842,13.735949425719323,0.24999875000624996,0.2,0.25,0.5616880016480792,0.03,amyAMP,seq_epochs_()_num_393
26,0.825475820247868,0.038461538461538464,0.031749070009533385,0.38461538461538464,0.07692307692307693,0.038461538461538464,0.0,0.3076923076923077,1.146153846153846,0.038461538461538464,35.392307692307696,8.054953956604006,3.315824333525707,2.1462315524424205,0.199999480001352,0.34615384615384615,0.11538461538461539,1.208135154062097,0.014792899408284025,amyAMP,seq_epochs_()_num_394
21,6.840252795750881,0.3333333333333333,0.3257263236071848,0.3333333333333333,0.19047619047619047,0.3333333333333333,0.0,0.14285714285714285,-1.2857142857142858,0.14285714285714285,47.96190476190476,10.708601570129392,3.3320953986601687,20.52069682516217,0.571426857148,0.3333333333333333,0.3333333333333333,1.3365761303856336,0.1111111111111111,amyAMP,seq_epochs_()_num_395
11,3.7580736124912977,0.36363636363636365,0.34164305568102704,0.5454545454545454,0.18181818181818182,0.36363636363636365,0.0,0.09090909090909091,-0.3636363636363637,0.18181818181818182,38.07272727272727,11.723011589050294,2.845350936622437,6.889788991620895,0.3333327222233426,0.45454545454545453,0.45454545454545453,1.5330353489454145,0.1983471074380165,amyAMP,seq_epochs_()_num_396
20,5.745195619195288,0.3,0.2872597809597644,0.45,0.0,0.3,0.0,0.2,0.575,0.0,21.41,10.5953950881958,2.903701696057348,12.767073004716185,0.0,0.4,0.35,0.8124210809384842,0.135,amyAMP,seq_epochs_()_num_397
13,0.7591026131903019,0.07692307692307693,0.0583925087069463,0.46153846153846156,0.0,0.07692307692307693,0.0,0.3076923076923077,1.2999999999999998,0.0,32.330769230769235,8.750052070617677,2.4696704873718613,1.6447187650216633,0.0,0.3076923076923077,0.07692307692307693,0.466042665530533,0.03550295857988166,amyAMP,seq_epochs_()_num_398
18,5.929424986003468,0.3333333333333333,0.3294124992224149,0.3333333333333333,0.2777777777777778,0.3333333333333333,0.0,0.1111111111111111,-1.3944444444444446,0.16666666666666666,104.23333333333333,11.122295188903806,3.30827083453526,17.78822159334563,0.8333308333408335,0.2222222222222222,0.3888888888888889,1.4932286285727954,0.1111111111111111,amyAMP,seq_epochs_()_num_399
9,0.7600916142893016,0.1111111111111111,0.0844546238099224,0.2222222222222222,0.0,0.1111111111111111,0.0,0.3333333333333333,0.6111111111111109,0.0,70.73333333333333,9.750021171569824,2.197159723424149,3.4203968725159313,0.0,0.2222222222222222,0.1111111111111111,1.209042898996059,0.024691358024691357,amyAMP,seq_epochs_()_num_400
12,1.8462668015448882,0.16666666666666666,0.15385556679540735,0.3333333333333333,0.16666666666666666,0.16666666666666666,0.0,0.3333333333333333,-0.38333333333333336,0.08333333333333333,49.916666666666664,11.000836753845213,3.418295834054489,5.5387837882833,0.4999985000045,0.25,0.25,0.6397764763248822,0.05555555555555555,amyAMP,seq_epochs_()_num_401
16,1.759092613290301,0.125,0.10994328833064382,0.5,0.0625,0.125,0.0,0.125,1.1187500000000001,0.0625,36.4625,11.000836753845213,3.25,3.5181781902242215,0.1249997500005,0.375,0.1875,0.909979720477267,0.0625,amyAMP,seq_epochs_()_num_402
13,-0.20412541214591307,0.0,0.01570195478045485,0.5384615384615384,0.0,0.0,0.0,0.3076923076923077,1.4615384615384615,0.0,51.31538461538462,5.57001667022705,2.6612262562697895,0.37908934710505104,0.0,0.38461538461538464,0.0,0.7211488112253529,0.0,amyAMP,seq_epochs_()_num_403
11,-0.23867586473001134,0.0,0.021697805884546485,0.5454545454545454,0.18181818181818182,0.18181818181818182,0.18181818181818182,0.09090909090909091,-0.18181818181818182,0.18181818181818182,23.763636363636362,5.960443687438965,2.7321588913645702,0.4375716164570573,0.3333327222233426,0.5454545454545454,0.2727272727272727,0.5969387207447046,0.1983471074380165,amyAMP,seq_epochs_()_num_404
13,4.756095610293298,0.38461538461538464,0.3658535084840998,0.38461538461538464,0.0,0.38461538461538464,0.0,0.23076923076923078,-0.29999999999999993,0.0,-5.207692307692309,11.33375148773193,2.7773627950641693,12.365816435639841,0.0,0.38461538461538464,0.38461538461538464,0.9363705268588636,0.14792899408284024,amyAMP,seq_epochs_()_num_405
19,1.8254758202478683,0.10526315789473684,0.0960776747498878,0.5263157894736842,0.10526315789473684,0.10526315789473684,0.0,0.21052631578947367,1.6631578947368424,0.05263157894736842,22.24736842105263,8.904518318176269,3.2158411726837524,3.4683974685157595,0.199999620000722,0.5263157894736842,0.2631578947368421,0.7369481449826488,0.05540166204986149,amyAMP,seq_epochs_()_num_406
17,3.845257800645886,0.23529411764705882,0.22619163533211095,0.35294117647058826,0.23529411764705882,0.23529411764705882,0.0,0.23529411764705882,-0.8294117647058823,0.1764705882352941,-0.5764705882352944,11.999967765808105,3.381580488309164,10.89486623304235,0.6666647777831296,0.17647058823529413,0.4117647058823529,0.8968337813790622,0.08304498269896195,amyAMP,seq_epochs_()_num_407
15,5.756075610493296,0.4,0.3837383740328864,0.4,0.13333333333333333,0.4,0.0,0.0,-0.3666666666666669,0.13333333333333333,60.08666666666665,11.744350624084472,2.8225797618424915,14.390153050850612,0.3333325000020833,0.4,0.4666666666666667,1.8630782986302905,0.16000000000000003,amyAMP,seq_epochs_()_num_408
26,6.841271796549884,0.2692307692307692,0.2631258383288417,0.46153846153846156,0.15384615384615385,0.2692307692307692,0.0,0.23076923076923078,-0.04230769230769233,0.11538461538461539,25.615384615384613,11.433484077453613,3.199687794731328,14.82272344329062,0.3333326111126759,0.3076923076923077,0.38461538461538464,0.7911541303727888,0.1242603550295858,amyAMP,seq_epochs_()_num_409
15,0.7600916142893016,0.06666666666666667,0.05067277428595344,0.4666666666666667,0.13333333333333333,0.06666666666666667,0.0,0.26666666666666666,1.2066666666666666,0.13333333333333333,2.386666666666667,9.750021171569824,3.1395722619867223,1.628764254696529,0.2857136734706997,0.3333333333333333,0.2,0.30006767622869523,0.03111111111111111,amyAMP,seq_epochs_()_num_410
17,3.7561056101932997,0.23529411764705882,0.22094738883489998,0.23529411764705882,0.11764705882352941,0.23529411764705882,0.0,0.47058823529411764,-0.9411764705882352,0.11764705882352941,-13.852941176470587,10.477740287780762,2.984234164652489,15.963380998952278,0.4999978750090312,0.23529411764705882,0.35294117647058826,1.1492936771718814,0.05536332179930796,amyAMP,seq_epochs_()_num_411
19,4.757897071367507,0.2631578947368421,0.25041563533513195,0.3157894736842105,0.21052631578947367,0.3157894736842105,0.05263157894736842,0.21052631578947367,-1.2631578947368418,0.21052631578947367,29.894736842105267,10.565030479431151,3.40582225028569,15.066626348347006,0.6666645555622408,0.2631578947368421,0.47368421052631576,1.0860809741013027,0.11634349030470913,amyAMP,seq_epochs_()_num_412
18,2.8828422352848793,0.16666666666666666,0.16015790196027108,0.3888888888888889,0.1111111111111111,0.2222222222222222,0.05555555555555555,0.16666666666666666,-0.577777777777778,0.05555555555555555,56.21666666666667,10.27833957672119,3.5724312513221195,7.413003828722702,0.2857135510222974,0.3333333333333333,0.2222222222222222,0.6695954533871391,0.1080246913580247,amyAMP,seq_epochs_()_num_413
13,2.8442787994468874,0.23076923076923078,0.2187906768805298,0.23076923076923078,0.07692307692307693,0.23076923076923078,0.0,0.07692307692307693,-0.076923076923077,0.0,25.56153846153846,10.302063941955566,2.8150724101159437,12.325154721932716,0.33333188889514814,0.15384615384615385,0.23076923076923078,1.2642970316765156,0.053254437869822494,amyAMP,seq_epochs_()_num_415
9,0.8462768014448888,0.1111111111111111,0.09403075571609876,0.4444444444444444,0.1111111111111111,0.1111111111111111,0.0,0.3333333333333333,0.5444444444444445,0.0,54.511111111111106,8.757208061218265,2.4193819456463714,1.9041185189843324,0.24999943750126563,0.4444444444444444,0.1111111111111111,0.8745860136691599,0.04938271604938271,amyAMP,seq_epochs_()_num_417
7,-0.23759472526155134,0.0,0.03394210360879305,0.42857142857142855,0.14285714285714285,0.14285714285714285,0.14285714285714285,0.2857142857142857,-1.1,0.14285714285714285,-14.328571428571431,6.086285209655761,2.807354922057604,0.5543863987086896,0.3333325555573704,0.42857142857142855,0.14285714285714285,2.025170385026749,0.12244897959183672,amyAMP,seq_epochs_()_num_418
8,1.758103612191301,0.25,0.21976295152391262,0.25,0.0,0.25,0.0,0.375,-0.5749999999999998,0.0,24.175,10.002737236022949,2.25,7.032386319219928,0.0,0.0,0.25,0.9133369767441794,0.0625,amyAMP,seq_epochs_()_num_419
14,-0.246877153895654,0.0,0.017634082421118143,0.5,0.07142857142857142,0.14285714285714285,0.14285714285714285,0.21428571428571427,0.5714285714285714,0.07142857142857142,72.97142857142858,6.062583351135253,3.128085278891395,0.49375332028466745,0.14285685714342855,0.42857142857142855,0.2857142857142857,0.8724499327383584,0.14285714285714285,amyAMP,seq_epochs_()_num_420
15,2.7579170711675087,0.2,0.1838611380778339,0.26666666666666666,0.13333333333333333,0.26666666666666666,0.06666666666666667,0.26666666666666666,-1.04,0.13333333333333333,41.64666666666666,9.825642585754395,2.973557262275185,10.342150233814783,0.4999981250070313,0.2,0.3333333333333333,0.9001232364226927,0.08888888888888888,amyAMP,seq_epochs_()_num_421
20,0.8820397752096718,0.05,0.04410198876048359,0.25,0.1,0.05,0.0,0.55,-0.86,0.05,-7.734999999999998,8.798532295227051,3.303701696057348,3.5281449882587346,0.3999984000064,0.2,0.05,1.119622239046179,0.0125,amyAMP,seq_epochs_()_num_423
11,1.7938765858560854,0.18181818181818182,0.16307968962328048,0.45454545454545453,0.09090909090909091,0.18181818181818182,0.0,0.18181818181818182,0.0818181818181818,0.09090909090909091,-8.054545454545453,10.003317451477052,3.0957952550009344,3.946519806539814,0.19999956000096802,0.18181818181818182,0.2727272727272727,0.884593293459205,0.08264462809917356,amyAMP,seq_epochs_()_num_424
12,3.7570946112922994,0.3333333333333333,0.3130912176076916,0.5833333333333334,0.16666666666666666,0.3333333333333333,0.0,0.08333333333333333,-0.15,0.16666666666666666,-1.7750000000000008,11.263867759704592,2.355388542207534,6.440722578119521,0.2857137959192069,0.4166666666666667,0.5,0.768963745081279,0.19444444444444445,amyAMP,seq_epochs_()_num_425
24,1.8155748301488583,0.08333333333333333,0.07564895125620243,0.375,0.125,0.08333333333333333,0.0,0.20833333333333334,1.0333333333333337,0.08333333333333333,51.50833333333334,8.680813026428222,3.5220552088742005,4.841519969677036,0.3333324444468148,0.25,0.2916666666666667,1.4126857967366726,0.03125,amyAMP,seq_epochs_()_num_426
19,-0.23989838581069733,0.0,0.012626230832141965,0.47368421052631576,0.10526315789473684,0.0,0.0,0.3684210526315789,1.0263157894736843,0.10526315789473684,52.95789473684211,5.525000190734862,3.366091329119192,0.5064510786480839,0.22222175308741016,0.42105263157894735,0.10526315789473684,1.5139287088098805,0.0,amyAMP,seq_epochs_()_num_427
22,2.8244668193488662,0.13636363636363635,0.12838485542494846,0.36363636363636365,0.09090909090909091,0.13636363636363635,0.0,0.4090909090909091,0.10909090909090904,0.045454545454545456,56.13636363636364,9.389191627502441,3.3908054820769813,7.767262393237801,0.24999931250189064,0.36363636363636365,0.22727272727272727,2.118087344337303,0.04958677685950413,amyAMP,seq_epochs_()_num_428
17,4.7562173702341415,0.29411764705882354,0.27977749236671423,0.5294117647058824,0.17647058823529413,0.35294117647058826,0.058823529411764705,0.058823529411764705,-0.28823529411764703,0.1764705882352941,-1.711764705882353,10.582759284973143,2.889549430862088,8.983949174093826,0.333332703704893,0.29411764705882354,0.5294117647058824,1.1551760466998704,0.2179930795847751,amyAMP,seq_epochs_()_num_429
19,5.753098607296295,0.3157894736842105,0.30279466354191026,0.47368421052631576,0.21052631578947367,0.3157894736842105,0.0,0.10526315789473684,-0.2578947368421051,0.21052631578947367,-2.8421052631578947,10.391030311584473,3.321104330578489,12.145404752882145,0.4444435061748203,0.42105263157894735,0.42105263157894735,1.164195485309401,0.14958448753462603,amyAMP,seq_epochs_()_num_430
25,3.843279798447887,0.16,0.15373119193791548,0.44,0.08,0.16,0.0,0.16,0.628,0.04,1.368,10.477740287780762,3.2390795706241744,8.734706963047554,0.18181776859598048,0.32,0.2,1.016302425954976,0.0704,amyAMP,seq_epochs_()_num_431
18,4.841281796449884,0.2777777777777778,0.26896009980277136,0.4444444444444444,0.16666666666666666,0.2777777777777778,0.0,0.16666666666666666,0.22777777777777775,0.1111111111111111,19.75555555555556,10.301548194885253,3.03856233607563,10.89285953307829,0.37499915625189845,0.4444444444444444,0.3333333333333333,0.6419930878580892,0.12345679012345678,amyAMP,seq_epochs_()_num_432
20,4.042696052935939,0.2,0.20213480264679692,0.4,0.05,0.2,0.0,0.2,0.23000000000000004,0.0,62.114999999999995,11.265543937683105,3.208694969562842,10.106714865552682,0.12499968750078126,0.35,0.2,1.4795712567132087,0.08000000000000002,amyAMP,seq_epochs_()_num_433
20,3.844258799646885,0.2,0.19221293998234426,0.5,0.1,0.2,0.0,0.05,0.7900000000000001,0.05,24.119999999999997,11.097216987609862,3.346439344671015,7.688502222289325,0.1999996000008,0.45,0.2,1.493495803597902,0.1,amyAMP,seq_epochs_()_num_434
20,6.753098607296296,0.35,0.3376549303648148,0.35,0.15,0.35,0.0,0.25,-1.0,0.15000000000000002,1.8600000000000012,10.751924324035645,3.008694969562842,19.294512322239928,0.42857020408513125,0.3,0.45,0.8301428054849846,0.12249999999999998,amyAMP,seq_epochs_()_num_435
15,1.9314529877014737,0.13333333333333333,0.1287635325134316,0.6,0.2,0.13333333333333333,0.0,0.13333333333333333,0.8200000000000001,0.06666666666666667,3.4000000000000004,9.703281593322753,2.573557262275185,3.2190829476975433,0.33333277777870374,0.6,0.13333333333333333,0.4908432303626281,0.08,amyAMP,seq_epochs_()_num_436
9,3.758083612391299,0.4444444444444444,0.41756484582125547,0.3333333333333333,0.0,0.4444444444444444,0.0,0.2222222222222222,-1.1777777777777778,0.0,53.666666666666664,11.999967765808105,2.725480556997868,11.274217014522856,0.0,0.2222222222222222,0.4444444444444444,1.6734177159209929,0.14814814814814814,amyAMP,seq_epochs_()_num_437
11,0.836375811345879,0.09090909090909091,0.07603416466780719,0.45454545454545453,0.18181818181818182,0.09090909090909091,0.0,0.18181818181818182,1.1727272727272726,0.09090909090909091,-5.4818181818181815,8.231146049499515,3.277613436819116,1.8400227369109128,0.39999912000193605,0.45454545454545453,0.2727272727272727,0.9632222352648016,0.04132231404958678,amyAMP,seq_epochs_()_num_438
18,1.7839755957570755,0.1111111111111111,0.09910975531983753,0.5,0.05555555555555555,0.1111111111111111,0.0,0.2777777777777778,1.25,0.05555555555555555,-9.422222222222222,9.316922569274901,3.266332639970623,3.5679440556260396,0.11111088888933332,0.4444444444444444,0.2222222222222222,1.5337187620405646,0.05555555555555555,amyAMP,seq_epochs_()_num_439
20,1.9344299908984746,0.1,0.09672149954492373,0.5,0.15,0.1,0.0,0.1,1.1749999999999998,0.05,75.8,11.999967765808105,3.246439344671015,3.868852244092461,0.29999940000119996,0.4,0.15,1.7090603996964704,0.05,amyAMP,seq_epochs_()_num_440
16,1.758103612191301,0.125,0.10988147576195631,0.5625,0.0625,0.125,0.0,0.1875,1.425,0.0625,-1.2375000000000003,10.002737236022949,2.9056390622295662,3.125511976318799,0.11111091358059808,0.5,0.1875,0.9567622333975081,0.0703125,amyAMP,seq_epochs_()_num_441
23,-1.1462908136344812,-0.043478260869565216,0.04983873102758614,0.30434782608695654,0.043478260869565216,0.08695652173913043,0.13043478260869565,0.30434782608695654,-0.27391304347826095,0.0,50.36521739130434,5.497887992858886,3.1535717384775808,3.766371726720479,0.14285667347093003,0.30434782608695654,0.08695652173913043,0.8213207924073728,0.06616257088846882,amyAMP,seq_epochs_()_num_442
25,1.758103612191301,0.08,0.07032414448765203,0.48,0.0,0.08,0.0,0.28,0.8320000000000001,0.0,3.604000000000001,10.002737236022949,3.132878689342031,3.6627082280897354,0.0,0.36,0.08,1.2012499922840019,0.0384,amyAMP,seq_epochs_()_num_443
7,-0.514629217378785,0.0,0.07351845962554071,0.7142857142857143,0.14285714285714285,0.0,0.0,0.14285714285714285,1.8857142857142861,0.0,88.97142857142858,6.40151424407959,1.8423709931771084,0.720479895658445,0.19999972000039198,0.42857142857142855,0.0,0.22110087359358138,0.0,amyAMP,seq_epochs_()_num_444
27,8.928239443980676,0.3333333333333333,0.3306755349622473,0.37037037037037035,0.2222222222222222,0.37037037037037035,0.037037037037037035,0.07407407407407407,-1.3333333333333333,0.14814814814814814,37.30370370370371,10.819164848327638,3.3324292815498877,24.106181412058014,0.599998380004374,0.25925925925925924,0.4444444444444444,1.5897335712099179,0.15089163237311384,amyAMP,seq_epochs_()_num_445
18,-0.17883742179026074,0.0,0.009935412321681152,0.2777777777777778,0.05555555555555555,0.0,0.0,0.3333333333333333,0.6888888888888889,0.0,16.611111111111107,6.711116218566894,2.93299930663729,0.6438124007202961,0.19999928000259198,0.2222222222222222,0.0,0.8952508932763514,0.0,amyAMP,seq_epochs_()_num_446
19,2.945630874482343,0.15789473684210525,0.15503320392012332,0.42105263157894735,0.15789473684210525,0.15789473684210525,0.0,0.2631578947368421,0.10526315789473684,0.15789473684210525,21.84736842105263,9.805657386779785,3.43162356584743,6.9958567117358745,0.3749991093771153,0.3157894736842105,0.3684210526315789,0.8831528927853401,0.06648199445983378,amyAMP,seq_epochs_()_num_448
20,1.7580936122913,0.1,0.087904680614565,0.5,0.15,0.1,0.0,0.2,0.8499999999999999,0.15000000000000002,25.27,9.994291877746583,3.484183719779189,3.5161801922222153,0.29999940000119996,0.5,0.2,0.8135662664570574,0.05,amyAMP,seq_epochs_()_num_449
7,-0.6018034056333719,0.0,0.0859719150904817,0.42857142857142855,0.0,0.0,0.0,0.42857142857142855,1.5000000000000002,0.0,4.457142857142857,5.1849893569946275,2.2359263506290326,1.4042046700003046,0.0,0.2857142857142857,0.0,1.3605547108937845,0.0,amyAMP,seq_epochs_()_num_450
15,2.7590826133903,0.2,0.18393884089268667,0.6,0.06666666666666667,0.2,0.0,0.2,0.39333333333333326,0.06666666666666667,54.7,11.999967765808105,2.973557262275185,4.5984633582115695,0.11111092592623456,0.4,0.26666666666666666,1.2567947417664362,0.12,amyAMP,seq_epochs_()_num_451
13,-0.21402640224492286,0.0,0.016463569403455607,0.8461538461538461,0.0,0.0,0.0,0.07692307692307693,2.8692307692307697,0.0,51.315384615384616,5.561547660827636,2.4116022179746714,0.252939994633097,0.0,0.5384615384615384,0.07692307692307693,0.49127077101497485,0.0,amyAMP,seq_epochs_()_num_452
23,3.8361692705220842,0.17391304347826086,0.16678996828356887,0.30434782608695654,0.21739130434782608,0.21739130434782608,0.043478260869565216,0.21739130434782608,-0.5217391304347826,0.17391304347826086,52.9395652173913,10.029298210144042,3.501397825434103,12.604514759738352,0.7142833673546501,0.30434782608695654,0.391304347826087,1.2069411561999135,0.07939508506616258,amyAMP,seq_epochs_()_num_453
25,5.755096609294297,0.24,0.23020386437177187,0.4,0.16,0.24,0.0,0.12,-0.02400000000000011,0.16,1.8919999999999988,11.38842067718506,3.2692750707107123,14.387705553971857,0.3999990000025,0.32,0.4,1.6098613415597447,0.096,amyAMP,seq_epochs_()_num_454
13,-0.2408973868096983,0.0,0.01853056821613064,0.6153846153846154,0.3076923076923077,0.0,0.0,0.23076923076923078,1.092307692307692,0.3076923076923077,-5.276923076923077,5.524318122863768,3.085055102756477,0.39145761744713137,0.4999991875013203,0.5384615384615384,0.23076923076923078,0.6925970024810278,0.0,amyAMP,seq_epochs_()_num_455
20,3.757084611392298,0.2,0.1878542305696149,0.35,0.05,0.2,0.0,0.35,-0.65,0.05,26.555,11.097152519226071,3.484183719779189,10.734496791130022,0.14285673469504376,0.25,0.2,1.1516103325497349,0.06999999999999999,amyAMP,seq_epochs_()_num_456
18,-0.23989838581069733,0.0,0.013327688100594296,0.7222222222222222,0.05555555555555555,0.0,0.0,0.0,2.6388888888888893,0.05555555555555555,-0.4944444444444438,5.525000190734862,2.4806821149663842,0.3321665358149929,0.07692297041434865,0.5555555555555556,0.05555555555555555,1.0245841994342693,0.0,amyAMP,seq_epochs_()_num_457
10,-0.23989838581069733,0.0,0.023989838581069733,0.6,0.0,0.0,0.0,0.4,1.28,0.0,0.5099999999999998,5.525000190734862,2.446439344671015,0.3998299766345345,0.0,0.3,0.0,0.9588131776971986,0.0,amyAMP,seq_epochs_()_num_458
14,-0.23989838581069733,0.0,0.01713559898647838,0.6428571428571429,0.07142857142857142,0.0,0.0,0.21428571428571427,2.2857142857142856,0.07142857142857142,-14.971428571428572,5.525000190734862,2.610577243331642,0.37317468632268375,0.11111093827187378,0.6428571428571429,0.07142857142857142,0.3214355620554547,0.0,amyAMP,seq_epochs_()_num_459
10,2.7590826133903,0.3,0.27590826133903,0.4,0.1,0.3,0.0,0.0,0.16999999999999987,0.1,56.79,11.999967765808105,2.7219280948873625,6.8976892892525274,0.24999937500156252,0.3,0.4,0.9381002483646752,0.12,amyAMP,seq_epochs_()_num_460
11,3.792857585057082,0.36363636363636365,0.3448052350051893,0.45454545454545453,0.2727272727272727,0.36363636363636365,0.0,0.18181818181818182,-1.227272727272727,0.2727272727272727,2.8363636363636386,11.097216987609862,2.9139770731827523,8.344268329735256,0.599998680002904,0.36363636363636365,0.5454545454545454,0.26493100724570656,0.1652892561983471,amyAMP,seq_epochs_()_num_462
13,1.845277800445888,0.15384615384615385,0.14194444618814522,0.23076923076923078,0.15384615384615385,0.15384615384615385,0.0,0.3076923076923077,-0.23846153846153845,0.07692307692307693,49.12307692307692,10.002801704406739,2.8731406795131336,7.996169151865856,0.6666637777902963,0.23076923076923078,0.23076923076923078,0.8420845792416145,0.03550295857988166,amyAMP,seq_epochs_()_num_463
9,2.756095610293298,0.3333333333333333,0.30623284558814423,0.5555555555555556,0.4444444444444444,0.3333333333333333,0.0,0.0,-1.1444444444444446,0.4444444444444444,98.21111111111112,9.9971284866333,2.503258334775646,4.9609631687942315,0.7999985600025918,0.3333333333333333,0.5555555555555556,1.2235236457414036,0.18518518518518517,amyAMP,seq_epochs_()_num_464
13,-0.23989838581069733,0.0,0.018453721985438258,0.46153846153846156,0.0,0.0,0.0,0.3076923076923077,1.8846153846153846,0.0,43.03076923076923,5.525000190734862,2.4116022179746714,0.5197787097359732,0.0,0.46153846153846156,0.0,0.24650948990520272,0.0,amyAMP,seq_epochs_()_num_465
16,6.758053612691295,0.4375,0.42237835079320596,0.25,0.125,0.4375,0.0,0.0625,-1.2562500000000003,0.125,94.4375,11.999967765808105,2.774397470347699,27.032106322339896,0.49999800000800004,0.1875,0.5625,1.0268527925970303,0.109375,amyAMP,seq_epochs_()_num_466
13,1.8363658114458783,0.15384615384615385,0.14125890857275986,0.46153846153846156,0.15384615384615385,0.15384615384615385,0.0,0.23076923076923078,0.46153846153846156,0.07692307692307693,18.66923076923077,9.508071327209475,3.3927474104487847,3.9787839707674664,0.3333326111126759,0.3076923076923077,0.3076923076923077,1.5454152926592122,0.07100591715976332,amyAMP,seq_epochs_()_num_467
18,5.844248799746883,0.3333333333333333,0.32468048887482687,0.2222222222222222,0.1111111111111111,0.3333333333333333,0.0,0.2222222222222222,-1.3555555555555554,0.05555555555555555,74.67222222222222,11.999967765808105,3.30827083453526,26.299001253355335,0.499997750010125,0.1111111111111111,0.3888888888888889,0.8827023270587291,0.07407407407407407,amyAMP,seq_epochs_()_num_468
14,5.8432597986478845,0.42857142857142855,0.4173756999034203,0.35714285714285715,0.07142857142857142,0.42857142857142855,0.0,0.07142857142857142,-0.6357142857142856,0.0,63.55000000000001,11.999967765808105,2.7534343861887853,16.361081625185527,0.199999440001568,0.2857142857142857,0.42857142857142855,0.9736750989229457,0.15306122448979592,amyAMP,seq_epochs_()_num_469
26,4.837148271721084,0.19230769230769232,0.18604416429696477,0.4230769230769231,0.19230769230769232,0.23076923076923078,0.038461538461538464,0.11538461538461539,-0.6461538461538462,0.15384615384615385,33.60000000000001,10.940172004699708,3.7192945256669785,11.433232527336589,0.4545443801678288,0.23076923076923078,0.38461538461538464,1.1450332196638724,0.113905325443787,amyAMP,seq_epochs_()_num_470
15,0.7319903879571505,0.06666666666666667,0.04879935919714337,0.6,0.06666666666666667,0.06666666666666667,0.0,0.26666666666666666,1.0799999999999998,0.06666666666666667,27.973333333333333,8.56148204803467,3.189898095464287,1.2199819466253399,0.11111092592623456,0.4666666666666667,0.06666666666666667,0.6749865886676045,0.04,amyAMP,seq_epochs_()_num_471
9,-0.24979937590970713,0.0,0.027755486212189682,0.6666666666666666,0.0,0.0,0.0,0.3333333333333333,2.5444444444444443,0.0,13.533333333333337,5.518122673034666,2.4193819456463714,0.37469850181680797,0.0,0.6666666666666666,0.1111111111111111,0.5259917218416637,0.0,amyAMP,seq_epochs_()_num_472
13,2.7580936122913,0.23076923076923078,0.21216104709933076,0.5384615384615384,0.07692307692307693,0.23076923076923078,0.0,0.07692307692307693,0.8615384615384615,0.07692307692307693,25.56153846153846,11.16626262664795,2.931208948910323,5.122164338807214,0.14285687755151313,0.5384615384615384,0.3076923076923077,0.9517489215758093,0.1242603550295858,amyAMP,seq_epochs_()_num_473
8,0.7591026131903019,0.125,0.09488782664878774,0.625,0.0,0.125,0.0,0.125,2.0874999999999995,0.0,-12.475000000000001,8.750052070617677,2.0,1.2145622378049026,0.0,0.625,0.125,0.49260151238095096,0.078125,amyAMP,seq_epochs_()_num_474
13,1.758103612191301,0.15384615384615385,0.13523873939933084,0.6153846153846154,0.15384615384615385,0.15384615384615385,0.0,0.07692307692307693,1.4692307692307693,0.15384615384615385,-23.423076923076927,10.002737236022949,2.7192945256669794,2.8569137273260568,0.24999959375066014,0.5384615384615384,0.3076923076923077,0.576238423725822,0.09467455621301776,amyAMP,seq_epochs_()_num_475
22,7.816127573614731,0.36363636363636365,0.3552785260733968,0.22727272727272727,0.09090909090909091,0.36363636363636365,0.0,0.18181818181818182,-1.1909090909090907,0.045454545454545456,67.62272727272726,11.999967765808105,3.2776134368191148,34.3908100043408,0.399998240007744,0.22727272727272727,0.36363636363636365,1.554258062501991,0.08264462809917356,amyAMP,seq_epochs_()_num_476
15,1.8810507741106726,0.13333333333333333,0.12540338494071152,0.8,0.13333333333333333,0.13333333333333333,0.0,0.0,2.1933333333333334,0.06666666666666667,-3.9066666666666667,10.00344638824463,2.6892464285091577,2.35131052850018,0.16666645833359373,0.6666666666666666,0.2,1.0787084519312382,0.10666666666666667,amyAMP,seq_epochs_()_num_477
8,-0.23989838581069733,0.0,0.029987298226337167,0.75,0.0,0.0,0.0,0.0,2.3375,0.0,-1.8625000000000003,5.525000190734862,2.1556390622295662,0.31986408792881255,0.0,0.375,0.0,0.7474562591521148,0.0,amyAMP,seq_epochs_()_num_478
11,-0.49952355251781144,0.0,0.045411232047073764,0.45454545454545453,0.0,0.09090909090909091,0.09090909090909091,0.18181818181818182,0.927272727272727,0.0,1.3727272727272726,5.587523078918457,2.7321588913645702,1.09894939785051,0.0,0.2727272727272727,0.09090909090909091,0.6091883090105701,0.08264462809917356,amyAMP,seq_epochs_()_num_479
17,3.843279798447887,0.23529411764705882,0.2260752822616404,0.35294117647058826,0.17647058823529413,0.23529411764705882,0.0,0.23529411764705882,-0.42352941176470577,0.11764705882352941,24.658823529411766,10.477740287780762,3.381580488309164,10.88926190936027,0.49999858333734726,0.29411764705882354,0.35294117647058826,0.7575365066803644,0.08304498269896195,amyAMP,seq_epochs_()_num_480
20,4.868142781114658,0.25,0.2434071390557329,0.55,0.15,0.25,0.0,0.05,0.6849999999999999,0.1,4.575000000000001,10.193305778503419,3.208694969562842,8.851152599931014,0.27272677686040564,0.4,0.35,1.0003057790985301,0.1375,amyAMP,seq_epochs_()_num_481
20,2.7580936122913,0.15,0.137904680614565,0.25,0.05,0.15,0.0,0.35,0.04999999999999995,0.05,28.185000000000002,11.16626262664795,3.308694969562842,11.032330319843922,0.1999992000032,0.25,0.2,1.2436267910191405,0.0375,amyAMP,seq_epochs_()_num_482
25,3.8422807974488857,0.16,0.15369123189795542,0.4,0.08,0.16,0.0,0.24,0.09200000000000003,0.04,7.731999999999999,10.176866340637208,3.383465189601647,9.605677979427266,0.19999950000125,0.28,0.16,1.1314840242046111,0.064,amyAMP,seq_epochs_()_num_483
10,-0.15272419755611044,0.0,0.015272419755611045,0.5,0.1,0.0,0.0,0.3,0.9,0.0,66.28,6.741127204895021,2.721928094887362,0.3054477842166524,0.1999996000008,0.3,0.0,0.5539118526129557,0.0,amyAMP,seq_epochs_()_num_484
24,7.452154451225592,0.3333333333333333,0.310506435467733,0.375,0.041666666666666664,0.3333333333333333,0.0,0.20833333333333334,-0.4249999999999998,0.041666666666666664,6.754166666666669,10.845145606994631,2.7364405016961446,19.87235887697791,0.11111081481560493,0.16666666666666666,0.375,0.6641989659507457,0.125,amyAMP,seq_epochs_()_num_485
17,2.7571046111923003,0.17647058823529413,0.16218262418778237,0.47058823529411764,0.11764705882352941,0.17647058823529413,0.0,0.11764705882352941,0.7823529411764705,0.11764705882352941,-28.247058823529414,10.302063941955566,2.8221819586428727,5.858834848759585,0.2499994687511289,0.47058823529411764,0.29411764705882354,0.8827271763748986,0.08304498269896195,amyAMP,seq_epochs_()_num_486
18,3.7561056101932997,0.2222222222222222,0.20867253389962775,0.6111111111111112,0.05555555555555555,0.2222222222222222,0.0,0.05555555555555555,1.2944444444444447,0.05555555555555555,-14.655555555555557,10.477740287780762,2.8365916681089787,6.146344577207,0.09090894214900375,0.5,0.2777777777777778,0.7137688734352781,0.13580246913580246,amyAMP,seq_epochs_()_num_487
14,-0.15272419755611044,0.0,0.010908871254007888,0.42857142857142855,0.07142857142857142,0.0,0.0,0.42857142857142855,0.6571428571428569,0.0,9.285714285714286,6.741127204895021,3.039148671903071,0.356355629467789,0.1666662777786852,0.2857142857142857,0.0,1.5226291775301852,0.0,amyAMP,seq_epochs_()_num_488
13,-0.0654282493606797,0.0,0.0050329422585138235,0.3076923076923077,0.38461538461538464,0.07692307692307693,0.07692307692307693,0.07692307692307693,-0.4923076923076923,0.23076923076923078,35.823076923076925,6.918351173400879,3.085055102756477,0.2126411193385712,1.2499959375132033,0.15384615384615385,0.3076923076923077,0.6639721016667909,0.04733727810650888,amyAMP,seq_epochs_()_num_489
19,2.7590826133903,0.15789473684210525,0.14521487438896316,0.47368421052631576,0.05263157894736842,0.15789473684210525,0.0,0.3157894736842105,0.1526315789473683,0.05263157894736842,17.342105263157897,11.999967765808105,3.070847093622518,5.824717664975564,0.11111087654370508,0.21052631578947367,0.21052631578947367,1.2575884631190333,0.07479224376731301,amyAMP,seq_epochs_()_num_490
26,1.8062665831157252,0.07692307692307693,0.06947179165829712,0.5,0.19230769230769232,0.07692307692307693,0.0,0.2692307692307692,0.2884615384615384,0.15384615384615385,4.207692307692309,9.044994926452638,3.53641423712223,3.612525941179568,0.3846146153861538,0.3076923076923077,0.15384615384615385,1.4410999497954142,0.038461538461538464,amyAMP,seq_epochs_()_num_491
25,2.8343778093478775,0.12,0.11337511237391511,0.4,0.12,0.12,0.0,0.24,0.4279999999999999,0.08,12.804000000000002,9.790313911437984,3.5434651896016467,7.0859268085526725,0.299999250001875,0.32,0.24,1.2430110624035173,0.048,amyAMP,seq_epochs_()_num_492
26,7.754087608395295,0.3076923076923077,0.29823413878443444,0.4230769230769231,0.11538461538461539,0.3076923076923077,0.0,0.23076923076923078,-0.23461538461538448,0.11538461538461539,26.384615384615383,11.999967765808105,3.2475767369558097,18.32780011777042,0.27272662810069725,0.2692307692307692,0.4230769230769231,1.057901092505003,0.1301775147928994,amyAMP,seq_epochs_()_num_493
8,1.758103612191301,0.25,0.21976295152391262,0.125,0.0,0.25,0.0,0.5,-1.2624999999999997,0.0,15.912500000000001,10.002737236022949,2.5,14.06471637979937,0.0,0.125,0.25,1.1434604610085004,0.03125,amyAMP,seq_epochs_()_num_494
18,5.755096609294297,0.3333333333333333,0.3197275894052387,0.2222222222222222,0.05555555555555555,0.3333333333333333,0.0,0.3333333333333333,-0.9944444444444446,0.05555555555555555,52.994444444444454,11.38842067718506,2.927451224964519,25.89781820164243,0.2499988750050625,0.16666666666666666,0.3888888888888889,0.48248878593268246,0.07407407407407407,amyAMP,seq_epochs_()_num_495
20,1.9324519887004747,0.1,0.09662259943502374,0.5,0.15,0.1,0.0,0.1,0.8800000000000001,0.05,27.71,10.002866172790526,3.0841837197791886,3.864896247608454,0.29999940000119996,0.3,0.15,1.257205758327737,0.05,amyAMP,seq_epochs_()_num_496
17,3.7560956102932983,0.23529411764705882,0.22094680060548813,0.5882352941176471,0.11764705882352941,0.23529411764705882,0.0,0.11764705882352941,0.3470588235294118,0.11764705882352941,-11.67058823529412,10.461623191833493,3.2927701939369904,6.385351682400747,0.19999966000057798,0.4117647058823529,0.29411764705882354,0.8571670629670872,0.1384083044982699,amyAMP,seq_epochs_()_num_498
22,1.819164576211738,0.09090909090909091,0.08268929891871536,0.36363636363636365,0.09090909090909091,0.09090909090909091,0.0,0.22727272727272727,0.6590909090909091,0.045454545454545456,44.43181818181819,10.002479362487794,3.4251185503571393,5.002688827188005,0.24999931250189064,0.22727272727272727,0.13636363636363635,0.6239670359683903,0.03305785123966942,amyAMP,seq_epochs_()_num_499
18,-0.17352517875313123,0.0,0.00964028770850729,0.6666666666666666,0.1111111111111111,0.0,0.0,0.16666666666666666,2.1999999999999993,0.05555555555555555,29.66666666666667,6.722199821472168,3.086048612313038,0.2602873776986303,0.16666641666704166,0.5,0.1111111111111111,1.0779120348729225,0.0,amyAMP,seq_epochs_()_num_500
15,2.880051773111672,0.2,0.19200345154077814,0.4666666666666667,0.06666666666666667,0.2,0.0,0.26666666666666666,0.4866666666666666,0.0,13.799999999999999,10.302321815490721,2.282588730501833,6.171526289111535,0.14285683673534985,0.4,0.2,1.4554190860491432,0.09333333333333334,amyAMP,seq_epochs_()_num_501
27,3.909653005505453,0.14814814814814814,0.14480196316686864,0.3333333333333333,0.1111111111111111,0.14814814814814814,0.0,0.37037037037037035,0.22962962962962966,0.037037037037037035,16.829629629629625,9.595554924011228,3.2122399297781636,11.728923829744872,0.33333233333633333,0.25925925925925924,0.2222222222222222,0.7338498982523071,0.04938271604938271,amyAMP,seq_epochs_()_num_502
15,1.7600816143893008,0.13333333333333333,0.11733877429262005,0.26666666666666666,0.06666666666666667,0.13333333333333333,0.0,0.26666666666666666,0.3866666666666667,0.06666666666666667,40.57333333333333,11.999967765808105,3.0565647621309537,6.6002813029049925,0.24999906250351564,0.2,0.2,1.1657873147311035,0.035555555555555556,amyAMP,seq_epochs_()_num_503
6,0.7600916142893016,0.16666666666666666,0.1266819357148836,0.8333333333333334,0.16666666666666666,0.16666666666666666,0.0,0.0,1.9166666666666667,0.16666666666666666,40.43333333333334,9.750021171569824,1.7924812503605778,0.9121088426165507,0.19999976000028796,0.6666666666666666,0.3333333333333333,1.0889597482613091,0.1388888888888889,amyAMP,seq_epochs_()_num_504
20,0.7492016230912921,0.05,0.0374600811545646,0.45,0.15,0.05,0.0,0.35,0.43,0.15,-0.6449999999999978,8.22224941253662,3.270950594454668,1.664888796005547,0.3333325925942387,0.3,0.25,0.5915381119872548,0.022500000000000003,amyAMP,seq_epochs_()_num_505
13,3.7329493893561474,0.3076923076923077,0.28714995302739593,0.5384615384615384,0.23076923076923078,0.3076923076923077,0.0,0.15384615384615385,-0.5846153846153845,0.23076923076923078,126.12307692307691,11.999967765808105,2.9312089489103235,6.932607419676208,0.4285706326545394,0.38461538461538464,0.46153846153846156,1.0615086168076788,0.16568047337278108,amyAMP,seq_epochs_()_num_506
12,2.794855587055084,0.25,0.23290463225459035,0.4166666666666667,0.08333333333333333,0.25,0.0,0.08333333333333333,0.425,0.08333333333333333,-4.191666666666667,11.999967765808105,2.8553885422075336,6.7076373106026566,0.19999952000115198,0.25,0.3333333333333333,0.32381498269065956,0.10416666666666667,amyAMP,seq_epochs_()_num_507
14,1.758103612191301,0.14285714285714285,0.12557882944223578,0.42857142857142855,0.0,0.14285714285714285,0.0,0.2857142857142857,0.7285714285714285,0.0,33.26428571428571,10.002737236022949,3.09306920777189,4.102232189904593,0.0,0.2857142857142857,0.14285714285714285,0.9728158516669914,0.06122448979591836,amyAMP,seq_epochs_()_num_508
20,-0.16262518765512024,0.0,0.008131259382756013,0.25,0.05,0.0,0.0,0.55,0.49499999999999994,0.0,22.04,6.731919288635253,3.003701696057348,0.6504981486278866,0.1999992000032,0.2,0.05,1.0167475337159086,0.0,amyAMP,seq_epochs_()_num_509
27,4.930443986802472,0.18518518518518517,0.1826090365482397,0.4074074074074074,0.07407407407407407,0.18518518518518517,0.0,0.2222222222222222,0.18518518518518517,0.0,10.981481481481481,11.333815956115721,3.5137847242254345,12.101969171863557,0.1818177355382855,0.3333333333333333,0.18518518518518517,1.044406050899821,0.07544581618655692,amyAMP,seq_epochs_()_num_510
13,-0.26601161004484764,0.0,0.020462431541911356,0.7692307692307693,0.0,0.0,0.0,0.15384615384615385,2.6153846153846154,0.0,24.04615384615385,5.494989204406737,2.5654483718208256,0.34581464349926533,0.0,0.6153846153846154,0.0,0.5874855265259001,0.0,amyAMP,seq_epochs_()_num_511
15,3.7560956102932983,0.26666666666666666,0.25040637401955324,0.4,0.13333333333333333,0.26666666666666666,0.0,0.3333333333333333,-0.1266666666666666,0.13333333333333333,10.993333333333332,10.461623191833493,2.682588730501833,9.39021555019437,0.3333325000020833,0.4,0.3333333333333333,1.8191892721795475,0.10666666666666667,amyAMP,seq_epochs_()_num_512
16,1.4973576845443421,0.125,0.09358485528402138,0.5625,0.0625,0.125,0.0,0.0625,1.35625,0.0625,31.175,9.700251579284668,3.125,2.6619644845864134,0.11111091358059808,0.4375,0.125,0.7516856936570527,0.0703125,amyAMP,seq_epochs_()_num_513
19,3.757084611392298,0.21052631578947367,0.19774129533643672,0.42105263157894735,0.10526315789473684,0.21052631578947367,0.0,0.21052631578947367,-0.0368421052631578,0.10526315789473684,0.3684210526315804,11.097152519226071,3.616348566075163,8.923054759801655,0.24999940625141018,0.3157894736842105,0.2631578947368421,1.2087397725757538,0.08864265927977838,amyAMP,seq_epochs_()_num_514
25,5.103803362212646,0.2,0.20415213448850583,0.4,0.16,0.2,0.0,0.08,0.14,0.0,63.704,10.602551078796388,3.139470570797252,12.759476506840347,0.3999990000025,0.32,0.2,1.1304303440155452,0.08000000000000002,amyAMP,seq_epochs_()_num_515
18,2.74819262219229,0.16666666666666666,0.15267736789957168,0.5,0.1111111111111111,0.16666666666666666,0.0,0.3333333333333333,0.022222222222222216,0.1111111111111111,20.772222222222222,10.061919212341309,3.197159723424149,5.496374251636077,0.22222177777866664,0.3333333333333333,0.3333333333333333,0.8695642579718679,0.08333333333333333,amyAMP,seq_epochs_()_num_517
24,3.99881519585804,0.16666666666666666,0.16661729982741832,0.4166666666666667,0.25,0.16666666666666666,0.0,0.16666666666666666,0.48750000000000027,0.125,24.758333333333336,9.850849723815916,3.4906015629507228,9.597133436939048,0.599998560003456,0.3333333333333333,0.375,1.1920706811370783,0.06944444444444445,amyAMP,seq_epochs_()_num_518
14,0.7503123841311359,0.07142857142857142,0.05359374172365256,0.42857142857142855,0.07142857142857142,0.14285714285714285,0.07142857142857142,0.2857142857142857,0.6500000000000001,0.07142857142857142,32.57142857142858,8.222056007385255,3.09306920777189,1.7507248112814242,0.1666662777786852,0.2857142857142857,0.2857142857142857,0.8427305992478794,0.09183673469387754,amyAMP,seq_epochs_()_num_519
27,4.920542996703462,0.18518518518518517,0.18224233321123934,0.18518518518518517,0.1111111111111111,0.18518518518518517,0.0,0.37037037037037035,-0.5629629629629629,0.037037037037037035,65.51481481481481,10.479416465759275,3.48582592784901,26.57078869993972,0.5999967600174959,0.14814814814814814,0.25925925925925924,1.0740791004825374,0.034293552812071325,amyAMP,seq_epochs_()_num_520
16,3.7560956102932983,0.25,0.23475597564333114,0.375,0.1875,0.25,0.0,0.3125,-0.76875,0.1875,12.206250000000004,10.461623191833493,3.2806390622295662,10.016228250840127,0.49999866667022225,0.375,0.375,1.2575635076392402,0.09375,amyAMP,seq_epochs_()_num_521
14,2.7590826133903,0.21428571428571427,0.19707732952787857,0.5714285714285714,0.07142857142857142,0.21428571428571427,0.0,0.07142857142857142,0.7142857142857143,0.07142857142857142,-2.8428571428571434,11.999967765808105,3.09306920777189,4.8283861237573085,0.1249997812503828,0.42857142857142855,0.2857142857142857,1.3989639914492484,0.12244897959183672,amyAMP,seq_epochs_()_num_522
9,2.7561056101932992,0.3333333333333333,0.30623395668814435,0.4444444444444444,0.1111111111111111,0.3333333333333333,0.0,0.1111111111111111,0.04444444444444443,0.1111111111111111,8.88888888888889,10.00138339996338,2.4193819456463714,6.201223670181666,0.24999943750126563,0.4444444444444444,0.3333333333333333,2.1861641611809675,0.14814814814814814,amyAMP,seq_epochs_()_num_523
10,1.7633842759374478,0.19999999999999998,0.1763384275937448,0.4,0.2,0.3,0.1,0.0,-0.8800000000000001,0.2,108.34,10.835024070739745,2.7219280948873625,4.408449668719448,0.49999875000312505,0.1,0.5,1.986286967893852,0.16000000000000003,amyAMP,seq_epochs_()_num_524
22,0.48945469644333417,0.045454545454545456,0.02224794074742428,0.5454545454545454,0.09090909090909091,0.045454545454545456,0.0,0.3181818181818182,1.7090909090909088,0.09090909090909091,33.60909090909091,7.975528907775878,3.390805482076981,0.8973319650375101,0.1666663611116713,0.5,0.18181818181818182,0.7315101644938475,0.024793388429752063,amyAMP,seq_epochs_()_num_525
22,-0.07632824045869047,0.0,0.0034694654753950212,0.45454545454545453,0.18181818181818182,0.045454545454545456,0.045454545454545456,0.18181818181818182,0.6590909090909091,0.09090909090909091,24.82272727272727,6.907494926452637,3.606936732175321,0.16792175958124797,0.39999912000193605,0.36363636363636365,0.13636363636363635,0.7520257499655209,0.04132231404958678,amyAMP,seq_epochs_()_num_526
19,3.7938465861560817,0.21052631578947367,0.19967613611347798,0.42105263157894735,0.10526315789473684,0.21052631578947367,0.0,0.2631578947368421,0.0526315789473684,0.10526315789473684,57.042105263157886,11.723011589050294,3.286629486786195,9.01036424250562,0.24999940625141018,0.3157894736842105,0.2631578947368421,1.0289776775382289,0.08864265927977838,amyAMP,seq_epochs_()_num_527
24,6.754087608395295,0.2916666666666667,0.28142031701647063,0.4583333333333333,0.08333333333333333,0.2916666666666667,0.0,0.16666666666666666,-0.049999999999999996,0.08333333333333333,51.19166666666667,11.263738822937015,2.9193721485946105,14.736158993970113,0.18181778512483246,0.2916666666666667,0.3333333333333333,0.8847093600244119,0.13368055555555555,amyAMP,seq_epochs_()_num_528
15,3.7561056101932997,0.26666666666666666,0.2504070406795533,0.6,0.0,0.26666666666666666,0.0,0.13333333333333333,0.7533333333333335,0.0,-15.226666666666663,10.477740287780762,2.1735572622751853,6.2601655833795276,0.0,0.3333333333333333,0.26666666666666666,0.737489131724685,0.16,amyAMP,seq_epochs_()_num_529
16,2.4591274584185965,0.1875,0.15369546615116228,0.25,0.0625,0.1875,0.0,0.3125,-0.45624999999999993,0.0625,88.50625,11.999967765808105,2.952819531114783,9.836470487792436,0.24999900000400002,0.1875,0.25,0.8404780196781562,0.046875,amyAMP,seq_epochs_()_num_530
15,0.7319903879571505,0.06666666666666667,0.04879935919714337,0.4666666666666667,0.06666666666666667,0.06666666666666667,0.0,0.3333333333333333,0.25333333333333335,0.06666666666666667,22.66,8.56148204803467,3.189898095464287,1.5685474701636009,0.14285683673534985,0.26666666666666666,0.06666666666666667,0.7398641897170808,0.03111111111111111,amyAMP,seq_epochs_()_num_531
10,1.758103612191301,0.2,0.1758103612191301,0.4,0.0,0.2,0.0,0.1,0.6000000000000002,0.0,15.699999999999998,10.002737236022949,2.7219280948873625,4.395248042358147,0.0,0.3,0.2,0.6869379535182787,0.08000000000000002,amyAMP,seq_epochs_()_num_532
13,-0.4526793525278141,0.0,0.0348214886559857,0.46153846153846156,0.07692307692307693,0.0,0.0,0.23076923076923078,1.2923076923076924,0.0,7.015384615384616,6.4564207077026365,3.0269868333592873,0.9808031387367966,0.16666630555633796,0.38461538461538464,0.0,0.5020684298065314,0.0,amyAMP,seq_epochs_()_num_533
25,7.754900068370505,0.32,0.3101960027348202,0.32,0.08,0.36,0.04,0.16,-0.9399999999999998,0.08,34.040000000000006,10.790283012390137,3.297796811598595,24.23398698244851,0.2499992187524414,0.24,0.4,1.6910377211688838,0.128,amyAMP,seq_epochs_()_num_534
12,-1.512817756404576,-0.08333333333333333,0.126068146367048,0.5,0.16666666666666666,0.0,0.08333333333333333,0.3333333333333333,0.708333333333333,0.08333333333333333,11.06666666666667,5.210453224182127,2.5220552088742005,3.0256294615502286,0.33333266666799993,0.5,0.0,0.8708880213730427,0.041666666666666664,amyAMP,seq_epochs_()_num_535
18,1.7946890458312938,0.1111111111111111,0.09970494699062743,0.3333333333333333,0.16666666666666666,0.16666666666666666,0.05555555555555555,0.3888888888888889,-0.6833333333333331,0.16666666666666666,76.37777777777778,9.529410362243652,3.3082708345352603,5.384050985340926,0.4999985000045,0.2222222222222222,0.2777777777777778,1.0083516825084982,0.07407407407407407,amyAMP,seq_epochs_()_num_536
24,7.8382747935528805,0.3333333333333333,0.32659478306470335,0.3333333333333333,0.125,0.3333333333333333,0.0,0.125,-0.8666666666666668,0.08333333333333333,47.554166666666674,10.535117149353027,3.4013636691975444,23.514753836397137,0.37499887500337503,0.2916666666666667,0.3333333333333333,1.6371055739110651,0.1111111111111111,amyAMP,seq_epochs_()_num_538
23,2.8442787994468874,0.13043478260869565,0.12366429562812555,0.34782608695652173,0.17391304347826086,0.13043478260869565,0.0,0.2608695652173913,-0.04782608695652179,0.13043478260869565,12.4,10.302063941955566,3.2946635862096043,8.177278038735441,0.4999985625041328,0.30434782608695654,0.2608695652173913,1.1265443875143168,0.04536862003780718,amyAMP,seq_epochs_()_num_539
12,2.7571046111923003,0.25,0.22975871759935837,0.4166666666666667,0.0,0.25,0.0,0.3333333333333333,-0.1666666666666666,0.0,2.091666666666667,10.302063941955566,2.688721875540867,6.617035185977074,0.0,0.25,0.25,0.5806966156310699,0.10416666666666667,amyAMP,seq_epochs_()_num_540
15,1.759092613290301,0.13333333333333333,0.11727284088602007,0.4666666666666667,0.13333333333333333,0.13333333333333333,0.0,0.2,0.6066666666666667,0.13333333333333333,80.17333333333333,11.000836753845213,3.2402239289418517,3.769476093887587,0.2857136734706997,0.3333333333333333,0.26666666666666666,1.1635372922952143,0.06222222222222222,amyAMP,seq_epochs_()_num_541
14,3.7570946112922994,0.2857142857142857,0.26836390080659284,0.5,0.07142857142857142,0.2857142857142857,0.0,0.07142857142857142,0.3142857142857142,0.07142857142857142,-33.16428571428572,11.263867759704592,3.039148671903071,7.51417419423621,0.14285685714342855,0.35714285714285715,0.35714285714285715,1.851613080922475,0.14285714285714285,amyAMP,seq_epochs_()_num_542
8,-0.20412541214591307,0.0,0.025515676518239133,0.625,0.0,0.0,0.0,0.25,1.1875000000000002,0.0,-12.475000000000001,5.57001667022705,2.0,0.3266001368732419,0.0,0.125,0.0,0.8094964461815455,0.0,amyAMP,seq_epochs_()_num_543
13,0.7591026131903019,0.07692307692307693,0.0583925087069463,0.5384615384615384,0.07692307692307693,0.07692307692307693,0.0,0.15384615384615385,1.8307692307692305,0.07692307692307693,-10.361538461538462,8.750052070617677,3.0269868333592873,1.4097593778002877,0.14285687755151313,0.5384615384615384,0.15384615384615385,0.430941599419652,0.04142011834319527,amyAMP,seq_epochs_()_num_544
26,5.755096609294297,0.23076923076923078,0.22134986958824218,0.46153846153846156,0.11538461538461539,0.23076923076923078,0.0,0.11538461538461539,0.2846153846153849,0.11538461538461539,4.3999999999999995,11.38842067718506,3.349692968957871,12.469348969881542,0.24999945833450696,0.3076923076923077,0.34615384615384615,1.4264702263011044,0.10650887573964499,amyAMP,seq_epochs_()_num_545
25,2.841281796449884,0.12,0.11365127185799537,0.52,0.16,0.12,0.0,0.28,0.02799999999999999,0.12,23.844,9.701089668273926,3.292878689342031,5.463992947032571,0.30769171597746925,0.44,0.12,1.1824494500480573,0.0624,amyAMP,seq_epochs_()_num_546
8,0.7591026131903019,0.125,0.09488782664878774,0.25,0.0,0.125,0.0,0.375,-0.17500000000000016,0.0,-12.475000000000001,8.750052070617677,3.0,3.036398307167979,0.0,0.125,0.125,1.2828437626286708,0.03125,amyAMP,seq_epochs_()_num_547
12,-0.510545303556666,0.0,0.04254544196305551,0.5833333333333334,0.08333333333333333,0.0,0.0,0.16666666666666666,2.2416666666666667,0.08333333333333333,89.0,5.27252140045166,3.0849625007211556,0.8752190200073932,0.14285689795960346,0.5,0.08333333333333333,1.2254902507896526,0.0,amyAMP,seq_epochs_()_num_548
13,0.7600916142893016,0.07692307692307693,0.05846858571456166,0.5384615384615384,0.07692307692307693,0.07692307692307693,0.0,0.23076923076923078,1.7769230769230768,0.07692307692307693,38.861538461538466,9.750021171569824,2.7773627950641697,1.411596090715963,0.14285687755151313,0.5384615384615384,0.15384615384615385,0.8468573499359231,0.04142011834319527,amyAMP,seq_epochs_()_num_549
26,4.669698059155513,0.19230769230769232,0.17960377150598125,0.4230769230769231,0.15384615384615385,0.19230769230769232,0.0,0.15384615384615385,0.011538461538461635,0.07692307692307693,-0.5576923076923078,10.582501411437985,3.334679141051594,11.037442051322728,0.363635504134263,0.23076923076923078,0.23076923076923078,0.7936516184030434,0.08136094674556213,amyAMP,seq_epochs_()_num_550
20,0.9314529877014737,0.05,0.04657264938507368,0.55,0.25,0.05,0.0,0.2,0.8300000000000001,0.15000000000000002,28.65,8.512163734436037,3.4841837197791885,1.69354780755212,0.45454462810067614,0.45,0.1,1.405081789308714,0.027500000000000004,amyAMP,seq_epochs_()_num_551
23,5.878043771213668,0.2608695652173913,0.25556712048755076,0.43478260869565216,0.21739130434782608,0.2608695652173913,0.0,0.17391304347826086,0.13478260869565217,0.17391304347826086,-9.295652173913044,11.38848514556885,3.2903216092483056,13.519469579011405,0.49999885000264505,0.391304347826087,0.43478260869565216,0.7019021998915728,0.11342155009451796,amyAMP,seq_epochs_()_num_552
12,2.795844588154084,0.25,0.2329870490128403,0.4166666666666667,0.0,0.25,0.0,0.08333333333333333,-0.35000000000000003,0.0,-18.34166666666667,11.999967765808105,2.355388542207534,6.710010907543623,0.0,0.08333333333333333,0.25,1.0766366051626994,0.10416666666666667,amyAMP,seq_epochs_()_num_553
12,0.8201635772107384,0.08333333333333333,0.06834696476756154,0.75,0.16666666666666666,0.08333333333333333,0.0,0.08333333333333333,2.1333333333333333,0.08333333333333333,2.4250000000000034,8.728197288513183,2.751629167387823,1.093549978214347,0.22222192592632098,0.6666666666666666,0.16666666666666666,1.1869530416391572,0.0625,amyAMP,seq_epochs_()_num_554
15,0.9334509896994757,0.06666666666666667,0.06223006597996505,0.4666666666666667,0.13333333333333333,0.06666666666666667,0.0,0.26666666666666666,0.6066666666666667,0.0,45.80666666666666,8.76417064666748,2.923231428797621,2.000247834539231,0.2857136734706997,0.4,0.06666666666666667,1.0024271714172661,0.03111111111111111,amyAMP,seq_epochs_()_num_555
17,1.7928775848570844,0.11764705882352941,0.10546338734453438,0.4117647058823529,0.17647058823529413,0.11764705882352941,0.0,0.47058823529411764,-0.8823529411764706,0.1764705882352941,-23.25294117647059,9.703926277160644,2.771902372038559,4.3541207032169265,0.4285703877576298,0.11764705882352941,0.23529411764705882,1.011172587264354,0.04844290657439446,amyAMP,seq_epochs_()_num_556
14,3.729992385959149,0.2857142857142857,0.26642802756851064,0.5,0.0,0.2857142857142857,0.0,0.14285714285714285,0.6285714285714287,0.0,-2.15,10.477675819396971,2.6644977792004614,7.4599698519785935,0.0,0.35714285714285715,0.2857142857142857,1.121330766269794,0.14285714285714285,amyAMP,seq_epochs_()_num_557
18,4.757074611492296,0.2777777777777778,0.26428192286068314,0.3888888888888889,0.05555555555555555,0.2777777777777778,0.0,0.2222222222222222,-0.5499999999999999,0.05555555555555555,68.34444444444445,11.733971214294431,3.239097917988786,12.232446117547317,0.1428567755111487,0.2777777777777778,0.2777777777777778,1.380678091101094,0.1080246913580247,amyAMP,seq_epochs_()_num_558
9,-0.15272419755611044,0.0,0.01696935528401227,0.8888888888888888,0.2222222222222222,0.0,0.0,0.0,2.4444444444444446,0.1111111111111111,34.56666666666667,6.741127204895021,2.4193819456463714,0.17181452895927918,0.2499997187503164,0.6666666666666666,0.1111111111111111,0.8358197712197354,0.0,amyAMP,seq_epochs_()_num_559
21,1.7383016319932811,0.09523809523809523,0.08277626819015624,0.42857142857142855,0.047619047619047616,0.09523809523809523,0.0,0.19047619047619047,1.2047619047619047,0.047619047619047616,40.43333333333334,8.9037446975708,3.3680424225727155,4.056027677253076,0.1111108518524568,0.2857142857142857,0.23809523809523808,1.1086583976570272,0.04081632653061224,amyAMP,seq_epochs_()_num_560
15,1.74720362109329,0.13333333333333333,0.11648024140621933,0.4666666666666667,0.06666666666666667,0.13333333333333333,0.0,0.2,1.4533333333333331,0.06666666666666667,3.9066666666666667,9.197140312194826,2.872905595320056,3.743999736629043,0.14285683673534985,0.4666666666666667,0.2,0.8482324907243348,0.06222222222222222,amyAMP,seq_epochs_()_num_561
16,1.7966770479292946,0.125,0.11229231549558091,0.3125,0.0625,0.1875,0.0625,0.375,-0.23125000000000007,0.0625,38.856249999999996,9.994936561584474,3.327819531114783,5.7493481554596455,0.19999936000204802,0.25,0.25,0.624481610511278,0.078125,amyAMP,seq_epochs_()_num_562
11,1.7491916231912912,0.18181818181818182,0.15901742029011737,0.36363636363636365,0.0,0.18181818181818182,0.0,0.36363636363636365,0.24545454545454543,0.0,18.881818181818183,9.507748985290526,3.277613436819116,4.8102637355507785,0.0,0.2727272727272727,0.2727272727272727,0.6886337774017556,0.06611570247933884,amyAMP,seq_epochs_()_num_563
23,7.84225079774888,0.34782608695652173,0.34096742598908175,0.391304347826087,0.17391304347826086,0.34782608695652173,0.0,0.08695652173913043,-0.717391304347826,0.13043478260869565,64.73478260869564,11.999967765808105,3.464234652726567,20.041256377703064,0.4444433086448779,0.2608695652173913,0.4782608695652174,0.9544242495188477,0.13610586011342155,amyAMP,seq_epochs_()_num_564
27,2.7571046111923003,0.1111111111111111,0.10211498559971482,0.5185185185185185,0.07407407407407407,0.1111111111111111,0.0,0.14814814814814814,0.5407407407407407,0.07407407407407407,0.32592592592592523,10.302063941955566,3.198738893607784,5.317262924006655,0.1428568673474701,0.2222222222222222,0.18518518518518517,0.8877750737835096,0.05761316872427983,amyAMP,seq_epochs_()_num_565
18,2.7087710308853477,0.16666666666666666,0.15048727949363042,0.3333333333333333,0.2222222222222222,0.16666666666666666,0.0,0.2777777777777778,-0.2722222222222223,0.05555555555555555,45.822222222222216,9.788508796691893,3.1552215288595122,8.126288713789902,0.6666646666726667,0.3333333333333333,0.2777777777777778,1.0206870319616042,0.05555555555555555,amyAMP,seq_epochs_()_num_566
8,-0.15272419755611044,0.0,0.019090524694513805,0.5,0.125,0.0,0.0,0.125,1.4874999999999998,0.0,63.675,6.741127204895021,2.4056390622295662,0.3054477842166524,0.249999500001,0.375,0.0,1.5653170416500408,0.0,amyAMP,seq_epochs_()_num_567
25,1.8445223193285747,0.08,0.07378089277314298,0.48,0.12,0.16,0.08,0.08,0.17199999999999988,0.08,1.3960000000000001,9.404792976379394,3.493660689688185,3.842746826211976,0.24999947916775175,0.32,0.2,0.7753597676056116,0.1152,amyAMP,seq_epochs_()_num_568
13,5.7570646115922965,0.46153846153846156,0.4428511239686382,0.46153846153846156,0.3076923076923077,0.46153846153846156,0.0,0.07692307692307693,-1.1153846153846154,0.3076923076923077,88.27692307692305,11.999967765808105,2.7773627950641693,12.473612965621884,0.6666652222253519,0.38461538461538464,0.6923076923076923,0.2776748103007741,0.21301775147928997,amyAMP,seq_epochs_()_num_569
13,0.7493133831321348,0.07692307692307693,0.05763949101016422,0.46153846153846156,0.15384615384615385,0.15384615384615385,0.07692307692307693,0.3076923076923077,-0.13846153846153836,0.15384615384615385,68.96153846153845,8.19736461639404,3.3927474104487847,1.6235088125171984,0.3333326111126759,0.3076923076923077,0.3076923076923077,1.4737024559053822,0.10650887573964499,amyAMP,seq_epochs_()_num_570
13,0.758103612191301,0.07692307692307693,0.05831566247625392,0.6923076923076923,0.15384615384615385,0.07692307692307693,0.0,0.07692307692307693,1.284615384615385,0.15384615384615385,48.184615384615384,8.590879631042483,3.180832987205441,1.0950369692229236,0.22222190123503155,0.38461538461538464,0.15384615384615385,0.6092392813100088,0.05325443786982249,amyAMP,seq_epochs_()_num_571
18,3.7561056101932997,0.2222222222222222,0.20867253389962775,0.6111111111111112,0.0,0.2222222222222222,0.0,0.05555555555555555,0.9833333333333335,0.0,9.716666666666665,10.477740287780762,2.725480556997868,6.146344577207,0.0,0.3888888888888889,0.2222222222222222,0.5577125284989005,0.13580246913580246,amyAMP,seq_epochs_()_num_572
24,5.841271796549883,0.25,0.24338632485624512,0.375,0.08333333333333333,0.25,0.0,0.125,-0.029166666666666674,0.041666666666666664,32.06666666666666,10.676109504699706,3.4031071683628116,15.57668325297768,0.22222162963120987,0.3333333333333333,0.25,1.230536777179246,0.09375,amyAMP,seq_epochs_()_num_573
25,2.75891607216651,0.12,0.11035664288666039,0.44,0.04,0.16,0.04,0.2,0.6800000000000002,0.04,-1.3600000000000003,10.00138339996338,3.3834651896016465,6.270249549811273,0.09090888429799024,0.32,0.2,0.8832526165372726,0.08800000000000001,amyAMP,seq_epochs_()_num_574
18,2.7589060722665084,0.16666666666666666,0.15327255957036157,0.5,0.2222222222222222,0.2222222222222222,0.05555555555555555,0.16666666666666666,-0.49444444444444435,0.2222222222222222,-0.033333333333330155,9.9971284866333,3.5724312513221195,5.517801108930799,0.4444435555573333,0.2777777777777778,0.3888888888888889,1.4852182951460606,0.1388888888888889,amyAMP,seq_epochs_()_num_575
13,1.758103612191301,0.15384615384615385,0.13523873939933084,0.5384615384615384,0.0,0.15384615384615385,0.0,0.0,1.5307692307692307,0.0,5.661538461538462,10.002737236022949,1.9877733714879842,3.2650435018459127,0.0,0.5384615384615384,0.15384615384615385,0.8339365307824745,0.08284023668639054,amyAMP,seq_epochs_()_num_576
9,1.758103612191301,0.2222222222222222,0.19534484579903344,0.6666666666666666,0.1111111111111111,0.2222222222222222,0.0,0.0,1.5555555555555554,0.1111111111111111,6.900000000000001,10.002737236022949,2.5032583347756456,2.6371514625597574,0.16666641666704166,0.5555555555555556,0.3333333333333333,0.471256235331728,0.14814814814814814,amyAMP,seq_epochs_()_num_577
23,1.845277800445888,0.08695652173913043,0.08022946958460384,0.30434782608695654,0.043478260869565216,0.08695652173913043,0.0,0.2608695652173913,0.4086956521739131,0.0,43.26521739130434,10.002801704406739,3.3061706517091873,6.063035708633447,0.14285667347093003,0.21739130434782608,0.08695652173913043,0.5866929896796335,0.026465028355387523,amyAMP,seq_epochs_()_num_578
15,2.757084611392298,0.2,0.18380564075948652,0.4,0.2,0.2,0.0,0.13333333333333333,-0.43333333333333335,0.2,48.56,10.278081703186032,3.0565647621309537,6.892694296745003,0.49999875000312505,0.26666666666666666,0.26666666666666666,1.089210836388878,0.08000000000000002,amyAMP,seq_epochs_()_num_579
19,4.746194620194288,0.2631578947368421,0.24979971685233093,0.47368421052631576,0.05263157894736842,0.2631578947368421,0.0,0.15789473684210525,0.5210526315789472,0.05263157894736842,0.5315789473684209,10.479351997375485,3.326360407952693,10.01972304543929,0.11111087654370508,0.42105263157894735,0.3684210526315789,0.5725992474192391,0.12465373961218836,amyAMP,seq_epochs_()_num_580
13,-0.23989838581069733,0.0,0.018453721985438258,0.23076923076923078,0.0,0.0,0.0,0.5384615384615384,-0.02307692307692313,0.0,37.53846153846154,5.525000190734862,3.085055102756477,1.0395551671072976,0.0,0.15384615384615385,0.0,0.6493573920905125,0.0,amyAMP,seq_epochs_()_num_581
15,1.4472484661215863,0.13333333333333333,0.09648323107477243,0.6666666666666666,0.2,0.13333333333333333,0.0,0.13333333333333333,0.8933333333333334,0.2,18.806666666666665,9.186696434020995,2.9735572622751856,2.170869442878215,0.299999550000675,0.4,0.3333333333333333,0.8750131735344375,0.08888888888888888,amyAMP,seq_epochs_()_num_582
8,1.758103612191301,0.25,0.21976295152391262,0.375,0.0,0.25,0.0,0.375,-1.275,0.0,57.287499999999994,10.002737236022949,2.25,4.688263797140011,0.0,0.125,0.25,0.9647558177981681,0.09375,amyAMP,seq_epochs_()_num_583
26,6.736273630295276,0.2692307692307692,0.2590874473190491,0.3076923076923077,0.11538461538461539,0.2692307692307692,0.0,0.23076923076923078,-0.7,0.11538461538461539,68.75769230769231,11.081422233581542,3.613337314045307,21.89281814680067,0.37499878125396097,0.15384615384615385,0.46153846153846156,1.691837821573326,0.08284023668639054,amyAMP,seq_epochs_()_num_584
7,-0.539853540782401,0.0,0.07712193439748585,0.42857142857142855,0.0,0.0,0.0,0.5714285714285714,0.32857142857142857,0.0,8.571428571428571,5.240009498596191,2.2359263506290326,1.2596553226298497,0.0,0.14285714285714285,0.0,0.6899654984101234,0.0,amyAMP,seq_epochs_()_num_585
9,0.8462768014448888,0.1111111111111111,0.09403075571609876,0.4444444444444444,0.1111111111111111,0.1111111111111111,0.0,0.2222222222222222,1.0222222222222221,0.0,39.9,8.757208061218265,2.6416041678685933,1.9041185189843324,0.24999943750126563,0.4444444444444444,0.1111111111111111,1.2843524384248126,0.04938271604938271,amyAMP,seq_epochs_()_num_586
25,1.9324519887004747,0.08,0.07729807954801898,0.48,0.12,0.08,0.0,0.16,0.7760000000000001,0.04,27.372,10.002866172790526,3.4332696895151082,4.02593325576504,0.24999947916775175,0.36,0.12,1.0462369064860888,0.0384,amyAMP,seq_epochs_()_num_587
20,2.757094611292299,0.15,0.13785473056461495,0.4,0.2,0.15,0.0,0.25,0.30500000000000005,0.2,-15.02,10.289686012268067,3.446439344671015,6.892719296432507,0.49999875000312505,0.35,0.3,0.9777408488937628,0.06,amyAMP,seq_epochs_()_num_588
20,5.754107608195298,0.3,0.2877053804097649,0.3,0.05,0.3,0.0,0.1,-0.29000000000000004,0.05,55.28,10.699318122863769,3.108694969562842,19.180294759668463,0.16666611111296298,0.25,0.35,1.3449537211906963,0.09,amyAMP,seq_epochs_()_num_590
19,1.7571046111922999,0.10526315789473684,0.09247919006275263,0.3157894736842105,0.05263157894736842,0.10526315789473684,0.0,0.3684210526315789,-0.23684210526315788,0.05263157894736842,60.00526315789473,9.703023719787598,2.8655768552072485,5.564146982310173,0.1666661388905602,0.3157894736842105,0.10526315789473684,0.6206054875750437,0.03324099722991689,amyAMP,seq_epochs_()_num_591
18,7.753068607596292,0.4444444444444444,0.43072603375534957,0.3888888888888889,0.2222222222222222,0.4444444444444444,0.0,0.0,-1.3999999999999997,0.2222222222222222,59.5388888888889,11.133963966369631,2.905764584655453,19.93641086876252,0.5714271020445948,0.2777777777777778,0.5,1.3689210150574118,0.1728395061728395,amyAMP,seq_epochs_()_num_592
23,3.748016081068499,0.17391304347826086,0.1629572209160217,0.30434782608695654,0.13043478260869565,0.21739130434782608,0.043478260869565216,0.21739130434782608,-0.1391304347826087,0.13043478260869565,3.6043478260869577,9.868191719055176,3.377278130987436,12.314869517510939,0.4285700204127901,0.2608695652173913,0.391304347826087,0.6907162910514365,0.07939508506616258,amyAMP,seq_epochs_()_num_593
13,2.733958390255149,0.23076923076923078,0.2103044915580884,0.5384615384615384,0.38461538461538464,0.23076923076923078,0.0,0.15384615384615385,-0.8692307692307693,0.38461538461538464,98.86923076923078,11.999967765808105,2.2877837199410704,5.077341866838952,0.7142843877575656,0.15384615384615385,0.6153846153846154,1.1050094509488115,0.1242603550295858,amyAMP,seq_epochs_()_num_594
26,5.832359807549874,0.23076923076923078,0.22432153105961056,0.38461538461538464,0.15384615384615385,0.23076923076923078,0.0,0.19230769230769232,-0.07692307692307687,0.11538461538461539,45.588461538461544,10.57740840911865,3.7483286603655737,15.164096072979884,0.399998960002704,0.2692307692307692,0.34615384615384615,0.9651775826322461,0.08875739644970415,amyAMP,seq_epochs_()_num_595
20,7.741189615299283,0.4,0.38705948076496416,0.4,0.2,0.4,0.0,0.15,-1.4849999999999999,0.2,43.415000000000006,10.30309543609619,3.0086949695628418,19.35292565593407,0.49999875000312505,0.3,0.5,0.9924196900836773,0.16000000000000003,amyAMP,seq_epochs_()_num_596
13,0.7591026131903019,0.07692307692307693,0.0583925087069463,0.5384615384615384,0.07692307692307693,0.07692307692307693,0.0,0.15384615384615385,1.592307692307692,0.07692307692307693,-3.8307692307692314,8.750052070617677,3.085055102756477,1.4097593778002877,0.14285687755151313,0.5384615384615384,0.15384615384615385,0.6591793139462417,0.04142011834319527,amyAMP,seq_epochs_()_num_597
13,0.7591026131903019,0.07692307692307693,0.0583925087069463,0.6153846153846154,0.07692307692307693,0.07692307692307693,0.0,0.23076923076923078,1.8692307692307693,0.07692307692307693,-3.8307692307692314,8.750052070617677,2.9312089489103235,1.2335397419321599,0.12499979687533007,0.5384615384615384,0.15384615384615385,0.6219661150435438,0.04733727810650888,amyAMP,seq_epochs_()_num_598
26,6.752109606197296,0.2692307692307692,0.2596965233152806,0.4230769230769231,0.11538461538461539,0.2692307692307692,0.0,0.3076923076923077,5.124106267500723e-17,0.11538461538461539,10.434615384615386,10.477417945861816,2.6417555860129984,15.959494074025798,0.27272662810069725,0.38461538461538464,0.34615384615384615,1.0246193306026983,0.11390532544378698,amyAMP,seq_epochs_()_num_599
18,5.54032764047918,0.3333333333333333,0.3077959800266211,0.4444444444444444,0.16666666666666666,0.3333333333333333,0.0,0.16666666666666666,-0.4555555555555555,0.1111111111111111,-8.338888888888889,10.398057365417479,2.8218881955261788,12.465709143232585,0.37499915625189845,0.3333333333333333,0.3888888888888889,0.6084920994167079,0.14814814814814814,amyAMP,seq_epochs_()_num_600
23,5.756085610393297,0.2608695652173913,0.25026459175623034,0.4782608695652174,0.043478260869565216,0.2608695652173913,0.0,0.17391304347826086,0.1739130434782608,0.043478260869565216,27.821739130434782,11.999967765808105,3.2733494559629492,12.03542656583953,0.09090890082684372,0.30434782608695654,0.30434782608695654,1.8288821006089657,0.12476370510396975,amyAMP,seq_epochs_()_num_601
21,3.7580736124912977,0.19047619047619047,0.1789558863091094,0.3333333333333333,0.047619047619047616,0.19047619047619047,0.0,0.2857142857142857,0.01904761904761898,0.047619047619047616,0.3476190476190478,11.723011589050294,3.0056785904566765,11.27418701491285,0.142856714287,0.3333333333333333,0.19047619047619047,2.0684150352518302,0.06349206349206349,amyAMP,seq_epochs_()_num_602
10,1.7948655869550851,0.2,0.1794865586955085,0.5,0.2,0.2,0.0,0.2,0.28999999999999987,0.2,89.39,11.001030158996581,2.9219280948873623,3.5897239944621813,0.3999992000016,0.3,0.4,1.4848974693786232,0.1,amyAMP,seq_epochs_()_num_603
24,1.74720362109329,0.08333333333333333,0.07280015087888708,0.375,0.08333333333333333,0.08333333333333333,0.0,0.4583333333333333,0.30416666666666664,0.08333333333333333,33.68333333333334,9.197140312194826,3.2346970025308774,4.659197231722822,0.22222162963120987,0.25,0.16666666666666666,0.7716585926139504,0.03125,amyAMP,seq_epochs_()_num_604
11,1.845277800445888,0.18181818181818182,0.16775252731326254,0.2727272727272727,0.09090909090909091,0.18181818181818182,0.0,0.18181818181818182,-0.09090909090909088,0.0,1.3727272727272726,10.002801704406739,2.9139770731827523,6.765993792991017,0.33333211111559263,0.2727272727272727,0.18181818181818182,0.7454590139265675,0.04958677685950413,amyAMP,seq_epochs_()_num_605
7,0.7591026131903019,0.14285714285714285,0.10844323045575742,0.42857142857142855,0.14285714285714285,0.14285714285714285,0.0,0.2857142857142857,0.37142857142857144,0.14285714285714285,-25.02857142857143,8.750052070617677,2.807354922057604,1.7712352978950097,0.3333325555573704,0.42857142857142855,0.2857142857142857,0.6319782533498189,0.06122448979591836,amyAMP,seq_epochs_()_num_606
13,2.845257800645886,0.23076923076923078,0.21886598466506818,0.46153846153846156,0.15384615384615385,0.23076923076923078,0.0,0.15384615384615385,-0.02307692307692308,0.07692307692307693,68.10769230769232,11.000449943542481,2.9312089489103235,6.164711877857018,0.3333326111126759,0.46153846153846156,0.23076923076923078,0.8610467286118632,0.10650887573964499,amyAMP,seq_epochs_()_num_607
11,1.7600368331063545,0.18181818181818182,0.16000334846421405,0.09090909090909091,0.09090909090909091,0.36363636363636365,0.18181818181818182,0.09090909090909091,-1.5999999999999999,0.09090909090909091,25.063636363636363,9.528249931335449,2.2998963911678914,19.360192202055675,0.9999890001209987,0.09090909090909091,0.45454545454545453,0.6149059180818915,0.04958677685950413,amyAMP,seq_epochs_()_num_608
9,1.748202622092291,0.2222222222222222,0.19424473578803234,0.4444444444444444,0.0,0.2222222222222222,0.0,0.2222222222222222,1.4333333333333336,0.0,7.377777777777779,9.314085960388184,2.725480556997868,3.933447049451794,0.0,0.4444444444444444,0.3333333333333333,0.6342795853301458,0.09876543209876543,amyAMP,seq_epochs_()_num_609
24,2.7373026309942805,0.125,0.11405427629142835,0.5,0.08333333333333333,0.125,0.0,0.20833333333333334,1.1583333333333334,0.08333333333333333,4.250000000000002,9.390158653259277,3.288320189106,5.474594312799935,0.16666633333399997,0.375,0.2916666666666667,0.6561146910150479,0.0625,amyAMP,seq_epochs_()_num_610
15,4.832379807349875,0.3333333333333333,0.32215865382332504,0.13333333333333333,0.06666666666666667,0.3333333333333333,0.0,0.26666666666666666,-0.7533333333333335,0.0,38.24666666666666,10.19852771759033,2.6825887305018328,36.24257673579854,0.4999962500281248,0.13333333333333333,0.4,0.8941620493131798,0.04444444444444444,amyAMP,seq_epochs_()_num_611
20,0.8255779603333648,0.05000000000000002,0.041278898016668245,0.3,0.15,0.2,0.15,0.25,-1.4,0.1,12.075000000000001,8.41017475128174,3.3841837197791884,2.7519173613866785,0.49999833333888893,0.3,0.2,0.6261771815149172,0.105,amyAMP,seq_epochs_()_num_612
15,5.754087608395295,0.4,0.38360584055968633,0.3333333333333333,0.13333333333333333,0.4,0.0,0.0,-1.093333333333333,0.13333333333333333,49.81333333333334,10.655673027038574,2.7898980954642867,17.262211038552774,0.39999880000360005,0.26666666666666666,0.4,1.4157145879776312,0.13333333333333333,amyAMP,seq_epochs_()_num_613
16,1.499335686742342,0.125,0.09370848042139637,0.5,0.0625,0.125,0.0,0.0625,1.08125,0.0625,0.46875,10.834379386901855,2.9056390622295662,2.9986653761539315,0.1249997500005,0.375,0.125,0.9592614772704761,0.0625,amyAMP,seq_epochs_()_num_614
15,4.748172622392287,0.3333333333333333,0.31654484149281914,0.4,0.2,0.3333333333333333,0.0,0.13333333333333333,-0.28,0.2,71.82,11.724107551574708,3.189898095464287,11.870401879976018,0.49999875000312505,0.26666666666666666,0.6,0.6859184183771987,0.13333333333333333,amyAMP,seq_epochs_()_num_615
23,3.5835328717999286,0.17391304347826086,0.15580577703477952,0.34782608695652173,0.08695652173913043,0.17391304347826086,0.0,0.17391304347826086,0.22608695652173919,0.043478260869565216,-23.204347826086963,10.477353477478026,3.36030597770208,10.30262738637106,0.2499992812520664,0.30434782608695654,0.21739130434782608,1.122893304921398,0.060491493383742906,amyAMP,seq_epochs_()_num_616
20,4.455141454322593,0.25,0.22275707271612966,0.45,0.15,0.25,0.0,0.05,0.3499999999999999,0.15000000000000002,33.175000000000004,10.582436943054198,3.1841837197791887,9.900292342289447,0.3333325925942387,0.35,0.35,0.5406742849445241,0.1125,amyAMP,seq_epochs_()_num_617
23,9.83926379465188,0.43478260869565216,0.4277940780283426,0.391304347826087,0.13043478260869565,0.43478260869565216,0.0,0.08695652173913043,-1.0347826086956518,0.08695652173913043,58.66086956521738,11.999967765808105,3.012479890745558,25.144720994267818,0.3333324814836584,0.21739130434782608,0.5217391304347826,1.6663645547947483,0.17013232514177695,amyAMP,seq_epochs_()_num_618
26,2.8460802605210955,0.11538461538461539,0.10946462540465753,0.2692307692307692,0.11538461538461539,0.15384615384615385,0.038461538461538464,0.34615384615384615,-0.8076923076923076,0.07692307692307693,26.300000000000004,9.9971284866333,3.440636352673266,10.571115989218967,0.4285698367406065,0.07692307692307693,0.19230769230769232,1.528554538223515,0.051775147928994084,amyAMP,seq_epochs_()_num_619
7,2.7571046111923003,0.42857142857142855,0.39387208731318574,0.42857142857142855,0.0,0.42857142857142855,0.0,0.14285714285714285,0.0,0.0,-15.685714285714287,10.302063941955566,2.1280852788913944,6.433229081914177,0.0,0.42857142857142855,0.42857142857142855,2.544250805600181,0.18367346938775508,amyAMP,seq_epochs_()_num_620
12,-0.24979937590970713,0.0,0.020816614659142262,0.6666666666666666,0.08333333333333333,0.0,0.0,0.25,2.3583333333333334,0.08333333333333333,18.933333333333337,5.518122673034666,3.0220552088742,0.37469850181680797,0.12499981250028125,0.5833333333333334,0.16666666666666666,0.40238723477256166,0.0,amyAMP,seq_epochs_()_num_621
25,1.7571046111922999,0.08,0.070284184447692,0.48,0.08,0.08,0.0,0.24,0.8439999999999999,0.08,24.451999999999998,9.703023719787598,3.208884070537635,3.660626980344416,0.16666631944516785,0.36,0.12,0.6949779338319529,0.0384,amyAMP,seq_epochs_()_num_622
18,0.9314529877014737,0.05555555555555555,0.05174738820563743,0.3888888888888889,0.2222222222222222,0.05555555555555555,0.0,0.16666666666666666,0.24444444444444446,0.1111111111111111,72.53333333333333,8.512163734436037,3.30827083453526,2.395158666538647,0.5714271020445948,0.3333333333333333,0.05555555555555555,1.0476876805480375,0.021604938271604937,amyAMP,seq_epochs_()_num_623
15,1.8462668015448882,0.13333333333333333,0.12308445343632587,0.4,0.06666666666666667,0.13333333333333333,0.0,0.2,0.5533333333333332,0.0,14.593333333333334,11.000836753845213,2.9735572622751847,4.615655464723559,0.16666625000104165,0.26666666666666666,0.13333333333333333,0.3394192687678268,0.05333333333333334,amyAMP,seq_epochs_()_num_624
26,5.753220367237139,0.23076923076923075,0.22127770643219766,0.4230769230769231,0.19230769230769232,0.2692307692307692,0.038461538461538464,0.23076923076923078,-0.6884615384615386,0.19230769230769232,15.334615384615383,10.21851291656494,3.3496929689578705,13.598488726132613,0.4545443801678288,0.3076923076923077,0.38461538461538464,1.8225337290526589,0.1301775147928994,amyAMP,seq_epochs_()_num_626
26,8.876035769315665,0.34615384615384615,0.3413859911275256,0.2692307692307692,0.038461538461538464,0.34615384615384615,0.0,0.15384615384615385,-0.44615384615384607,0.0,59.07692307692308,11.999967765808105,3.113473374724167,32.968010404848116,0.14285661224686882,0.19230769230769232,0.34615384615384615,1.3363578148377666,0.09319526627218934,amyAMP,seq_epochs_()_num_627
11,2.757094611292299,0.2727272727272727,0.2506449646629363,0.5454545454545454,0.18181818181818182,0.2727272727272727,0.0,0.09090909090909091,0.11818181818181808,0.18181818181818182,-29.436363636363637,10.289686012268067,2.845350936622437,5.0546641871515385,0.3333327222233426,0.45454545454545453,0.36363636363636365,0.6272493786548641,0.14876033057851237,amyAMP,seq_epochs_()_num_628
18,7.745155619595284,0.4444444444444444,0.4302864233108491,0.3888888888888889,0.1111111111111111,0.4444444444444444,0.0,0.1111111111111111,-0.8,0.1111111111111111,13.533333333333333,11.481641960144042,3.0385623360756298,19.916063237653834,0.2857135510222974,0.3333333333333333,0.5,1.6029373553717734,0.1728395061728395,amyAMP,seq_epochs_()_num_629
13,2.586509874996929,0.23076923076923078,0.19896229807668686,0.3076923076923077,0.23076923076923078,0.23076923076923078,0.0,0.15384615384615385,-0.31538461538461543,0.15384615384615385,41.66923076923077,11.999967765808105,3.180832987205441,8.406129773818256,0.7499975625079219,0.23076923076923078,0.38461538461538464,1.128327276026159,0.07100591715976332,amyAMP,seq_epochs_()_num_630
11,2.7571046111923003,0.2727272727272727,0.25064587374475455,0.36363636363636365,0.0,0.2727272727272727,0.0,0.18181818181818182,0.3454545454545454,0.0,36.10909090909091,10.302063941955566,2.481714572986073,7.5820168302325435,0.0,0.36363636363636365,0.2727272727272727,0.4445770299062131,0.09917355371900825,amyAMP,seq_epochs_()_num_631
21,6.747153621593284,0.3333333333333333,0.3212930295996802,0.2857142857142857,0.09523809523809523,0.3333333333333333,0.0,0.2857142857142857,-1.2666666666666668,0.09523809523809523,83.97619047619047,11.839892768859862,3.2680488287579594,23.614955023233918,0.33333216667075,0.19047619047619047,0.42857142857142855,2.243248907043093,0.09523809523809523,amyAMP,seq_epochs_()_num_632
17,3.794845587155083,0.23529411764705882,0.22322621100912252,0.35294117647058826,0.0,0.23529411764705882,0.0,0.29411764705882354,-0.15294117647058825,0.0,89.91764705882355,11.999967765808105,3.337175341123077,10.752032032848641,0.0,0.23529411764705882,0.23529411764705882,1.0690920012293135,0.08304498269896195,amyAMP,seq_epochs_()_num_633
27,4.836398551495722,0.18518518518518517,0.17912587227761934,0.48148148148148145,0.3333333333333333,0.2222222222222222,0.037037037037037035,0.18518518518518517,-0.9592592592592594,0.2962962962962963,11.699999999999998,9.699220085144042,3.0505907454596355,10.044806898507558,0.6923062544408563,0.48148148148148145,0.25925925925925924,0.9836861105542113,0.12482853223593963,amyAMP,seq_epochs_()_num_634
6,-0.4996453124586552,0.0,0.0832742187431092,0.3333333333333333,0.0,0.0,0.0,0.16666666666666666,1.75,0.0,57.86666666666667,5.275022315979004,1.7924812503605778,1.498931440581644,0.0,0.3333333333333333,0.0,1.2065791865158848,0.0,amyAMP,seq_epochs_()_num_635
27,5.018597176256057,0.18518518518518517,0.18587396949096505,0.4444444444444444,0.2222222222222222,0.18518518518518517,0.0,0.18518518518518517,-0.24444444444444452,0.1111111111111111,31.237037037037037,11.733971214294431,3.7080481500712317,11.291818239985089,0.49999887500253126,0.2962962962962963,0.25925925925925924,0.7940460392518832,0.08230452674897118,amyAMP,seq_epochs_()_num_637
8,0.45914745821859826,0.125,0.05739343227732478,0.5,0.0,0.125,0.0,0.375,0.9625,0.0,22.212500000000006,8.465101814270021,2.1556390622295662,0.9182930798510368,0.0,0.375,0.125,1.158136136706349,0.0625,amyAMP,seq_epochs_()_num_638
20,1.847255802643888,0.1,0.0923627901321944,0.35,0.05,0.1,0.0,0.1,0.7250000000000001,0.0,-12.689999999999998,11.999967765808105,2.9841837197791885,5.27785864224356,0.14285673469504376,0.2,0.1,1.3570577798196186,0.034999999999999996,amyAMP,seq_epochs_()_num_639
17,4.842280797448885,0.29411764705882354,0.28484004690875797,0.4117647058823529,0.17647058823529413,0.29411764705882354,0.0,0.11764705882352941,-0.30000000000000004,0.11764705882352941,14.16470588235294,10.602486610412598,3.1692486956952335,11.759796234299296,0.4285703877576298,0.35294117647058826,0.4117647058823529,1.0308222383267749,0.12110726643598616,amyAMP,seq_epochs_()_num_640
12,1.759092613290301,0.16666666666666666,0.1465910511075251,0.6666666666666666,0.16666666666666666,0.16666666666666666,0.0,0.16666666666666666,1.4666666666666668,0.16666666666666666,25.21666666666667,11.000836753845213,2.8553885422075336,2.6386349619830085,0.2499996250005625,0.6666666666666666,0.3333333333333333,1.150356365257269,0.1111111111111111,amyAMP,seq_epochs_()_num_641
9,3.758083612391299,0.4444444444444444,0.41756484582125547,0.4444444444444444,0.3333333333333333,0.4444444444444444,0.0,0.1111111111111111,-2.1333333333333333,0.3333333333333333,90.52222222222223,11.999967765808105,2.197159723424149,8.455669102624944,0.7499983125037969,0.1111111111111111,0.7777777777777778,0.9006510026734852,0.19753086419753085,amyAMP,seq_epochs_()_num_642
13,3.7570946112922994,0.3076923076923077,0.2890072777917153,0.5384615384615384,0.23076923076923078,0.3076923076923077,0.0,0.07692307692307693,0.4615384615384616,0.23076923076923078,50.87692307692308,11.263867759704592,3.0269868333592873,6.9774484628528395,0.4285706326545394,0.46153846153846156,0.5384615384615384,0.7566193740243908,0.16568047337278108,amyAMP,seq_epochs_()_num_643
10,0.793876585856085,0.1,0.0793876585856085,0.6,0.1,0.1,0.0,0.2,0.62,0.1,9.0,8.63491153717041,3.121928094887362,1.323125437884412,0.16666638888935187,0.4,0.1,0.7688456663848938,0.06,amyAMP,seq_epochs_()_num_644
8,-0.23989838581069733,0.0,0.029987298226337167,0.5,0.25,0.0,0.0,0.25,1.2249999999999999,0.25,38.35,5.525000190734862,2.75,0.47979581202977056,0.499999000002,0.375,0.25,0.9743759852354201,0.0,amyAMP,seq_epochs_()_num_645
19,6.793948346296924,0.3684210526315789,0.3575762287524697,0.3684210526315789,0.0,0.42105263157894735,0.05263157894736842,0.10526315789473684,-0.7052631578947368,0.0,102.7315789473684,11.999967765808105,2.8205898566665457,18.440666886710105,0.0,0.2631578947368421,0.42105263157894735,1.1962122918769387,0.17451523545706368,amyAMP,seq_epochs_()_num_646
27,7.865145778117656,0.2962962962962963,0.2913016954858391,0.37037037037037035,0.1111111111111111,0.2962962962962963,0.0,0.2222222222222222,-0.3296296296296295,0.07407407407407407,-7.814814814814815,10.478384971618649,3.272812967681858,21.23583626415976,0.299999190002187,0.25925925925925924,0.37037037037037035,0.844600738228689,0.10973936899862824,amyAMP,seq_epochs_()_num_647
17,4.753108607196296,0.29411764705882354,0.2795946239527233,0.5882352941176471,0.17647058823529413,0.29411764705882354,0.0,0.058823529411764705,-0.2823529411764705,0.1764705882352941,10.805882352941179,10.125549507141113,2.889549430862088,8.08027089577318,0.299999490000867,0.35294117647058826,0.35294117647058826,1.0526170303314943,0.17301038062283738,amyAMP,seq_epochs_()_num_648
19,4.930433986902472,0.2631578947368421,0.2594965256264459,0.47368421052631576,0.3157894736842105,0.2631578947368421,0.0,0.05263157894736842,-0.14736842105263176,0.21052631578947367,54.357894736842105,11.166069221496581,3.326360407952694,10.408671998486556,0.6666652592622305,0.42105263157894735,0.42105263157894735,1.3883590643515247,0.12465373961218836,amyAMP,seq_epochs_()_num_649
9,4.758073612491297,0.5555555555555556,0.5286748458323663,0.4444444444444444,0.3333333333333333,0.5555555555555556,0.0,0.0,-2.2444444444444445,0.3333333333333333,84.5,11.999967765808105,1.8910611120726526,10.705641540411953,0.7499983125037969,0.1111111111111111,0.8888888888888888,0.45832558418759295,0.24691358024691357,amyAMP,seq_epochs_()_num_650
22,3.9322554477766816,0.18181818181818182,0.17873888398984916,0.36363636363636365,0.18181818181818182,0.22727272727272727,0.045454545454545456,0.13636363636363635,-0.6,0.09090909090909091,36.259090909090915,10.171644401550292,3.5160276412662306,10.81367274378583,0.4999986250037813,0.22727272727272727,0.2727272727272727,1.2241430605406591,0.09917355371900825,amyAMP,seq_epochs_()_num_651
7,1.7600816143893008,0.2857142857142857,0.25144023062704296,0.7142857142857143,0.0,0.2857142857142857,0.0,0.0,1.1142857142857143,0.0,-3.5571428571428574,11.999967765808105,1.9502120649147465,2.4641108103898866,0.0,0.42857142857142855,0.2857142857142857,0.28338695242028494,0.20408163265306123,amyAMP,seq_epochs_()_num_652
14,1.74819262219229,0.14285714285714285,0.12487090158516358,0.5714285714285714,0.14285714285714285,0.14285714285714285,0.0,0.14285714285714285,0.9,0.14285714285714285,36.64285714285714,9.312409782409667,3.521640636343319,3.0593317350059714,0.2499995625007656,0.35714285714285715,0.2857142857142857,1.0058771726104991,0.08163265306122448,amyAMP,seq_epochs_()_num_653
18,1.4833727806232138,0.1111111111111111,0.08240959892351188,0.2777777777777778,0.05555555555555555,0.1111111111111111,0.0,0.2777777777777778,0.26111111111111096,0.0,29.677777777777777,10.0006742477417,3.016875695766564,5.340122785801541,0.19999928000259198,0.16666666666666666,0.1111111111111111,0.9240503530368245,0.030864197530864196,amyAMP,seq_epochs_()_num_654
12,1.7571046111922999,0.16666666666666666,0.146425384266025,0.5,0.08333333333333333,0.16666666666666666,0.0,0.25,0.9416666666666665,0.08333333333333333,11.06666666666667,9.703023719787598,2.9182958340544896,3.5142021939802115,0.16666633333399997,0.5,0.16666666666666666,0.9066600588281036,0.08333333333333333,amyAMP,seq_epochs_()_num_655
12,3.7461946201942884,0.3333333333333333,0.3121828850161907,0.5833333333333334,0.08333333333333333,0.3333333333333333,0.0,0.08333333333333333,0.7833333333333331,0.08333333333333333,-13.666666666666666,10.03342418670654,2.355388542207534,6.4220369111269315,0.14285689795960346,0.5833333333333334,0.4166666666666667,0.6058783282980282,0.19444444444444445,amyAMP,seq_epochs_()_num_656
18,2.4581384573195963,0.16666666666666666,0.13656324762886646,0.2777777777777778,0.0,0.16666666666666666,0.0,0.3333333333333333,0.4722222222222222,0.0,33.53888888888889,11.16600475311279,2.7744019192887706,8.849266588990828,0.0,0.2777777777777778,0.16666666666666666,0.8100656497347255,0.046296296296296294,amyAMP,seq_epochs_()_num_657
14,0.7492016230912921,0.07142857142857142,0.053514401649378006,0.35714285714285715,0.0,0.07142857142857142,0.0,0.5714285714285714,0.7357142857142857,0.0,16.97857142857143,8.22224941253662,2.5495234595978316,2.0977586709313396,0.0,0.21428571428571427,0.14285714285714285,1.0631820109338512,0.025510204081632654,amyAMP,seq_epochs_()_num_658
20,3.721070397059138,0.2,0.1860535198529569,0.45,0.15,0.2,0.0,0.2,0.10500000000000007,0.15000000000000002,25.209999999999997,10.306705665588378,3.621928094887362,8.269026951182639,0.3333325925942387,0.35,0.35,0.8558755547766584,0.09000000000000001,amyAMP,seq_epochs_()_num_659
16,2.7561056101932992,0.1875,0.1722566006370812,0.5,0.0625,0.1875,0.0,0.1875,0.48125000000000007,0.0625,7.299999999999995,10.00138339996338,2.7272170014624826,5.512200195986206,0.1249997500005,0.5,0.1875,0.971605100856297,0.09375,amyAMP,seq_epochs_()_num_660
23,7.753088607396295,0.34782608695652173,0.3370908090172302,0.34782608695652173,0.043478260869565216,0.34782608695652173,0.0,0.13043478260869565,-0.22173913043478266,0.043478260869565216,35.88260869565218,11.301130485534667,3.087929346985106,22.29006566232557,0.1249996406260332,0.30434782608695654,0.34782608695652173,1.382314869778203,0.12098298676748581,amyAMP,seq_epochs_()_num_661
22,3.7560956102932983,0.18181818181818182,0.17073161864969538,0.36363636363636365,0.09090909090909091,0.18181818181818182,0.0,0.22727272727272727,0.14545454545454534,0.09090909090909091,36.49545454545455,10.461623191833493,3.538310595615006,10.329234522911634,0.24999931250189064,0.3181818181818182,0.22727272727272727,1.125464523716242,0.06611570247933884,amyAMP,seq_epochs_()_num_662
25,1.8371782714210863,0.07999999999999999,0.07348713085684346,0.52,0.24,0.12,0.04,0.16,0.49599999999999994,0.2,10.512,9.196495628356931,3.7532696895151076,3.533028343062967,0.4615375739662039,0.36,0.32,0.9788971538353022,0.08320000000000001,amyAMP,seq_epochs_()_num_663
9,1.9334309898994735,0.2222222222222222,0.21482566554438595,0.3333333333333333,0.5555555555555556,0.2222222222222222,0.0,0.2222222222222222,-1.711111111111111,0.3333333333333333,77.17777777777778,10.835024070739745,2.5032583347756456,5.800275568871714,1.666661666681667,0.3333333333333333,0.4444444444444444,1.1256101030120347,0.07407407407407407,amyAMP,seq_epochs_()_num_664
7,-0.539853540782401,0.0,0.07712193439748585,0.42857142857142855,0.0,0.0,0.0,0.42857142857142855,1.1571428571428568,0.0,8.571428571428571,5.240009498596191,2.2359263506290326,1.2596553226298497,0.0,0.2857142857142857,0.0,1.130513717562008,0.0,amyAMP,seq_epochs_()_num_665
11,1.845277800445888,0.18181818181818182,0.16775252731326254,0.2727272727272727,0.09090909090909091,0.18181818181818182,0.0,0.09090909090909091,-0.1545454545454546,0.0,4.872727272727272,10.002801704406739,2.663532754804255,6.765993792991017,0.33333211111559263,0.2727272727272727,0.18181818181818182,1.1824118974579365,0.04958677685950413,amyAMP,seq_epochs_()_num_666
13,1.759092613290301,0.15384615384615385,0.13531481640694623,0.6923076923076923,0.23076923076923078,0.15384615384615385,0.0,0.07692307692307693,1.3923076923076925,0.23076923076923078,-10.053846153846157,11.000836753845213,3.0269868333592873,2.5409078823301603,0.33333285185254735,0.6153846153846154,0.38461538461538464,0.3002814280298592,0.10650887573964497,amyAMP,seq_epochs_()_num_667
10,-0.2408973868096983,0.0,0.02408973868096983,0.4,0.1,0.0,0.0,0.2,1.0299999999999998,0.1,56.79,5.524318122863768,2.6464393446710153,0.6022419614193422,0.24999937500156252,0.4,0.0,0.40775043166547575,0.0,amyAMP,seq_epochs_()_num_668
7,-0.20412541214591307,0.0,0.029160773163701866,0.7142857142857143,0.0,0.0,0.0,0.14285714285714285,2.357142857142857,0.0,8.571428571428571,5.57001667022705,2.5216406363433186,0.2857751769190306,0.0,0.5714285714285714,0.0,1.4663664433367594,0.0,amyAMP,seq_epochs_()_num_669
24,5.757074611492296,0.25,0.239878108812179,0.25,0.08333333333333333,0.25,0.0,0.4166666666666667,-1.1458333333333333,0.08333333333333333,80.08333333333333,11.999967765808105,3.288320189106,23.028206333143853,0.3333320000053333,0.08333333333333333,0.3333333333333333,0.8146735498228396,0.0625,amyAMP,seq_epochs_()_num_670
25,2.7580936122913,0.12,0.110323744491652,0.36,0.04,0.12,0.0,0.24,0.35199999999999987,0.04,54.99600000000001,11.16626262664795,3.61287868934203,7.661349863726213,0.11111080246999315,0.24,0.16,1.1733253693528822,0.043199999999999995,amyAMP,seq_epochs_()_num_671
13,1.758103612191301,0.15384615384615385,0.13523873939933084,0.46153846153846156,0.15384615384615385,0.15384615384615385,0.0,0.3076923076923077,0.48461538461538445,0.15384615384615385,9.353846153846153,10.002737236022949,2.8150724101159437,3.8092162397792992,0.3333326111126759,0.3076923076923077,0.3076923076923077,0.47450005147360647,0.07100591715976332,amyAMP,seq_epochs_()_num_672
25,8.926437982906469,0.36,0.3570575193162588,0.16,0.12,0.36,0.0,0.24,-1.62,0.04,25.096000000000004,11.333687019348144,3.3777968115985946,55.78988870636101,0.7499953125292966,0.12,0.36,1.0309161050062017,0.0576,amyAMP,seq_epochs_()_num_673
14,3.7570946112922994,0.2857142857142857,0.26836390080659284,0.42857142857142855,0.0,0.2857142857142857,0.0,0.07142857142857142,-0.2714285714285714,0.0,34.2,11.263867759704592,2.610577243331642,8.76653363777021,0.0,0.14285714285714285,0.2857142857142857,1.4065788327804747,0.12244897959183672,amyAMP,seq_epochs_()_num_674
17,4.756085610393297,0.29411764705882354,0.27976974178784103,0.29411764705882354,0.058823529411764705,0.29411764705882354,0.0,0.29411764705882354,-0.8411764705882353,0.058823529411764705,23.12941176470588,11.166069221496581,3.219528282299548,16.170636095174487,0.199999320002312,0.23529411764705882,0.29411764705882354,1.336707019223818,0.08650519031141869,amyAMP,seq_epochs_()_num_675
13,-0.23989838581069733,0.0,0.018453721985438258,0.5384615384615384,0.0,0.0,0.0,0.3076923076923077,1.1692307692307693,0.0,17.51538461538462,5.525000190734862,2.469670487371862,0.4455247462453377,0.0,0.23076923076923078,0.0,0.747936065794061,0.0,amyAMP,seq_epochs_()_num_677
19,6.840252795750881,0.3684210526315789,0.36001330503952006,0.3684210526315789,0.3157894736842105,0.3684210526315789,0.0,0.21052631578947367,-1.5842105263157893,0.2631578947368421,133.01631578947368,10.708601570129392,3.1158340921632197,18.566350051230824,0.8571405306185598,0.3684210526315789,0.47368421052631576,1.5612410700187545,0.13573407202216065,amyAMP,seq_epochs_()_num_678
8,1.759092613290301,0.25,0.21988657666128764,0.375,0.0,0.25,0.0,0.25,0.30000000000000016,0.0,-12.475000000000001,11.000836753845213,2.1556390622295662,4.690901126371133,0.0,0.375,0.25,2.2593735267086315,0.09375,amyAMP,seq_epochs_()_num_679
13,0.7591026131903019,0.07692307692307693,0.0583925087069463,0.6153846153846154,0.0,0.07692307692307693,0.0,0.07692307692307693,1.9692307692307691,0.0,5.661538461538462,8.750052070617677,2.4996981431844145,1.2335397419321599,0.0,0.5384615384615384,0.07692307692307693,0.5919475835845484,0.04733727810650888,amyAMP,seq_epochs_()_num_680
7,0.7339783900551512,0.14285714285714285,0.10485405572216445,0.5714285714285714,0.0,0.14285714285714285,0.0,0.2857142857142857,1.1857142857142857,0.0,51.471428571428575,9.72004337310791,2.807354922057604,1.2844599347916288,0.0,0.42857142857142855,0.14285714285714285,1.2714632026951622,0.08163265306122448,amyAMP,seq_epochs_()_num_681
10,2.758083612391299,0.3,0.2758083612391299,0.6,0.5,0.3,0.0,0.0,-1.2100000000000002,0.5,178.84,11.00038547515869,2.321928094887362,4.596798359321566,0.8333319444467593,0.2,0.7,0.9542542293960287,0.18,amyAMP,seq_epochs_()_num_682
19,0.8353768103468779,0.05263157894736842,0.043967200544572524,0.5263157894736842,0.10526315789473684,0.05263157894736842,0.0,0.15789473684210525,1.4894736842105263,0.05263157894736842,6.589473684210525,8.206390190124512,3.010570934268483,1.5872129239545125,0.199999620000722,0.42105263157894735,0.10526315789473684,0.5807820492329775,0.027700831024930744,amyAMP,seq_epochs_()_num_683
16,3.794845587155083,0.25,0.23717784919719268,0.5,0.0625,0.25,0.0,0.0625,0.5062500000000001,0.0625,54.78750000000001,11.999967765808105,3.0306390622295662,7.589675994958175,0.1249997500005,0.3125,0.3125,0.6736302545939744,0.125,amyAMP,seq_epochs_()_num_684
23,3.7561056101932997,0.17391304347826086,0.16330893957362172,0.34782608695652173,0.08695652173913043,0.17391304347826086,0.0,0.34782608695652173,-0.36956521739130443,0.08695652173913043,-23.59565217391305,10.477740287780762,3.174885868724236,10.798772582834562,0.2499992812520664,0.30434782608695654,0.2608695652173913,1.0060889460603988,0.060491493383742906,amyAMP,seq_epochs_()_num_685
19,3.0107041880550507,0.15789473684210525,0.15845811516079214,0.3157894736842105,0.21052631578947367,0.15789473684210525,0.0,0.2631578947368421,-0.605263157894737,0.05263157894736842,28.657894736842106,10.860489082336425,3.43162356584743,9.533866404930713,0.6666645555622408,0.21052631578947367,0.2631578947368421,1.2490212756490198,0.04986149584487534,amyAMP,seq_epochs_()_num_686
26,5.745195619195288,0.23076923076923078,0.22096906227674185,0.5,0.07692307692307693,0.23076923076923078,0.0,0.11538461538461539,0.3846153846153849,0.07692307692307693,61.11923076923077,10.5953950881958,3.4266160458809476,11.49036825765406,0.15384584615446154,0.3076923076923077,0.34615384615384615,1.4855669554352153,0.11538461538461539,amyAMP,seq_epochs_()_num_687
11,1.759092613290301,0.18181818181818182,0.15991751029911827,0.36363636363636365,0.0,0.18181818181818182,0.0,0.2727272727272727,0.16363636363636358,0.0,-5.163636363636361,11.000836753845213,3.027169118440619,4.8374913834470235,0.0,0.36363636363636365,0.18181818181818182,0.34954451971264877,0.06611570247933884,amyAMP,seq_epochs_()_num_688
24,5.00672818385905,0.20833333333333334,0.2086136743274604,0.375,0.16666666666666666,0.20833333333333334,0.0,0.125,0.24583333333333326,0.041666666666666664,66.4375,10.19852771759033,3.371653522439334,13.35123955365199,0.44444325926241973,0.2916666666666667,0.2916666666666667,1.5836107345283268,0.078125,amyAMP,seq_epochs_()_num_689
9,0.7591026131903019,0.1111111111111111,0.08434473479892243,0.6666666666666666,0.0,0.1111111111111111,0.0,0.1111111111111111,1.9222222222222227,0.0,-0.5444444444444447,8.750052070617677,2.725480556997868,1.1386522118071352,0.0,0.5555555555555556,0.1111111111111111,1.2869765677922689,0.07407407407407407,amyAMP,seq_epochs_()_num_690
11,1.758103612191301,0.18181818181818182,0.15982760110830008,0.7272727272727273,0.0,0.18181818181818182,0.0,0.0,2.2181818181818183,0.0,19.763636363636362,10.002737236022949,2.4130884364257574,2.4173891428529672,0.0,0.6363636363636364,0.18181818181818182,0.8170314995444291,0.1322314049586777,amyAMP,seq_epochs_()_num_691
22,2.9001838229585544,0.13636363636363635,0.131826537407207,0.4090909090909091,0.22727272727272727,0.18181818181818182,0.045454545454545456,0.18181818181818182,-0.09999999999999999,0.18181818181818182,34.07727272727273,9.309831047058104,3.823067982273661,7.089320904447589,0.5555541975341838,0.2727272727272727,0.36363636363636365,1.1360044644211653,0.09297520661157026,amyAMP,seq_epochs_()_num_692
9,-0.23808692483648786,0.0,0.02645410275960976,0.5555555555555556,0.1111111111111111,0.1111111111111111,0.1111111111111111,0.2222222222222222,0.8555555555555556,0.1111111111111111,47.166666666666664,6.0014245986938475,2.725480556997868,0.42855569330543014,0.19999964000064796,0.5555555555555556,0.2222222222222222,0.7752606764683596,0.12345679012345678,amyAMP,seq_epochs_()_num_693
10,2.844268799546886,0.3,0.2844268799546886,0.4,0.2,0.3,0.0,0.1,-0.2800000000000001,0.1,4.359999999999999,10.289686012268067,2.9219280948873623,7.11065422223166,0.49999875000312505,0.4,0.3,1.1840851284692373,0.12,amyAMP,seq_epochs_()_num_694
22,3.74620462009429,0.18181818181818182,0.17028202818610408,0.36363636363636365,0.0,0.18181818181818182,0.0,0.3181818181818182,0.4545454545454545,0.0,14.513636363636364,10.03774356842041,2.936260027531527,10.302034374664768,0.0,0.22727272727272727,0.22727272727272727,0.78203934444042,0.06611570247933884,amyAMP,seq_epochs_()_num_695
7,0.794875586855086,0.14285714285714285,0.11355365526501228,0.7142857142857143,0.14285714285714285,0.14285714285714285,0.0,0.14285714285714285,1.4857142857142858,0.14285714285714285,-25.02857142857143,8.795051002502444,2.5216406363433186,1.1128242636431511,0.19999972000039198,0.5714285714285714,0.2857142857142857,0.6386110475568508,0.10204081632653061,amyAMP,seq_epochs_()_num_696
23,6.444241463224584,0.30434782608695654,0.28018441144454714,0.17391304347826086,0.0,0.30434782608695654,0.0,0.391304347826087,-1.1043478260869564,0.0,16.595652173913045,10.685650825500488,2.9638096525384388,37.054175352033084,0.0,0.13043478260869565,0.34782608695652173,1.5459298491139202,0.052930056710775046,amyAMP,seq_epochs_()_num_697
9,-0.20412541214591307,0.0,0.022680601349545897,0.7777777777777778,0.0,0.0,0.0,0.2222222222222222,2.3777777777777778,0.0,8.88888888888889,5.57001667022705,1.836591668108979,0.2624466210419469,0.0,0.5555555555555556,0.0,0.1490122681306184,0.0,amyAMP,seq_epochs_()_num_698
19,1.9324519887004747,0.10526315789473684,0.10170799940528814,0.5789473684210527,0.15789473684210525,0.10526315789473684,0.0,0.15789473684210525,1.0368421052631582,0.05263157894736842,-18.35263157894737,10.002866172790526,2.9053077763737467,3.337865851441622,0.2727268016537062,0.47368421052631576,0.15789473684210525,1.2303820770389224,0.060941828254847646,amyAMP,seq_epochs_()_num_699
13,4.49733768474434,0.38461538461538464,0.34594905267264153,0.15384615384615385,0.0,0.38461538461538464,0.0,0.23076923076923078,-0.6538461538461539,0.0,71.72307692307693,11.999967765808105,2.6612262562697895,29.232504939556105,0.0,0.15384615384615385,0.38461538461538464,1.84974467336748,0.0591715976331361,amyAMP,seq_epochs_()_num_700
24,-0.15011027650669373,0.0,0.006254594854445572,0.4166666666666667,0.125,0.08333333333333333,0.08333333333333333,0.25,-0.5791666666666667,0.08333333333333333,27.304166666666667,6.755109596252441,3.386842188131012,0.3602637989829474,0.299999280001728,0.2916666666666667,0.08333333333333333,1.0776942754348502,0.06944444444444445,amyAMP,seq_epochs_()_num_701
16,1.4581384573195963,0.125,0.09113365358247477,0.5,0.0625,0.125,0.0,0.25,0.78125,0.0625,19.73125,9.992293357849121,3.327819531114783,2.9162710820970283,0.1249997500005,0.5,0.125,1.150407604748699,0.0625,amyAMP,seq_epochs_()_num_702
15,0.7349126099712038,0.06666666666666668,0.04899417399808025,0.4,0.13333333333333333,0.2,0.13333333333333333,0.13333333333333333,-0.8466666666666665,0.13333333333333333,2.813333333333335,8.467873954772951,3.2402239289418517,1.83727693173568,0.3333325000020833,0.2,0.26666666666666666,1.0024167780088342,0.13333333333333336,amyAMP,seq_epochs_()_num_703
22,6.8452278009458825,0.3181818181818182,0.3111467182248128,0.3181818181818182,0.045454545454545456,0.3181818181818182,0.0,0.13636363636363635,-0.28181818181818197,0.0,27.072727272727274,11.999967765808105,3.1135388697992603,21.51350547481271,0.1428566938789621,0.3181818181818182,0.3181818181818182,1.6803834652134846,0.1012396694214876,amyAMP,seq_epochs_()_num_704
14,-0.2640783891297942,0.0,0.018862742080699584,0.5714285714285714,0.07142857142857142,0.14285714285714285,0.14285714285714285,0.14285714285714285,0.32142857142857145,0.07142857142857142,35.128571428571426,6.039449882507324,3.039148671903071,0.4621363722384884,0.1249997812503828,0.42857142857142855,0.21428571428571427,0.7627181215086373,0.16326530612244897,amyAMP,seq_epochs_()_num_705
13,1.8462668015448882,0.15384615384615385,0.14202052319576064,0.5384615384615384,0.15384615384615385,0.15384615384615385,0.0,0.0,1.3230769230769228,0.07692307692307693,32.93076923076923,11.000836753845213,3.238901256602631,3.428774835144384,0.28571375510302627,0.46153846153846156,0.23076923076923078,0.22568241011601806,0.08284023668639054,amyAMP,seq_epochs_()_num_706
15,-0.20021418903286037,0.0,0.013347612602190691,0.5333333333333333,0.13333333333333333,0.13333333333333333,0.13333333333333333,0.06666666666666667,0.18666666666666656,0.13333333333333333,27.560000000000002,6.115045738220213,3.0565647621309537,0.37540090055992464,0.2499995312508789,0.2,0.26666666666666666,1.2259432851553411,0.14222222222222222,amyAMP,seq_epochs_()_num_707
19,2.910652006504453,0.15789473684210525,0.15319221086865542,0.42105263157894735,0.21052631578947367,0.15789473684210525,0.0,0.3157894736842105,0.15263157894736842,0.10526315789473684,37.15263157894737,9.3080904006958,3.471354487013929,6.912782097590595,0.49999881250282036,0.3157894736842105,0.3157894736842105,0.7490373354849562,0.06648199445983378,amyAMP,seq_epochs_()_num_708
13,0.7591026131903019,0.07692307692307693,0.0583925087069463,0.46153846153846156,0.07692307692307693,0.07692307692307693,0.0,0.23076923076923078,1.3923076923076918,0.07692307692307693,-10.361538461538462,8.750052070617677,2.873140679513133,1.6447187650216633,0.16666630555633796,0.46153846153846156,0.15384615384615385,0.6541157146882501,0.03550295857988166,amyAMP,seq_epochs_()_num_709
23,0.8820497751096729,0.043478260869565216,0.03834999022215969,0.21739130434782608,0.043478260869565216,0.043478260869565216,0.0,0.4782608695652174,-0.14347826086956522,0.0,30.730434782608693,8.800917625427246,3.2575004135020675,4.057410301417109,0.19999908000423197,0.17391304347826086,0.043478260869565216,1.2592173103869033,0.00945179584120983,amyAMP,seq_epochs_()_num_710
14,0.7958645879540859,0.07142857142857142,0.05684747056814899,0.5,0.0,0.07142857142857142,0.0,0.21428571428571427,1.0857142857142859,0.0,31.857142857142858,9.79502010345459,3.039148671903072,1.5917259924561868,0.0,0.2857142857142857,0.07142857142857142,1.3828322843470373,0.03571428571428571,amyAMP,seq_epochs_()_num_711
14,1.7609040742645101,0.14285714285714285,0.125778862447465,0.2857142857142857,0.0,0.21428571428571427,0.07142857142857142,0.07142857142857142,0.23571428571428568,0.0,59.52142857142857,9.994291877746583,2.842370993177109,6.163142688926375,0.0,0.2857142857142857,0.21428571428571427,1.0461272448868155,0.08163265306122448,amyAMP,seq_epochs_()_num_712
23,1.932255447776681,0.08695652173913043,0.08401110642507308,0.391304347826087,0.30434782608695654,0.13043478260869565,0.043478260869565216,0.17391304347826086,-0.6086956521739131,0.21739130434782608,10.27391304347826,9.403632545471194,3.4685766296878655,4.937973525052509,0.7777757901285364,0.34782608695652173,0.21739130434782608,1.6901131114097596,0.06805293005671077,amyAMP,seq_epochs_()_num_713
23,5.755086609394297,0.2608695652173913,0.2502211569301868,0.4782608695652174,0.043478260869565216,0.2608695652173913,0.0,0.21739130434782608,0.008695652173912974,0.043478260869565216,79.70434782608694,11.21970691680908,2.97965869499932,12.033337749936416,0.09090890082684372,0.4782608695652174,0.2608695652173913,1.086054303996612,0.12476370510396975,amyAMP,seq_epochs_()_num_715
19,3.843279798447887,0.21052631578947367,0.20227788412883616,0.3684210526315789,0.15789473684210525,0.21052631578947367,0.0,0.21052631578947367,0.15789473684210537,0.10526315789473684,17.67894736842105,10.477740287780762,3.2608281712244547,10.431731138231177,0.4285702653092799,0.3684210526315789,0.3157894736842105,1.1106829376112664,0.07756232686980609,amyAMP,seq_epochs_()_num_716
7,0.39719759336762717,0.14285714285714285,0.05674251333823245,0.42857142857142855,0.0,0.14285714285714285,0.0,0.42857142857142855,1.0285714285714287,0.0,-3.5571428571428574,8.410110282897953,1.8423709931771088,0.9267922220092788,0.0,0.42857142857142855,0.14285714285714285,1.4925890755665372,0.06122448979591836,amyAMP,seq_epochs_()_num_717
10,0.7600916142893016,0.1,0.07600916142893016,0.5,0.0,0.1,0.0,0.2,1.3299999999999998,0.0,0.5099999999999998,9.750021171569824,2.5219280948873624,1.5201801882182266,0.0,0.3,0.1,0.6065585782557855,0.05,amyAMP,seq_epochs_()_num_719
17,4.844258799646885,0.29411764705882354,0.2849563999792285,0.23529411764705882,0.11764705882352941,0.29411764705882354,0.0,0.35294117647058826,-1.2352941176470587,0.058823529411764705,59.51176470588236,11.999967765808105,3.454822399946607,20.588012399446562,0.4999978750090312,0.17647058823529413,0.35294117647058826,1.4149229111688277,0.06920415224913495,amyAMP,seq_epochs_()_num_720
19,0.8353768103468779,0.05263157894736842,0.043967200544572524,0.5263157894736842,0.15789473684210525,0.05263157894736842,0.0,0.15789473684210525,1.3105263157894738,0.10526315789473684,19.610526315789475,8.206390190124512,3.4058222502856896,1.5872129239545125,0.299999430001083,0.42105263157894735,0.15789473684210525,0.8227999309034503,0.027700831024930744,amyAMP,seq_epochs_()_num_721
24,3.929454985703473,0.16666666666666666,0.16372729107097803,0.3333333333333333,0.125,0.16666666666666666,0.0,0.20833333333333334,-0.2874999999999999,0.041666666666666664,6.833333333333333,10.176866340637208,3.1572682296173893,11.788329592121643,0.37499887500337503,0.3333333333333333,0.16666666666666666,1.5484884984259564,0.05555555555555555,amyAMP,seq_epochs_()_num_722
14,1.7929993447979282,0.14285714285714285,0.12807138177128058,0.5,0.14285714285714285,0.21428571428571427,0.07142857142857142,0.21428571428571427,-0.49285714285714294,0.14285714285714285,-14.17857142857143,9.529410362243652,3.039148671903071,3.585991517612821,0.2857137142868571,0.2857142857142857,0.2857142857142857,1.2550584380148064,0.14285714285714285,amyAMP,seq_epochs_()_num_723
27,5.755096609294297,0.2222222222222222,0.21315172627015913,0.25925925925925924,0.0,0.2222222222222222,0.0,0.3333333333333333,-0.46666666666666673,0.0,59.46666666666666,11.38842067718506,3.2780614658328315,22.1981441572934,0.0,0.18518518518518517,0.2222222222222222,1.4966495005120881,0.05761316872427983,amyAMP,seq_epochs_()_num_724
24,3.823477818249867,0.16666666666666666,0.15931157576041113,0.4583333333333333,0.16666666666666666,0.16666666666666666,0.0,0.16666666666666666,0.7833333333333335,0.125,43.079166666666666,9.701347541809081,3.522055208874201,8.34211522065741,0.3636355702496649,0.3333333333333333,0.375,1.2980262378773948,0.07638888888888888,amyAMP,seq_epochs_()_num_725
20,4.747173621393287,0.25,0.23735868106966435,0.45,0.1,0.25,0.0,0.2,0.20500000000000007,0.1,26.78000000000001,11.008766365051269,3.2841837197791888,10.549251271426701,0.22222172839615914,0.35,0.35,1.8491487778786848,0.1125,amyAMP,seq_epochs_()_num_726
21,3.757084611392298,0.19047619047619047,0.17890879101868085,0.42857142857142855,0.09523809523809523,0.19047619047619047,0.0,0.14285714285714285,0.3238095238095238,0.09523809523809523,33.26190476190476,11.097152519226071,3.3320953986601696,8.766510304724653,0.2222217037049136,0.23809523809523808,0.23809523809523808,1.0888700395320081,0.08163265306122448,amyAMP,seq_epochs_()_num_728
16,3.8363358117458746,0.25,0.23977098823411716,0.4375,0.125,0.25,0.0,0.125,0.46875,0.0625,59.643750000000004,11.540630531311038,2.75,8.768747526853367,0.28571363265455396,0.4375,0.3125,1.5747707523867829,0.109375,amyAMP,seq_epochs_()_num_729
13,-0.2352864627632787,0.0,0.018098958674098362,0.23076923076923078,0.0,0.15384615384615385,0.15384615384615385,0.3076923076923077,-0.5307692307692308,0.0,47.14615384615385,6.14323787689209,3.180832987205441,1.019570253836441,0.0,0.15384615384615385,0.15384615384615385,1.4989518368829762,0.07100591715976332,amyAMP,seq_epochs_()_num_730
21,0.836375811345879,0.047619047619047616,0.039827419587899,0.42857142857142855,0.09523809523809523,0.047619047619047616,0.0,0.2857142857142857,0.8761904761904761,0.047619047619047616,11.061904761904763,8.231146049499515,3.463280517810811,1.9515390062160367,0.2222217037049136,0.2857142857142857,0.14285714285714285,1.6342913681697282,0.02040816326530612,amyAMP,seq_epochs_()_num_731
6,-0.24979937590970713,0.0,0.041633229318284525,0.8333333333333334,0.0,0.0,0.0,0.16666666666666666,3.8833333333333333,0.0,-5.816666666666667,5.518122673034666,1.9182958340544893,0.2997588913809789,0.0,0.8333333333333334,0.16666666666666666,0.14529663145135566,0.0,amyAMP,seq_epochs_()_num_733
25,3.385288601370615,0.16,0.1354115440548246,0.44,0.12,0.16,0.0,0.24,0.6759999999999999,0.12,17.196,10.31798763275146,3.2374058114255178,7.693820244432661,0.2727266528939707,0.4,0.32,1.3701980321247518,0.0704,amyAMP,seq_epochs_()_num_734
14,2.7580936122913,0.21428571428571427,0.19700668659223572,0.5714285714285714,0.14285714285714285,0.21428571428571427,0.0,0.07142857142857142,1.0214285714285711,0.14285714285714285,23.192857142857143,11.16626262664795,3.2359263506290334,4.826655374862869,0.2499995625007656,0.42857142857142855,0.35714285714285715,1.556759126689746,0.12244897959183672,amyAMP,seq_epochs_()_num_735
8,-0.539853540782401,0.0,0.06748169259780012,0.125,0.0,0.0,0.0,0.75,-0.10000000000000002,0.0,32.825,5.240009498596191,1.75,4.3187937759090005,0.0,0.125,0.0,0.5986476067140988,0.0,amyAMP,seq_epochs_()_num_736
11,3.7829665948580735,0.36363636363636365,0.3439060540780067,0.36363636363636365,0.09090909090909091,0.36363636363636365,0.0,0.2727272727272727,-0.4,0.09090909090909091,57.29090909090908,10.31889019012451,2.8453509366224368,10.403129527253503,0.24999931250189064,0.2727272727272727,0.5454545454545454,0.5156276478897885,0.1322314049586777,amyAMP,seq_epochs_()_num_737
13,0.7600916142893016,0.07692307692307693,0.05846858571456166,0.5384615384615384,0.0,0.07692307692307693,0.0,0.3076923076923077,0.7615384615384617,0.0,17.51538461538462,9.750021171569824,2.9689185639620974,1.411596090715963,0.0,0.3076923076923077,0.07692307692307693,1.4202779062629693,0.04142011834319527,amyAMP,seq_epochs_()_num_738
23,7.744186618296286,0.34782608695652173,0.336703766012882,0.391304347826087,0.0,0.34782608695652173,0.0,0.13043478260869565,0.29565217391304344,0.0,39.95652173913044,11.2679292678833,2.9966308482846764,19.79064855954419,0.0,0.391304347826087,0.391304347826087,1.6783676000364516,0.13610586011342155,amyAMP,seq_epochs_()_num_739
19,0.3862976022696163,0.05263157894736842,0.020331452751032437,0.3684210526315789,0.05263157894736842,0.05263157894736842,0.0,0.47368421052631576,0.6263157894736843,0.05263157894736842,51.23157894736842,7.864772224426269,3.0900327766014795,1.0485192173225115,0.1428567551030933,0.3157894736842105,0.10526315789473684,1.2053672802372002,0.019390581717451522,amyAMP,seq_epochs_()_num_740
13,1.759092613290301,0.15384615384615385,0.13531481640694623,0.6153846153846154,0.07692307692307693,0.15384615384615385,0.0,0.07692307692307693,1.4692307692307693,0.07692307692307693,27.00769230769231,11.000836753845213,3.085055102756477,2.8585208515003555,0.12499979687533007,0.46153846153846156,0.23076923076923078,0.30135967837996785,0.09467455621301776,amyAMP,seq_epochs_()_num_742
15,5.457941916395804,0.4,0.3638627944263869,0.26666666666666666,0.06666666666666667,0.4666666666666667,0.06666666666666667,0.2,-1.8733333333333329,0.06666666666666667,13.673333333333336,11.219577980041503,2.999581230646064,20.467205434463885,0.24999906250351564,0.13333333333333333,0.5333333333333333,1.1924335822258358,0.14222222222222222,amyAMP,seq_epochs_()_num_743
13,3.7590726134902988,0.3076923076923077,0.28915943180694603,0.46153846153846156,0.3076923076923077,0.3076923076923077,0.0,0.0,-1.0153846153846153,0.3076923076923077,111.32307692307695,11.999967765808105,2.199687794731328,8.144639682509668,0.6666652222253519,0.15384615384615385,0.6153846153846154,1.183612126853147,0.14201183431952663,amyAMP,seq_epochs_()_num_744
23,0.758103612191301,0.043478260869565216,0.032961026617013084,0.4782608695652174,0.08695652173913043,0.043478260869565216,0.0,0.34782608695652173,0.5434782608695652,0.08695652173913043,40.99173913043479,8.590879631042483,3.468576629687865,1.5851224202349325,0.18181780165368744,0.34782608695652173,0.08695652173913043,0.5613669569082503,0.020793950850661626,amyAMP,seq_epochs_()_num_745
18,5.842270797548884,0.3333333333333333,0.32457059986382686,0.3888888888888889,0.16666666666666666,0.3333333333333333,0.0,0.16666666666666666,-0.8944444444444444,0.1111111111111111,43.9611111111111,11.38842067718506,3.03856233607563,15.02294342041405,0.42857032653344607,0.2777777777777778,0.4444444444444444,0.832219651730449,0.12962962962962962,amyAMP,seq_epochs_()_num_746
10,-0.23989838581069733,0.0,0.023989838581069733,0.8,0.0,0.0,0.0,0.1,2.25,0.0,0.5099999999999998,5.525000190734862,2.0464393446710156,0.29987260742261235,0.0,0.4,0.0,0.3825170273814698,0.0,amyAMP,seq_epochs_()_num_747
14,0.45914745821859826,0.07142857142857142,0.03279624701561416,0.2857142857142857,0.07142857142857142,0.07142857142857142,0.0,0.5,0.3714285714285715,0.07142857142857142,3.2214285714285715,8.465101814270021,2.9852281360342525,1.6070104792284168,0.2499991250030625,0.2857142857142857,0.14285714285714285,0.6439911259753711,0.02040816326530612,amyAMP,seq_epochs_()_num_748
26,5.745185619295286,0.23076923076923078,0.2209686776652033,0.46153846153846156,0.038461538461538464,0.23076923076923078,0.0,0.15384615384615385,0.6538461538461539,0.038461538461538464,44.07307692307693,10.57740840911865,3.4116022179746714,12.44787520474351,0.08333315277816898,0.38461538461538464,0.2692307692307692,1.4805206012633354,0.10650887573964499,amyAMP,seq_epochs_()_num_749
19,1.7598792503071041,0.10526315789473684,0.0926252237003739,0.5789473684210527,0.15789473684210525,0.10526315789473684,0.0,0.05263157894736842,1.0421052631578949,0.0,71.79473684210527,10.001125526428222,2.7550576199383072,3.0397861818088656,0.2727268016537062,0.3157894736842105,0.10526315789473684,1.5518440668387472,0.060941828254847646,amyAMP,seq_epochs_()_num_750
24,2.009725186856052,0.08333333333333333,0.0837385494523355,0.4166666666666667,0.16666666666666666,0.08333333333333333,0.0,0.25,0.6666666666666669,0.041666666666666664,10.679166666666665,9.315246391296387,3.3197738350294776,4.823328872465231,0.39999904000230396,0.3333333333333333,0.16666666666666666,2.0342484393205145,0.034722222222222224,amyAMP,seq_epochs_()_num_751
21,4.930433986902472,0.23809523809523808,0.2347825708048796,0.3333333333333333,0.14285714285714285,0.23809523809523808,0.0,0.09523809523809523,-0.5523809523809523,0.047619047619047616,59.47619047619048,11.166069221496581,3.427333493898264,14.791257586934655,0.42857014286100004,0.23809523809523808,0.23809523809523808,0.8385647835703747,0.07936507936507936,amyAMP,seq_epochs_()_num_752
22,3.7579170711675087,0.18181818181818182,0.17081441232579586,0.3181818181818182,0.09090909090909091,0.22727272727272727,0.045454545454545456,0.18181818181818182,-0.2727272727272727,0.09090909090909091,-10.445454545454547,10.176866340637208,3.226730915057127,11.81055939048266,0.2857133877579242,0.3181818181818182,0.3181818181818182,1.3246493659828813,0.08677685950413222,amyAMP,seq_epochs_()_num_753
13,3.500314687941341,0.3076923076923077,0.26925497599548776,0.46153846153846156,0.3076923076923077,0.3076923076923077,0.0,0.07692307692307693,-1.1461538461538463,0.3076923076923077,141.41538461538462,11.999967765808105,2.469670487371862,7.5839987252090015,0.6666652222253519,0.07692307692307693,0.6153846153846154,1.4122894435419477,0.14201183431952663,amyAMP,seq_epochs_()_num_754
12,0.7600916142893016,0.08333333333333333,0.0633409678574418,0.5833333333333334,0.0,0.08333333333333333,0.0,0.16666666666666666,1.916666666666667,0.0,54.75833333333334,9.750021171569824,2.584962500721156,1.3030119621897245,0.0,0.5833333333333334,0.08333333333333333,0.6759593278244856,0.04861111111111111,amyAMP,seq_epochs_()_num_755
8,-0.539853540782401,0.0,0.06748169259780012,0.625,0.125,0.0,0.0,0.25,1.8874999999999997,0.125,-1.8625000000000003,5.240009498596191,2.75,0.8637642832289883,0.199999680000512,0.5,0.125,0.33138996548307637,0.0,amyAMP,seq_epochs_()_num_756
21,5.733286627198275,0.2857142857142857,0.2730136489142036,0.42857142857142855,0.23809523809523808,0.2857142857142857,0.0,0.23809523809523808,-0.704761904761905,0.23809523809523808,93.1047619047619,9.925246238708493,3.403989446485261,13.377637582308285,0.555554259262284,0.2857142857142857,0.47619047619047616,1.4857044313786418,0.12244897959183672,amyAMP,seq_epochs_()_num_757
6,-0.23989838581069733,0.0,0.03998306430178289,1.0,0.0,0.0,0.0,0.0,4.116666666666666,0.0,-5.816666666666667,5.525000190734862,1.4591479170272448,0.23989814591255143,0.0,1.0,0.0,0.11666666666666696,0.0,amyAMP,seq_epochs_()_num_758
12,0.758103612191301,0.08333333333333333,0.06317530101594175,0.4166666666666667,0.08333333333333333,0.08333333333333333,0.0,0.4166666666666667,0.4416666666666666,0.08333333333333333,2.091666666666667,8.590879631042483,2.8553885422075336,1.8194443025927962,0.19999952000115198,0.3333333333333333,0.08333333333333333,1.4018803508157696,0.034722222222222224,amyAMP,seq_epochs_()_num_759
10,0.7591026131903019,0.1,0.0759102613190302,0.4,0.0,0.1,0.0,0.3,0.61,0.0,72.24,8.750052070617677,2.9219280948873623,1.8977517885962834,0.0,0.3,0.1,0.8854812587721088,0.04000000000000001,amyAMP,seq_epochs_()_num_760
10,2.845267800545887,0.3,0.2845267800545887,0.4,0.2,0.3,0.0,0.1,-0.3400000000000001,0.1,5.280000000000001,11.16626262664795,2.9219280948873623,7.113151718485422,0.49999875000312505,0.3,0.4,0.9584713072843731,0.12,amyAMP,seq_epochs_()_num_761
24,6.814159571316733,0.2916666666666667,0.28392331547153055,0.2916666666666667,0.125,0.2916666666666667,0.0,0.125,-0.5125,0.08333333333333333,102.54166666666667,10.751859855651855,3.2720552088742005,23.36275271507663,0.4285699591887114,0.25,0.3333333333333333,0.9742325813988791,0.08506944444444446,amyAMP,seq_epochs_()_num_762
23,3.930453986702474,0.17391304347826086,0.1708893037696728,0.43478260869565216,0.21739130434782608,0.17391304347826086,0.0,0.2608695652173913,-0.12608695652173924,0.13043478260869565,22.586956521739133,10.477740287780762,3.2946635862096043,9.040023377361923,0.49999885000264505,0.391304347826087,0.30434782608695654,0.8671297726597295,0.07561436672967864,amyAMP,seq_epochs_()_num_763
15,2.733958390255149,0.2,0.1822638926836766,0.5333333333333333,0.06666666666666667,0.2,0.0,0.26666666666666666,0.48666666666666664,0.06666666666666667,29.35333333333333,11.999967765808105,2.689246428509158,5.12616237017396,0.12499976562543945,0.3333333333333333,0.26666666666666666,1.0319099835928478,0.10666666666666667,amyAMP,seq_epochs_()_num_764
20,0.8462768014448888,0.05,0.04231384007224444,0.6,0.05,0.05,0.0,0.1,1.6900000000000002,0.0,24.44,8.757208061218265,3.046439344671015,1.4104589849765063,0.08333319444467593,0.4,0.05,0.6564737090202011,0.03,amyAMP,seq_epochs_()_num_765
18,4.832379807349875,0.2777777777777778,0.26846554485277085,0.2777777777777778,0.05555555555555555,0.2777777777777778,0.0,0.2222222222222222,-0.8555555555555555,0.0,63.03333333333334,10.19852771759033,3.1916116417513782,17.396504679042707,0.19999928000259198,0.16666666666666666,0.3333333333333333,1.0943214383095206,0.0771604938271605,amyAMP,seq_epochs_()_num_766
10,0.7600916142893016,0.1,0.07600916142893016,0.4,0.0,0.1,0.0,0.2,1.4900000000000004,0.0,-7.98,9.750021171569824,2.5219280948873624,1.900224285162541,0.0,0.4,0.1,0.30774179810745494,0.04000000000000001,amyAMP,seq_epochs_()_num_767
13,-0.06555000930152344,0.0,0.005042308407809495,0.5384615384615384,0.3076923076923077,0.0,0.0,0.23076923076923078,0.14615384615384602,0.15384615384615385,45.66153846153846,6.917725944519043,2.873140679513133,0.12173550547974764,0.5714275102060525,0.3076923076923077,0.15384615384615385,1.02009477677366,0.0,amyAMP,seq_epochs_()_num_768
24,3.019616177055061,0.125,0.12581734071062753,0.20833333333333334,0.125,0.125,0.0,0.25,-0.6916666666666665,0.0,102.55833333333334,11.166327095031736,3.3553885422075336,14.494088078241516,0.5999971200138239,0.16666666666666666,0.125,1.315925266916679,0.026041666666666668,amyAMP,seq_epochs_()_num_769
25,0.8482000224599409,0.039999999999999994,0.033928000898397634,0.44,0.08,0.12,0.08,0.24,0.16400000000000003,0.04,35.476000000000006,8.504427528381349,3.6692750707107127,1.9277229425840872,0.18181776859598048,0.4,0.12,1.0988386121694325,0.08800000000000001,amyAMP,seq_epochs_()_num_770
20,0.3980100533428357,0.05,0.019900502667141783,0.3,0.15,0.1,0.05,0.4,-0.11500000000000002,0.15000000000000002,-4.1049999999999995,8.166097450256348,3.1464393446710153,1.3266957554902674,0.49999833333888893,0.3,0.2,0.7310041451648585,0.045000000000000005,amyAMP,seq_epochs_()_num_771
13,-0.49503338941123687,0.0,0.038079491493172066,0.46153846153846156,0.23076923076923078,0.15384615384615385,0.15384615384615385,0.07692307692307693,-0.2769230769230769,0.23076923076923078,51.315384615384616,5.897863960266113,3.3927474104487847,1.0725700198226369,0.4999989166690139,0.23076923076923078,0.38461538461538464,0.9641334326686969,0.14201183431952663,amyAMP,seq_epochs_()_num_772
12,3.7570946112922994,0.3333333333333333,0.3130912176076916,0.5833333333333334,0.08333333333333333,0.3333333333333333,0.0,0.08333333333333333,0.5666666666666665,0.08333333333333333,-7.725,11.263867759704592,2.625814583693911,6.440722578119521,0.14285689795960346,0.5,0.4166666666666667,0.5533394897532131,0.19444444444444445,amyAMP,seq_epochs_()_num_773
13,1.758103612191301,0.15384615384615385,0.13523873939933084,0.6153846153846154,0.0,0.15384615384615385,0.0,0.15384615384615385,1.5307692307692309,0.0,8.553846153846154,10.002737236022949,2.5654483718208256,2.8569137273260568,0.0,0.5384615384615384,0.15384615384615385,1.0101254559570707,0.09467455621301776,amyAMP,seq_epochs_()_num_774
24,3.831380806350875,0.16666666666666666,0.15964086693128646,0.3333333333333333,0.125,0.16666666666666666,0.0,0.20833333333333334,-0.06666666666666676,0.08333333333333333,56.94583333333333,9.749183082580565,3.4701755214643453,11.494107936728817,0.37499887500337503,0.20833333333333334,0.20833333333333334,0.9735296704633082,0.05555555555555555,amyAMP,seq_epochs_()_num_775
13,0.7969753489939293,0.07692307692307693,0.0613057960764561,0.5384615384615384,0.38461538461538464,0.15384615384615385,0.07692307692307693,0.15384615384615385,-1.2076923076923076,0.38461538461538464,39.63846153846154,9.643583869934083,2.4996981431844145,1.4800943279564025,0.7142843877575656,0.0,0.5384615384615384,0.6169573752769999,0.1242603550295858,amyAMP,seq_epochs_()_num_776
17,0.8462768014448888,0.058823529411764705,0.04978098832028758,0.5294117647058824,0.17647058823529413,0.058823529411764705,0.0,0.23529411764705882,1.1,0.11764705882352941,11.676470588235295,8.757208061218265,3.4992275471326932,1.5985198277473374,0.333332703704893,0.4117647058823529,0.17647058823529413,0.4556309431725288,0.031141868512110725,amyAMP,seq_epochs_()_num_777
8,0.8462768014448888,0.125,0.1057846001806111,0.625,0.375,0.125,0.0,0.125,-0.07499999999999997,0.25,94.525,8.757208061218265,2.5,1.3540407158466767,0.5999990400015359,0.375,0.375,0.9391058937428439,0.078125,amyAMP,seq_epochs_()_num_779
17,6.755076609494296,0.4117647058823529,0.3973574476173115,0.5294117647058824,0.11764705882352941,0.4117647058823529,0.0,0.058823529411764705,-0.2705882352941177,0.11764705882352941,36.82352941176471,11.754278755187986,2.939829017466402,12.759565049866353,0.22222180246992865,0.4117647058823529,0.47058823529411764,2.068843872560685,0.21799307958477507,amyAMP,seq_epochs_()_num_780
9,-1.2013149501727027,-0.1111111111111111,0.1334794389080781,0.4444444444444444,0.0,0.0,0.1111111111111111,0.4444444444444444,0.32222222222222224,0.0,51.6888888888889,4.0500284194946286,2.4193819456463714,2.70295255624533,0.0,0.2222222222222222,0.0,0.7792490723125466,0.04938271604938271,amyAMP,seq_epochs_()_num_781
19,1.845277800445888,0.10526315789473684,0.0971198842339941,0.5263157894736842,0.10526315789473684,0.10526315789473684,0.0,0.10526315789473684,1.1578947368421055,0.05263157894736842,15.005263157894735,10.002801704406739,3.176110251517254,3.5060211594069846,0.199999620000722,0.47368421052631576,0.15789473684210525,1.26313830301359,0.05540166204986149,amyAMP,seq_epochs_()_num_782
13,2.498336685743341,0.23076923076923078,0.19217974505718008,0.46153846153846156,0.3076923076923077,0.23076923076923078,0.0,0.15384615384615385,-0.4153846153846154,0.3076923076923077,87.0923076923077,11.000127601623536,3.085055102756477,5.413051090833209,0.6666652222253519,0.23076923076923078,0.46153846153846156,0.9340436934990108,0.10650887573964499,amyAMP,seq_epochs_()_num_783
24,3.7471936211932895,0.16666666666666666,0.1561330675497204,0.2916666666666667,0.041666666666666664,0.16666666666666666,0.0,0.2916666666666667,0.12083333333333329,0.041666666666666664,7.575000000000002,10.318696784973142,3.573934896284056,12.847476938456062,0.1428566530629038,0.20833333333333334,0.25,0.9673348178271219,0.04861111111111111,amyAMP,seq_epochs_()_num_784
24,3.7471936211932895,0.16666666666666666,0.1561330675497204,0.625,0.125,0.16666666666666666,0.0,0.125,0.9583333333333335,0.125,29.979166666666668,10.318696784973142,3.209147917027245,5.995500201108941,0.199999680000512,0.375,0.3333333333333333,1.2717567813202364,0.10416666666666666,amyAMP,seq_epochs_()_num_785
9,-0.23989838581069733,0.0,0.02665537620118859,0.3333333333333333,0.0,0.0,0.0,0.5555555555555556,-0.5666666666666668,0.0,30.28888888888889,5.525000190734862,2.197159723424149,0.7196929983530971,0.0,0.1111111111111111,0.0,0.3657684017677669,0.0,amyAMP,seq_epochs_()_num_786
13,-0.49952355251781144,0.0,0.03842488865521627,0.46153846153846156,0.0,0.07692307692307693,0.07692307692307693,0.07692307692307693,1.4384615384615385,0.0,12.192307692307693,5.587523078918457,2.7192945256669794,1.082298685474773,0.0,0.38461538461538464,0.07692307692307693,0.7940895744779071,0.07100591715976332,amyAMP,seq_epochs_()_num_787
10,-0.509546302557665,0.0,0.0509546302557665,0.6,0.0,0.0,0.0,0.1,2.34,0.0,9.0,5.27274875640869,2.4464393446710155,0.8492424221920712,0.0,0.3,0.1,0.3299181544785327,0.0,amyAMP,seq_epochs_()_num_788
16,2.5685389669797973,0.1875,0.16053368543623733,0.5,0.25,0.1875,0.0,0.1875,0.025000000000000022,0.125,27.325,9.996096992492678,2.9056390622295662,5.137067659824274,0.499999000002,0.5,0.1875,1.107421206394929,0.09375,amyAMP,seq_epochs_()_num_789
13,1.7849545969560738,0.15384615384615385,0.13730419976585184,0.6923076923076923,0.3076923076923077,0.15384615384615385,0.0,0.15384615384615385,0.7307692307692307,0.3076923076923077,9.230769230769232,9.506653022766113,3.238901256602631,2.5782640269996233,0.4444438024700631,0.46153846153846156,0.46153846153846156,0.6025347364037856,0.10650887573964497,amyAMP,seq_epochs_()_num_790
23,0.7620248352043548,0.043478260869565216,0.033131514574102384,0.391304347826087,0.043478260869565216,0.13043478260869565,0.08695652173913043,0.34782608695652173,-0.3565217391304349,0.043478260869565216,39.34347826086955,8.589977073669434,3.4685766296878655,1.9473918244098,0.11111082716121948,0.34782608695652173,0.17391304347826086,1.2460403983580108,0.08506616257088848,amyAMP,seq_epochs_()_num_791
23,0.9324519887004747,0.043478260869565216,0.04054139081306412,0.4782608695652174,0.17391304347826086,0.043478260869565216,0.0,0.30434782608695654,0.6434782608695653,0.08695652173913043,31.995652173913044,8.605385017395022,3.3931271734483177,1.9496682634309874,0.3636356033073749,0.391304347826087,0.08695652173913043,1.4180603078396332,0.020793950850661626,amyAMP,seq_epochs_()_num_792
15,2.5855208738979294,0.2,0.17236805825986196,0.5333333333333333,0.26666666666666666,0.2,0.0,0.0,0.66,0.2,7.013333333333335,11.16600475311279,2.973557262275185,4.847842548853838,0.4999990625017578,0.4,0.4,0.8817506021785264,0.10666666666666667,amyAMP,seq_epochs_()_num_793
18,2.7462046200942893,0.16666666666666666,0.15256692333857164,0.3333333333333333,0.16666666666666666,0.16666666666666666,0.0,0.3888888888888889,-0.10000000000000003,0.16666666666666666,47.272222222222226,9.6304967880249,3.350209029099897,8.238589144515435,0.4999985000045,0.2222222222222222,0.3333333333333333,0.9873602050478937,0.05555555555555555,amyAMP,seq_epochs_()_num_794
24,3.930433986902471,0.16666666666666666,0.16376808278760296,0.375,0.20833333333333334,0.16666666666666666,0.0,0.08333333333333333,-0.5833333333333334,0.125,59.025,10.446795463562012,3.668295834054489,10.481129348728327,0.5555540740780247,0.25,0.20833333333333334,1.0677640018167995,0.0625,amyAMP,seq_epochs_()_num_795
24,2.8353468106468744,0.125,0.11813945044361977,0.4166666666666667,0.20833333333333334,0.125,0.0,0.25,0.23749999999999996,0.16666666666666666,58.383750000000006,10.045673179626462,3.605388542207534,6.804816013994065,0.49999880000288005,0.375,0.25,1.1673592912440536,0.052083333333333336,amyAMP,seq_epochs_()_num_796
15,4.929454985703472,0.3333333333333333,0.3286303323802315,0.4,0.3333333333333333,0.3333333333333333,0.0,0.13333333333333333,-0.92,0.2,13.906666666666666,10.602486610412598,2.732914563979398,12.323606655242044,0.8333312500052082,0.26666666666666666,0.5333333333333333,0.7716179297632281,0.13333333333333333,amyAMP,seq_epochs_()_num_797
22,6.831350806650872,0.3181818181818182,0.3105159457568578,0.2727272727272727,0.18181818181818182,0.3181818181818182,0.0,0.22727272727272727,-1.227272727272727,0.13636363636363635,23.3,10.646647453308105,3.6069367321753205,25.04819444767356,0.6666642222311853,0.22727272727272727,0.4090909090909091,1.240166170497487,0.08677685950413222,amyAMP,seq_epochs_()_num_798
15,0.8363658114458776,0.06666666666666667,0.05575772076305851,0.6,0.26666666666666666,0.06666666666666667,0.0,0.2,0.7933333333333332,0.2,21.026666666666664,8.230888175964356,3.3232314287976212,1.3939406958419696,0.44444370370493824,0.3333333333333333,0.26666666666666666,1.1690721134064377,0.04,amyAMP,seq_epochs_()_num_799
12,2.7571046111923003,0.25,0.22975871759935837,0.3333333333333333,0.25,0.25,0.0,0.08333333333333333,-0.775,0.25,-11.191666666666668,10.302063941955566,2.6258145836939115,8.271289019709842,0.7499977500067501,0.16666666666666666,0.5,0.2357582691860877,0.08333333333333333,amyAMP,seq_epochs_()_num_800
27,5.931236446977679,0.2222222222222222,0.21967542396213627,0.2962962962962963,0.18518518518518517,0.25925925925925924,0.037037037037037035,0.18518518518518517,-0.9444444444444444,0.1111111111111111,69.34444444444445,10.637299537658691,3.5137847242254345,20.01785544828753,0.6249978906321192,0.2222222222222222,0.2962962962962963,1.1114544113667864,0.0877914951989026,amyAMP,seq_epochs_()_num_801
18,0.7600916142893016,0.05555555555555555,0.0422273119049612,0.6666666666666666,0.0,0.05555555555555555,0.0,0.16666666666666666,2.105555555555556,0.0,18.094444444444445,9.750021171569824,2.8582783084180448,1.1401357112303856,0.0,0.6111111111111112,0.05555555555555555,1.4965997980403947,0.037037037037037035,amyAMP,seq_epochs_()_num_802
17,4.755106609194298,0.29411764705882354,0.27971215348201756,0.4117647058823529,0.0,0.29411764705882354,0.0,0.23529411764705882,0.11764705882352935,0.0,25.270588235294113,10.602486610412598,2.565445018842856,11.548088005543855,0.0,0.23529411764705882,0.29411764705882354,1.3863857479063326,0.12110726643598616,amyAMP,seq_epochs_()_num_803
13,1.8462668015448882,0.15384615384615385,0.14202052319576064,0.15384615384615385,0.07692307692307693,0.15384615384615385,0.0,0.23076923076923078,-0.23076923076923078,0.0,28.523076923076925,11.000836753845213,3.0269868333592873,12.000656205776435,0.49999675002112487,0.15384615384615385,0.15384615384615385,1.4103687897361565,0.02366863905325444,amyAMP,seq_epochs_()_num_804
12,1.9324519887004747,0.16666666666666666,0.16103766572503955,0.4166666666666667,0.25,0.16666666666666666,0.0,0.08333333333333333,0.21666666666666667,0.08333333333333333,-12.058333333333334,10.002866172790526,3.084962500721156,4.637873641984399,0.599998560003456,0.3333333333333333,0.25,0.4399902407869533,0.06944444444444445,amyAMP,seq_epochs_()_num_805
10,1.8462668015448882,0.2,0.18462668015448883,0.5,0.2,0.2,0.0,0.1,0.7300000000000002,0.1,9.0,11.000836753845213,3.121928094887362,3.69252621803734,0.3999992000016,0.4,0.3,1.5569117022885497,0.1,amyAMP,seq_epochs_()_num_806
12,1.883028776308672,0.16666666666666666,0.15691906469238934,0.25,0.16666666666666666,0.16666666666666666,0.0,0.25,-0.5250000000000001,0.08333333333333333,52.43333333333333,11.999967765808105,3.0849625007211556,7.532084976894781,0.6666640000106666,0.08333333333333333,0.25,0.4045423865706605,0.041666666666666664,amyAMP,seq_epochs_()_num_807
17,-0.23908592583548893,0.0,0.014063877990322878,0.4117647058823529,0.17647058823529413,0.058823529411764705,0.058823529411764705,0.35294117647058826,0.1411764705882352,0.1764705882352941,40.01176470588234,6.000685691833495,3.4548223999466066,0.5806358383420086,0.4285703877576298,0.35294117647058826,0.17647058823529413,1.0095544476894065,0.04844290657439446,amyAMP,seq_epochs_()_num_808
9,1.8462568016448868,0.2222222222222222,0.20513964462720966,0.4444444444444444,0.3333333333333333,0.2222222222222222,0.0,0.2222222222222222,-1.1444444444444446,0.2222222222222222,18.922222222222224,10.835024070739745,2.94770277922009,4.154068457046967,0.7499983125037969,0.3333333333333333,0.3333333333333333,0.1288065416657642,0.09876543209876543,amyAMP,seq_epochs_()_num_809
26,4.823457818449864,0.19230769230769232,0.18551760840191783,0.3076923076923077,0.11538461538461539,0.19230769230769232,0.0,0.23076923076923078,0.030769230769230695,0.07692307692307693,20.49615384615385,10.060887718200682,3.6902603909683838,15.67618696235443,0.37499878125396097,0.3076923076923077,0.3076923076923077,0.9070963221211283,0.0591715976331361,amyAMP,seq_epochs_()_num_810
18,7.755066609594294,0.4444444444444444,0.4308370338663497,0.3888888888888889,0.05555555555555555,0.4444444444444444,0.0,0.1111111111111111,-0.5000000000000001,0.05555555555555555,74.46111111111111,11.999967765808105,2.794653473544342,19.941548574974707,0.1428567755111487,0.3888888888888889,0.4444444444444444,1.8023396033437218,0.1728395061728395,amyAMP,seq_epochs_()_num_811
25,0.8364875713867219,0.04,0.03345950285546888,0.32,0.16,0.08,0.04,0.36,-0.32800000000000007,0.12,53.32000000000001,8.206261253356931,3.893660689688185,2.614015491785094,0.4999984375048828,0.24,0.2,0.9752746854372165,0.0384,amyAMP,seq_epochs_()_num_812
11,2.758083612391299,0.2727272727272727,0.2507348738537545,0.36363636363636365,0.09090909090909091,0.2727272727272727,0.0,0.2727272727272727,-0.20909090909090916,0.09090909090909091,24.154545454545453,11.00038547515869,2.663532754804255,7.584709076126114,0.24999931250189064,0.36363636363636365,0.2727272727272727,0.7580411753272714,0.09917355371900825,amyAMP,seq_epochs_()_num_813
8,-0.23989838581069733,0.0,0.029987298226337167,0.875,0.0,0.0,0.0,0.0,2.3625000000000003,0.0,-1.8625000000000003,5.525000190734862,1.75,0.274169270447345,0.0,0.375,0.0,0.6221461359507796,0.0,amyAMP,seq_epochs_()_num_814
15,1.7582053723321427,0.13333333333333336,0.11721369148880952,0.4666666666666667,0.3333333333333333,0.2,0.06666666666666667,0.06666666666666667,-1.1599999999999997,0.33333333333333337,44.19999999999999,9.696641349792483,3.006238928653389,3.767574867337019,0.7142841836767493,0.2,0.4,1.010491102410719,0.12444444444444444,amyAMP,seq_epochs_()_num_815
15,3.792857585057082,0.26666666666666666,0.2528571723371388,0.4666666666666667,0.2,0.26666666666666666,0.0,0.26666666666666666,-0.7266666666666668,0.2,39.4,11.097216987609862,3.2402239289418517,8.127534551833994,0.4285705102060496,0.26666666666666666,0.4,0.8038969467844446,0.12444444444444444,amyAMP,seq_epochs_()_num_816
11,2.4561504552215956,0.2727272727272727,0.22328640502014505,0.2727272727272727,0.09090909090909091,0.2727272727272727,0.0,0.36363636363636365,-1.1909090909090907,0.09090909090909091,20.281818181818185,10.000351905822754,2.8453509366224368,9.005851981021921,0.33333211111559263,0.18181818181818182,0.2727272727272727,0.2158497690640903,0.07438016528925619,amyAMP,seq_epochs_()_num_817
16,-0.23989838581069733,0.0,0.014993649113168583,0.5,0.0625,0.0,0.0,0.125,1.65625,0.0625,26.343750000000004,5.525000190734862,3.077819531114783,0.47979581202977056,0.1249997500005,0.4375,0.0625,0.544931525532323,0.0,amyAMP,seq_epochs_()_num_818
12,3.8442687995468865,0.3333333333333333,0.3203557332955739,0.3333333333333333,0.08333333333333333,0.3333333333333333,0.0,0.16666666666666666,-0.7083333333333334,0.0,72.47500000000001,11.263867759704592,2.688721875540867,11.53277180032526,0.24999925000225,0.3333333333333333,0.3333333333333333,1.2842864882145757,0.1111111111111111,amyAMP,seq_epochs_()_num_819
20,0.758103612191301,0.05,0.03790518060956505,0.4,0.1,0.05,0.0,0.4,0.3949999999999999,0.1,12.644999999999996,8.590879631042483,3.308694969562842,1.8952542923425215,0.24999937500156252,0.35,0.1,0.8941242978930777,0.020000000000000004,amyAMP,seq_epochs_()_num_820
20,3.4482274673205855,0.2,0.17241137336602927,0.45,0.05,0.2,0.0,0.2,0.825,0.05,24.36,11.012763404846194,3.346439344671015,7.662710676910908,0.11111086419807957,0.35,0.3,1.0829516266186938,0.09000000000000001,amyAMP,seq_epochs_()_num_821
17,0.8472658025438885,0.058823529411764705,0.04983916485552285,0.11764705882352941,0.11764705882352941,0.058823529411764705,0.0,0.47058823529411764,-0.7235294117647058,0.058823529411764705,17.44705882352941,9.756532478332517,3.1018812234760182,7.2016981071891415,0.9999915000722494,0.058823529411764705,0.11764705882352941,0.7733586421529867,0.006920415224913495,amyAMP,seq_epochs_()_num_822
12,0.5463216464731852,0.08333333333333333,0.04552680387276543,0.5,0.08333333333333333,0.08333333333333333,0.0,0.16666666666666666,1.0583333333333333,0.0,44.95,8.489406394958497,3.0849625007211556,1.092641107664155,0.16666633333399997,0.3333333333333333,0.08333333333333333,1.1204832965111733,0.041666666666666664,amyAMP,seq_epochs_()_num_823
8,2.7590826133903,0.375,0.3448853266737875,0.625,0.5,0.375,0.0,0.0,-1.5875000000000001,0.5,237.72500000000002,11.999967765808105,1.75,4.414525118184291,0.799998720002048,0.125,0.875,1.5226426848027736,0.234375,amyAMP,seq_epochs_()_num_824
23,0.7510130840655012,0.043478260869565216,0.03265274278545657,0.43478260869565216,0.08695652173913043,0.08695652173913043,0.043478260869565216,0.391304347826087,0.3695652173913042,0.08695652173913043,4.021739130434784,8.197751426696776,3.2033650875091753,1.7273261205005757,0.19999954000105802,0.391304347826087,0.21739130434782608,0.8147819021078213,0.05671077504725898,amyAMP,seq_epochs_()_num_825
7,-0.4996453124586552,0.0,0.07137790177980788,0.7142857142857143,0.0,0.0,0.0,0.14285714285714285,2.457142857142857,0.0,71.34285714285714,5.275022315979004,2.521640636343318,0.6995024581386758,0.0,0.42857142857142855,0.0,0.5784941280890854,0.0,amyAMP,seq_epochs_()_num_826
13,0.7600916142893016,0.07692307692307693,0.05846858571456166,0.6923076923076923,0.07692307692307693,0.07692307692307693,0.0,0.0,2.2,0.07692307692307693,9.230769230769232,9.750021171569824,2.6235166412180155,1.0979085236611237,0.11111095061751577,0.5384615384615384,0.15384615384615385,0.6530904675298937,0.05325443786982249,amyAMP,seq_epochs_()_num_827
20,3.7570946112922994,0.2,0.18785473056461496,0.5,0.1,0.2,0.0,0.25,0.07500000000000005,0.1,24.42,11.263867759704592,3.246439344671016,7.51417419423621,0.1999996000008,0.3,0.3,1.0050110957117593,0.1,amyAMP,seq_epochs_()_num_828
25,3.8442687995468865,0.16,0.15377075198187545,0.2,0.16,0.16,0.0,0.48,-1.1480000000000001,0.12,74.288,11.263867759704592,3.429275070710713,19.221247891494976,0.7999960000199998,0.16,0.28,0.798200729698371,0.032,amyAMP,seq_epochs_()_num_829
9,3.758083612391299,0.4444444444444444,0.41756484582125547,0.4444444444444444,0.1111111111111111,0.4444444444444444,0.0,0.1111111111111111,-1.222222222222222,0.1111111111111111,54.72222222222222,11.999967765808105,2.5032583347756456,8.455669102624944,0.24999943750126563,0.2222222222222222,0.5555555555555556,1.3845206327461077,0.19753086419753085,amyAMP,seq_epochs_()_num_830
23,2.0214376379292713,0.08695652173913043,0.08788859295344657,0.4782608695652174,0.21739130434782608,0.13043478260869565,0.043478260869565216,0.08695652173913043,0.2652173913043478,0.08695652173913043,1.930434782608697,9.70341053009033,3.315977716456259,4.226633496345712,0.45454450413421865,0.34782608695652173,0.21739130434782608,0.9088520300248476,0.0831758034026465,amyAMP,seq_epochs_()_num_831
16,0.49935568654234397,0.0625,0.031209730408896498,0.5625,0.0,0.0625,0.0,0.25,1.6937500000000003,0.0,0.18750000000000044,8.500108146667483,3.0306390622295662,0.8877418645341856,0.0,0.4375,0.0625,0.5769222870743497,0.03515625,amyAMP,seq_epochs_()_num_832
8,1.7571046111922999,0.25,0.21963807639903749,0.5,0.25,0.25,0.0,0.125,-0.0749999999999999,0.25,63.675,9.703023719787598,2.75,3.5142021939802115,0.499999000002,0.375,0.375,1.2780557621062985,0.125,amyAMP,seq_epochs_()_num_833
20,6.756055610693293,0.35,0.33780278053466467,0.35,0.1,0.35,0.0,0.15,-0.8250000000000002,0.1,92.13500000000002,11.844276618957519,3.2037016960573483,19.30296087923547,0.2857134693900875,0.3,0.35,1.016290593208125,0.12249999999999998,amyAMP,seq_epochs_()_num_834
25,3.759895073365508,0.16,0.15039580293462032,0.16,0.0,0.2,0.04,0.36,-1.0479999999999998,0.0,53.99600000000001,11.097152519226071,3.40307418942857,23.49919733855106,0.0,0.08,0.2,1.2806759771577398,0.038400000000000004,amyAMP,seq_epochs_()_num_835
9,2.7571046111923003,0.3333333333333333,0.3063449567991445,0.4444444444444444,0.0,0.3333333333333333,0.0,0.1111111111111111,0.33333333333333337,0.0,68.7,10.302063941955566,2.4193819456463714,6.203471417371987,0.0,0.4444444444444444,0.3333333333333333,0.8343632400309995,0.14814814814814814,amyAMP,seq_epochs_()_num_836
6,-0.23989838581069733,0.0,0.03998306430178289,0.8333333333333334,0.0,0.0,0.0,0.0,3.85,0.0,-5.816666666666667,5.525000190734862,1.9182958340544893,0.28787771751957575,0.0,0.8333333333333334,0.0,0.38837267325770114,0.0,amyAMP,seq_epochs_()_num_837
23,1.847255802643888,0.08695652173913043,0.08031546968016903,0.5217391304347826,0.13043478260869565,0.08695652173913043,0.0,0.2608695652173913,0.3434782608695653,0.08695652173913043,29.66086956521739,11.999967765808105,3.6539967386657093,3.540566835647683,0.24999952083425173,0.30434782608695654,0.17391304347826086,1.5046917038900154,0.04536862003780718,amyAMP,seq_epochs_()_num_838
18,3.4581284574195954,0.2222222222222222,0.19211824763442198,0.6111111111111112,0.0,0.2222222222222222,0.0,0.05555555555555555,1.5555555555555556,0.0,19.083333333333336,11.999967765808105,2.546631615393778,5.658746397828868,0.0,0.5555555555555556,0.2222222222222222,0.5050652220332144,0.13580246913580246,amyAMP,seq_epochs_()_num_839
21,4.7471836212932885,0.23809523809523808,0.22605636291872802,0.2857142857142857,0.047619047619047616,0.23809523809523808,0.0,0.3333333333333333,-0.17619047619047612,0.047619047619047616,44.40476190476191,11.10553340911865,3.463280517810811,16.615084521730687,0.166666083335375,0.19047619047619047,0.3333333333333333,1.4055308190360525,0.06802721088435373,amyAMP,seq_epochs_()_num_840
18,2.7590826133903,0.16666666666666666,0.15328236741057222,0.5,0.0,0.16666666666666666,0.0,0.2222222222222222,0.39444444444444443,0.0,13.37777777777778,11.999967765808105,3.169925001442312,5.518154190472219,0.0,0.3888888888888889,0.16666666666666666,1.3013862522578152,0.08333333333333333,amyAMP,seq_epochs_()_num_841
13,1.7602033743301446,0.15384615384615385,0.1354002595638573,0.38461538461538464,0.0,0.23076923076923078,0.07692307692307693,0.15384615384615385,0.3153846153846154,0.0,1.2153846153846155,10.835024070739745,3.238901256602631,4.576516874314503,0.0,0.38461538461538464,0.23076923076923078,1.188866142647006,0.1183431952662722,amyAMP,seq_epochs_()_num_842
13,2.7501706243902895,0.23076923076923078,0.21155158649156072,0.38461538461538464,0.0,0.23076923076923078,0.0,0.3076923076923077,0.19230769230769232,0.0,119.93846153846155,11.700318717956542,2.5654483718208256,7.150425032309669,0.0,0.38461538461538464,0.3076923076923077,1.5357289442200617,0.08875739644970415,amyAMP,seq_epochs_()_num_843
12,4.834337809747873,0.4166666666666667,0.4028614841456561,0.3333333333333333,0.3333333333333333,0.4166666666666667,0.0,0.08333333333333333,-1.6416666666666666,0.25,110.07499999999999,10.940172004699708,2.751629167387823,14.50296992033386,0.999997000009,0.25,0.5833333333333334,1.5439316896480584,0.1388888888888889,amyAMP,seq_epochs_()_num_844
21,-0.24979937590970713,0.0,0.01189520837665272,0.42857142857142855,0.047619047619047616,0.0,0.0,0.2857142857142857,1.4238095238095239,0.047619047619047616,57.96190476190476,5.518122673034666,3.141619208183979,0.5828638504403324,0.1111108518524568,0.2857142857142857,0.09523809523809523,1.069608120982525,0.0,amyAMP,seq_epochs_()_num_845
24,2.8470792615200966,0.125,0.11862830256333735,0.5,0.041666666666666664,0.16666666666666666,0.041666666666666664,0.20833333333333334,0.5375000000000002,0.0,21.975000000000005,10.289686012268067,3.3239348962840563,5.694147134745924,0.08333316666699998,0.4583333333333333,0.16666666666666666,1.0032174380774683,0.10416666666666666,amyAMP,seq_epochs_()_num_846
10,2.7571046111923003,0.3,0.27571046111923003,0.4,0.0,0.3,0.0,0.2,-0.010000000000000009,0.0,0.5099999999999998,10.302063941955566,2.6464393446710153,6.892744296120011,0.0,0.3,0.3,1.2585426972519898,0.12,amyAMP,seq_epochs_()_num_847
24,1.7580936122913,0.08333333333333333,0.0732539005121375,0.375,0.08333333333333333,0.08333333333333333,0.0,0.2916666666666667,0.1125,0.08333333333333333,32.48333333333334,9.994291877746583,3.4906015629507228,4.688237130811118,0.22222162963120987,0.20833333333333334,0.125,0.8637835770534725,0.03125,amyAMP,seq_epochs_()_num_848
15,6.756075610493296,0.4666666666666667,0.45040504069955306,0.3333333333333333,0.0,0.4666666666666667,0.0,0.13333333333333333,-0.5466666666666666,0.0,63.21333333333334,11.999967765808105,2.4729055953200563,20.26816602698181,0.0,0.3333333333333333,0.4666666666666667,0.614978735724833,0.15555555555555556,amyAMP,seq_epochs_()_num_849
9,3.7560956102932983,0.4444444444444444,0.4173439566992554,0.5555555555555556,0.1111111111111111,0.4444444444444444,0.0,0.0,-0.02222222222222224,0.1111111111111111,-9.977777777777778,10.461623191833493,2.113283334294875,6.760959928800064,0.19999964000064796,0.5555555555555556,0.4444444444444444,2.264883424436883,0.24691358024691357,amyAMP,seq_epochs_()_num_850
22,-0.23773164491395793,0.0,0.01080598385972536,0.36363636363636365,0.13636363636363635,0.18181818181818182,0.18181818181818182,0.13636363636363635,-0.5090909090909093,0.13636363636363635,42.20454545454545,6.161994743347167,3.4130884364257574,0.6537602256727637,0.3749989687528359,0.22727272727272727,0.2727272727272727,1.4600985383741991,0.1322314049586777,amyAMP,seq_epochs_()_num_851
7,-0.2387876247708538,0.0,0.03411251782440768,0.5714285714285714,0.14285714285714285,0.14285714285714285,0.14285714285714285,0.0,1.1285714285714283,0.14285714285714285,-3.5571428571428574,5.83636417388916,2.1280852788913944,0.41787761206317303,0.2499995625007656,0.5714285714285714,0.2857142857142857,0.8551804210640809,0.16326530612244897,amyAMP,seq_epochs_()_num_852
24,0.9235499996004659,0.041666666666666664,0.03848124998335275,0.5833333333333334,0.125,0.041666666666666664,0.0,0.16666666666666666,1.320833333333333,0.041666666666666664,10.45,8.23965587615967,3.4701755214643453,1.583225856642187,0.21428534693940524,0.375,0.125,1.0498528639678548,0.024305555555555556,amyAMP,seq_epochs_()_num_853
23,2.8711397841116617,0.13043478260869565,0.12483216452659399,0.5217391304347826,0.21739130434782608,0.13043478260869565,0.0,0.21739130434782608,0.6347826086956521,0.17391304347826086,13.747826086956522,10.062434959411618,3.327484781955842,5.503007372116555,0.4166658680570862,0.391304347826087,0.34782608695652173,0.9750496961692554,0.06805293005671077,amyAMP,seq_epochs_()_num_854
26,6.0938923722136344,0.23076923076923078,0.23438047585437055,0.38461538461538464,0.23076923076923078,0.23076923076923078,0.0,0.19230769230769232,-0.2576923076923078,0.07692307692307693,29.430769230769236,10.595459556579591,3.272769892034794,15.84407897315012,0.599998440004056,0.23076923076923078,0.34615384615384615,1.1133378575418822,0.08875739644970415,amyAMP,seq_epochs_()_num_855
9,-0.07687543410557662,0.0,0.008541714900619625,0.1111111111111111,0.1111111111111111,0.2222222222222222,0.2222222222222222,0.1111111111111111,-1.2,0.0,115.33333333333333,6.84946231842041,2.725480556997868,0.6918726800960687,0.9999910000809993,0.1111111111111111,0.2222222222222222,1.2434593293356115,0.04938271604938271,amyAMP,seq_epochs_()_num_856
12,-0.15272419755611044,0.0,0.012727016463009203,0.5,0.25,0.0,0.0,0.08333333333333333,1.5416666666666663,0.16666666666666666,2.091666666666667,6.741127204895021,2.9182958340544896,0.3054477842166524,0.499999000002,0.4166666666666667,0.16666666666666666,0.5384606432802657,0.0,amyAMP,seq_epochs_()_num_857
15,1.759092613290301,0.13333333333333333,0.11727284088602007,0.26666666666666666,0.06666666666666667,0.13333333333333333,0.0,0.3333333333333333,0.07333333333333325,0.06666666666666667,35.53333333333333,11.000836753845213,3.0565647621309537,6.59657256269152,0.24999906250351564,0.13333333333333333,0.2,0.6953797735579422,0.035555555555555556,amyAMP,seq_epochs_()_num_858
15,4.746194620194288,0.3333333333333333,0.3164129746796192,0.4,0.0,0.3333333333333333,0.0,0.13333333333333333,0.01999999999999981,0.0,8.426666666666666,10.479351997375485,3.1068905956085184,11.865456886843504,0.0,0.26666666666666666,0.4,1.408986411369851,0.13333333333333333,amyAMP,seq_epochs_()_num_859
9,2.7580936122913,0.3333333333333333,0.3064548458101444,0.5555555555555556,0.1111111111111111,0.3333333333333333,0.0,0.0,0.33333333333333337,0.1111111111111111,58.82222222222222,11.16626262664795,2.9477027792200903,4.964559565917121,0.19999964000064796,0.3333333333333333,0.4444444444444444,2.2613858679630736,0.18518518518518517,amyAMP,seq_epochs_()_num_860
16,4.7570846113922975,0.3125,0.2973177882120186,0.375,0.0,0.3125,0.0,0.125,0.012500000000000011,0.0,102.80000000000001,11.999967765808105,3.1556390622295662,12.685525135645767,0.0,0.375,0.3125,0.4876934651483768,0.1171875,amyAMP,seq_epochs_()_num_861
27,1.845277800445888,0.07407407407407407,0.06834362223873659,0.48148148148148145,0.07407407407407407,0.07407407407407407,0.0,0.14814814814814814,0.8148148148148148,0.037037037037037035,-7.311111111111113,10.002801704406739,3.0361329852535914,3.8324920872886636,0.15384583432019028,0.3333333333333333,0.1111111111111111,0.9604978720375058,0.035665294924554176,amyAMP,seq_epochs_()_num_862
23,3.9315447479423145,0.17391304347826086,0.17093672817140498,0.30434782608695654,0.21739130434782608,0.21739130434782608,0.043478260869565216,0.08695652173913043,-0.6826086956521741,0.13043478260869565,69.4695652173913,10.43306369781494,3.555533151426996,12.917890298742337,0.7142833673546501,0.21739130434782608,0.2608695652173913,0.7749150638430699,0.07939508506616258,amyAMP,seq_epochs_()_num_863
24,1.935252450773684,0.08333333333333334,0.08063551878223683,0.375,0.125,0.125,0.041666666666666664,0.16666666666666666,-0.2291666666666667,0.041666666666666664,69.80833333333334,9.99442081451416,3.6572682296173897,5.16065944030465,0.3333324444468148,0.25,0.16666666666666666,0.9659601252688227,0.0625,amyAMP,seq_epochs_()_num_864
25,6.833348808648873,0.28,0.2733339523459549,0.28,0.08,0.28,0.0,0.08,-0.6400000000000001,0.04,52.660000000000004,11.745382118225098,2.903465189601646,24.404730013995927,0.28571326530976676,0.12,0.36,1.7487278027492061,0.07840000000000001,amyAMP,seq_epochs_()_num_865
27,5.8432597986478845,0.2222222222222222,0.21641702957955128,0.37037037037037035,0.07407407407407407,0.2222222222222222,0.0,0.2222222222222222,-0.11481481481481483,0.037037037037037035,19.833333333333336,11.999967765808105,3.3800943362833302,15.77675885910037,0.19999946000145802,0.25925925925925924,0.25925925925925924,0.712877592080376,0.08230452674897118,amyAMP,seq_epochs_()_num_866
8,0.7393006329922822,0.125,0.09241257912403528,0.5,0.125,0.125,0.0,0.375,1.525,0.125,54.3125,8.058370780944824,2.5,1.4785983087879468,0.249999500001,0.375,0.5,0.46056766932307514,0.0625,amyAMP,seq_epochs_()_num_867
8,1.5845318727989293,0.25,0.19806648409986616,0.375,0.375,0.25,0.0,0.0,-0.7000000000000001,0.25,180.3,9.700380516052245,2.5,4.225407059711652,0.9999973333404445,0.25,0.375,0.9356484908746436,0.09375,amyAMP,seq_epochs_()_num_868
11,6.758043612791294,0.6363636363636364,0.614367601162845,0.36363636363636365,0.2727272727272727,0.6363636363636364,0.0,0.0,-2.009090909090909,0.2727272727272727,247.0190909090909,11.999967765808105,1.8676338909712125,18.584568827611783,0.7499979375056718,0.36363636363636365,0.8181818181818182,1.9434081925057436,0.23140495867768596,amyAMP,seq_epochs_()_num_869
25,0.8470892614200971,0.04,0.03388357045680388,0.44,0.16,0.08,0.04,0.24,0.19599999999999998,0.12,6.632,8.505136680603027,3.733660689688185,1.9251984914127402,0.36363553719196096,0.36,0.16,1.7779373830412466,0.0528,amyAMP,seq_epochs_()_num_870
24,0.826596581187713,0.041666666666666664,0.034441524216154706,0.5833333333333334,0.08333333333333333,0.08333333333333333,0.041666666666666664,0.08333333333333333,1.5708333333333335,0.041666666666666664,33.725,8.055082893371583,3.319773835029478,1.4170202814298825,0.14285689795960346,0.375,0.20833333333333334,1.5205555188910784,0.07291666666666667,amyAMP,seq_epochs_()_num_871
13,3.7600616145892984,0.3076923076923077,0.2892355088145614,0.5384615384615384,0.15384615384615385,0.3076923076923077,0.0,0.07692307692307693,0.27692307692307677,0.15384615384615385,106.84615384615385,11.999967765808105,2.7192945256669794,6.982958601599866,0.28571375510302627,0.46153846153846156,0.46153846153846156,1.291606328244748,0.16568047337278108,amyAMP,seq_epochs_()_num_872
16,0.7590926132903006,0.0625,0.04744328833064379,0.5625,0.0625,0.0625,0.0,0.3125,1.2125000000000001,0.0625,4.06875,8.747602272033692,3.0306390622295662,1.3494955800795032,0.11111091358059808,0.4375,0.0625,0.9832907880579604,0.03515625,amyAMP,seq_epochs_()_num_873
13,2.7582153722321436,0.23076923076923078,0.21217041324862643,0.38461538461538464,0.15384615384615385,0.3076923076923077,0.07692307692307693,0.15384615384615385,-1.0230769230769228,0.15384615384615385,4.2153846153846155,10.289686012268067,3.0269868333592873,7.1713413223161355,0.399998960002704,0.23076923076923078,0.46153846153846156,1.368064259057148,0.14792899408284024,amyAMP,seq_epochs_()_num_875
12,3.7561056101932997,0.3333333333333333,0.31300880084944166,0.5,0.16666666666666666,0.3333333333333333,0.0,0.16666666666666666,-0.06666666666666672,0.16666666666666666,-35.483333333333334,10.477740287780762,2.751629167387823,7.512196195994207,0.33333266666799993,0.3333333333333333,0.5,1.531553950875953,0.16666666666666666,amyAMP,seq_epochs_()_num_876
13,0.758103612191301,0.07692307692307693,0.05831566247625392,0.6923076923076923,0.23076923076923078,0.07692307692307693,0.0,0.23076923076923078,0.7615384615384616,0.23076923076923078,15.884615384615385,8.590879631042483,2.873140679513133,1.0950369692229236,0.33333285185254735,0.46153846153846156,0.23076923076923078,1.780850947796985,0.05325443786982249,amyAMP,seq_epochs_()_num_877
13,-0.23709792373748817,0.0,0.018238301825960628,0.6153846153846154,0.15384615384615385,0.07692307692307693,0.07692307692307693,0.15384615384615385,0.8307692307692308,0.15384615384615385,106.46153846153847,6.0021066665649405,3.238901256602631,0.38528349998773076,0.24999959375066014,0.46153846153846156,0.23076923076923078,1.078413562511425,0.09467455621301776,amyAMP,seq_epochs_()_num_878
24,-0.07545099940053324,0.0,0.0031437916416888847,0.4166666666666667,0.125,0.0,0.0,0.2916666666666667,1.0666666666666667,0.041666666666666664,15.525,6.907779121398925,3.323934896284056,0.18108196396456624,0.299999280001728,0.2916666666666667,0.08333333333333333,1.1082924923114061,0.0,amyAMP,seq_epochs_()_num_879
18,2.757094611292299,0.16666666666666666,0.15317192284957215,0.6111111111111112,0.1111111111111111,0.16666666666666666,0.0,0.1111111111111111,0.9055555555555556,0.1111111111111111,3.9944444444444422,10.289686012268067,3.3502090290998967,4.511601981311428,0.1818178842980075,0.4444444444444444,0.2222222222222222,1.3711480022968898,0.10185185185185186,amyAMP,seq_epochs_()_num_880
9,-0.5971914825859534,0.0,0.06635460917621705,0.1111111111111111,0.0,0.2222222222222222,0.2222222222222222,0.4444444444444444,-1.588888888888889,0.0,100.51111111111112,5.8100477218627935,2.4193819456463714,5.37467497119884,0.0,0.1111111111111111,0.2222222222222222,0.7304168865929755,0.04938271604938271,amyAMP,seq_epochs_()_num_881
16,0.7591026131903019,0.0625,0.04744391332439387,0.625,0.0,0.0625,0.0,0.1875,1.8375000000000001,0.0,10.8,8.750052070617677,2.75,1.2145622378049026,0.0,0.5625,0.0625,0.6092647757858455,0.0390625,amyAMP,seq_epochs_()_num_882
16,2.8333788083488765,0.1875,0.17708617552180478,0.5625,0.1875,0.1875,0.0,0.125,0.9625,0.125,33.581875000000004,9.63062572479248,3.2806390622295662,5.037108926648799,0.3333327407417942,0.5,0.3125,1.2889102817025597,0.10546875,amyAMP,seq_epochs_()_num_883
19,3.7362936300952785,0.21052631578947367,0.1966470331629094,0.3684210526315789,0.15789473684210525,0.21052631578947367,0.0,0.3684210526315789,-0.12105263157894736,0.15789473684210525,2.073684210526316,9.6994779586792,3.4316235658474303,10.141340898047606,0.4285702653092799,0.3684210526315789,0.42105263157894735,0.8916243009962321,0.07756232686980609,amyAMP,seq_epochs_()_num_884
13,1.758103612191301,0.15384615384615385,0.13523873939933084,0.6153846153846154,0.15384615384615385,0.15384615384615385,0.0,0.07692307692307693,1.4461538461538461,0.15384615384615385,-10.361538461538462,10.002737236022949,2.931208948910323,2.8569137273260568,0.24999959375066014,0.5384615384615384,0.3076923076923077,0.8972899426180153,0.09467455621301776,amyAMP,seq_epochs_()_num_885
22,5.735294629096277,0.2727272727272727,0.26069521041346716,0.36363636363636365,0.13636363636363635,0.2727272727272727,0.0,0.18181818181818182,0.2090909090909091,0.13636363636363635,3.759090909090908,10.21309757232666,2.9540036423298544,15.772016856968406,0.3749989687528359,0.3181818181818182,0.5,0.612234591970066,0.09917355371900825,amyAMP,seq_epochs_()_num_886
15,0.758103612191301,0.06666666666666667,0.0505402408127534,0.5333333333333333,0.13333333333333333,0.06666666666666667,0.0,0.3333333333333333,0.68,0.13333333333333333,62.25999999999999,8.590879631042483,3.1898980954642875,1.4214416076556748,0.2499995312508789,0.4,0.13333333333333333,1.2288846473691775,0.035555555555555556,amyAMP,seq_epochs_()_num_887
16,4.845237800845883,0.3125,0.3028273625528677,0.5,0.125,0.3125,0.0,0.0625,-0.3874999999999999,0.0625,94.4375,11.999967765808105,2.952819531114783,9.690456220779323,0.249999500001,0.3125,0.3125,1.9314110785809648,0.15625,amyAMP,seq_epochs_()_num_888
13,1.5715359699768001,0.15384615384615385,0.1208873823059077,0.3076923076923077,0.38461538461538464,0.15384615384615385,0.0,0.38461538461538464,-0.6538461538461539,0.23076923076923078,84.43846153846154,11.000192070007323,2.8150724101159437,5.107475303129865,1.2499959375132033,0.3076923076923077,0.38461538461538464,1.3819976844495052,0.04733727810650888,amyAMP,seq_epochs_()_num_889
10,0.8191645762117374,0.1,0.08191645762117375,0.4,0.2,0.1,0.0,0.2,0.4500000000000002,0.1,42.14,8.56979846954346,2.9219280948873623,2.0479063207635417,0.49999875000312505,0.3,0.1,1.1436786167660133,0.04000000000000001,amyAMP,seq_epochs_()_num_890
24,2.1057913643106465,0.08333333333333333,0.08774130684627694,0.4166666666666667,0.2916666666666667,0.08333333333333333,0.0,0.2916666666666667,-0.06250000000000001,0.125,12.533333333333333,9.700316047668458,3.220175521464345,5.053887145016404,0.6999983200040321,0.375,0.125,0.8553437910100132,0.034722222222222224,amyAMP,seq_epochs_()_num_891
13,5.746174620394285,0.46153846153846156,0.4420134323380219,0.38461538461538464,0.07692307692307693,0.46153846153846156,0.0,0.15384615384615385,-0.8076923076923077,0.07692307692307693,61.84615384615384,11.07529773712158,2.8150724101159437,14.940015168985703,0.199999480001352,0.38461538461538464,0.5384615384615384,0.5521443838880711,0.1775147928994083,amyAMP,seq_epochs_()_num_892
9,-1.2380869248364883,-0.1111111111111111,0.13756521387072093,0.4444444444444444,0.1111111111111111,0.0,0.1111111111111111,0.2222222222222222,0.2,0.1111111111111111,26.822222222222223,4.0500284194946286,2.725480556997868,2.7856893130811446,0.24999943750126563,0.3333333333333333,0.0,0.5933048290105947,0.04938271604938271,amyAMP,seq_epochs_()_num_893
12,1.499345686642343,0.16666666666666666,0.1249454738868619,0.5,0.08333333333333333,0.16666666666666666,0.0,0.08333333333333333,0.9500000000000001,0.08333333333333333,13.166666666666668,11.000256538391113,3.0220552088742,2.998685375913934,0.16666633333399997,0.3333333333333333,0.25,0.8731028162933817,0.08333333333333333,amyAMP,seq_epochs_()_num_894
18,2.8442787994468874,0.16666666666666666,0.1580154888581604,0.5,0.05555555555555555,0.16666666666666666,0.0,0.16666666666666666,0.9999999999999998,0.0,5.994444444444445,10.302063941955566,2.7744019192887706,5.688546221801331,0.11111088888933332,0.5,0.16666666666666666,0.5660377912625827,0.08333333333333333,amyAMP,seq_epochs_()_num_895
23,2.8442787994468874,0.13043478260869565,0.12366429562812555,0.43478260869565216,0.08695652173913043,0.13043478260869565,0.0,0.34782608695652173,0.1695652173913044,0.043478260869565216,0.3304347826086963,10.302063941955566,3.381620107948735,6.541826192527599,0.19999954000105802,0.30434782608695654,0.17391304347826086,0.8823407518134814,0.05671077504725898,amyAMP,seq_epochs_()_num_896
26,5.541316641578179,0.23076923076923078,0.21312756313762227,0.34615384615384615,0.07692307692307693,0.23076923076923078,0.0,0.2692307692307692,0.10000000000000006,0.038461538461538464,26.642307692307703,10.675916099548338,3.089889603490045,16.0082018297539,0.2222215802487682,0.34615384615384615,0.23076923076923078,1.256937959837602,0.07988165680473373,amyAMP,seq_epochs_()_num_897
9,-3.2314669998910666,-0.3333333333333333,0.3590518888767852,0.1111111111111111,0.0,0.0,0.3333333333333333,0.4444444444444444,-1.9555555555555553,0.0,40.32222222222223,4.0500284194946286,2.6416041678685933,29.082941252548327,0.0,0.0,0.0,0.1336617486702595,0.037037037037037035,amyAMP,seq_epochs_()_num_898
15,1.756095610293298,0.13333333333333333,0.11707304068621988,0.6,0.3333333333333333,0.13333333333333333,0.0,0.26666666666666666,-0.5599999999999999,0.3333333333333333,24.867333333333335,9.526315879821777,3.1395722619867223,2.926821139120265,0.5555546296311727,0.4666666666666667,0.26666666666666666,1.3549959764996584,0.08,amyAMP,seq_epochs_()_num_899
23,5.845237800845884,0.2608695652173913,0.25414077394982104,0.30434782608695654,0.08695652173913043,0.2608695652173913,0.0,0.17391304347826086,-0.591304347826087,0.043478260869565216,42.08695652173913,11.999967765808105,3.501397825434103,19.205718241133685,0.28571334694186007,0.21739130434782608,0.30434782608695654,0.9222588631925235,0.07939508506616258,amyAMP,seq_epochs_()_num_900
12,2.7590826133903,0.25,0.22992355111585835,0.5,0.0,0.25,0.0,0.08333333333333333,1.1000000000000003,0.0,-13.66666666666667,11.999967765808105,2.9182958340544896,5.518154190472219,0.0,0.4166666666666667,0.25,0.5215217950433465,0.125,amyAMP,seq_epochs_()_num_901
25,1.8470792615200962,0.07999999999999999,0.07388317046080385,0.56,0.12,0.12,0.04,0.04,1.028,0.08,6.407999999999998,9.699929237365723,3.3974058114255166,3.2983499342324314,0.21428533163333632,0.44,0.16,1.175907769691019,0.08960000000000001,amyAMP,seq_epochs_()_num_902
21,1.7329793890561507,0.09523809523809523,0.08252282805029289,0.47619047619047616,0.047619047619047616,0.09523809523809523,0.0,0.2857142857142857,0.961904761904762,0.047619047619047616,-1.6761904761904758,11.000707817077636,3.3680424225727146,3.63924907459486,0.099999790000441,0.38095238095238093,0.14285714285714285,1.228639967929601,0.04535147392290249,amyAMP,seq_epochs_()_num_903
12,3.845257800645886,0.3333333333333333,0.32043815005382387,0.5,0.08333333333333333,0.3333333333333333,0.0,0.0,0.3000000000000001,0.0,89.65,11.999967765808105,2.5849625007211565,7.690500220291331,0.16666633333399997,0.4166666666666667,0.3333333333333333,1.5162951137919836,0.16666666666666666,amyAMP,seq_epochs_()_num_904
18,0.794875586855086,0.05555555555555555,0.04415975482528255,0.6111111111111112,0.05555555555555555,0.05555555555555555,0.0,0.16666666666666666,1.161111111111111,0.05555555555555555,20.14444444444445,8.795051002502444,3.080500530640267,1.3007033773391594,0.09090894214900375,0.3333333333333333,0.1111111111111111,0.8071019376482659,0.033950617283950615,amyAMP,seq_epochs_()_num_905
21,3.7461846202942874,0.19047619047619047,0.1783897438235375,0.38095238095238093,0.14285714285714285,0.19047619047619047,0.0,0.2857142857142857,0.028571428571428553,0.14285714285714285,5.757142857142858,10.029233741760255,3.5351745656359026,9.833708814786867,0.37499901562758403,0.38095238095238093,0.2857142857142857,1.1643498369014607,0.07256235827664398,amyAMP,seq_epochs_()_num_906
13,0.7591026131903019,0.07692307692307693,0.0583925087069463,0.5384615384615384,0.07692307692307693,0.07692307692307693,0.0,0.23076923076923078,1.723076923076923,0.07692307692307693,17.51538461538462,8.750052070617677,3.0269868333592873,1.4097593778002877,0.14285687755151313,0.5384615384615384,0.15384615384615385,0.5038845504938937,0.04142011834319527,amyAMP,seq_epochs_()_num_907
23,0.8480882624190982,0.043478260869565216,0.036873402713873835,0.391304347826087,0.13043478260869565,0.08695652173913043,0.043478260869565216,0.21739130434782608,0.3565217391304348,0.08695652173913043,32.25217391304348,8.598486900329593,3.6211755429194716,2.1673311318914696,0.3333324814836584,0.34782608695652173,0.17391304347826086,0.8641112021245333,0.05103969754253308,amyAMP,seq_epochs_()_num_908
15,0.7609040742645101,0.06666666666666667,0.05072693828430067,0.2,0.06666666666666667,0.13333333333333333,0.06666666666666667,0.5333333333333333,-1.5599999999999998,0.06666666666666667,106.69333333333333,8.589912605285647,2.866247897312731,3.804501348815806,0.3333316666749999,0.2,0.13333333333333333,1.0106997426973343,0.04000000000000001,amyAMP,seq_epochs_()_num_909
8,-0.23989838581069733,0.0,0.029987298226337167,0.375,0.0,0.0,0.0,0.25,0.5624999999999999,0.0,39.6,5.525000190734862,2.1556390622295662,0.6397273228889986,0.0,0.0,0.0,1.042252335080058,0.0,amyAMP,seq_epochs_()_num_910
18,4.728973385160145,0.2777777777777778,0.2627207436200081,0.4444444444444444,0.16666666666666666,0.2777777777777778,0.0,0.2222222222222222,-0.43333333333333335,0.16666666666666666,34.18333333333334,10.56496601104736,3.1971597234241487,10.640166176236432,0.37499915625189845,0.3888888888888889,0.3333333333333333,1.0362586586924867,0.12345679012345678,amyAMP,seq_epochs_()_num_911
13,3.794845587155083,0.3076923076923077,0.29191119901192947,0.46153846153846156,0.38461538461538464,0.3076923076923077,0.0,0.15384615384615385,-1.4076923076923078,0.38461538461538464,88.75384615384615,11.999967765808105,2.71929452566698,8.222147624182828,0.8333315277816898,0.07692307692307693,0.6923076923076923,0.8186508383696055,0.14201183431952663,amyAMP,seq_epochs_()_num_912
25,4.753088607396294,0.2,0.19012354429585177,0.44,0.28,0.2,0.0,0.16,-0.7680000000000001,0.28,18.128000000000004,10.118973731994629,3.128884070537636,10.80244955669713,0.6363621900859318,0.28,0.32,1.2909385712093273,0.08800000000000001,amyAMP,seq_epochs_()_num_913
27,3.930453986702474,0.14814814814814814,0.1455723698778694,0.3333333333333333,0.1111111111111111,0.14814814814814814,0.0,0.2962962962962963,-0.4074074074074074,0.037037037037037035,16.45925925925926,10.477740287780762,3.43971065015136,11.791326586127665,0.33333233333633333,0.14814814814814814,0.18518518518518517,1.3259550937093287,0.04938271604938271,amyAMP,seq_epochs_()_num_914
10,2.4983466856433423,0.3,0.24983466856433423,0.4,0.0,0.3,0.0,0.1,0.7299999999999995,0.0,68.56,11.16600475311279,2.5219280948873624,6.245851099480607,0.0,0.4,0.3,1.6997871592030438,0.12,amyAMP,seq_epochs_()_num_915
20,1.9324419888004738,0.1,0.09662209944002369,0.25,0.2,0.1,0.0,0.45,-0.7500000000000001,0.1,-8.080000000000002,9.99442081451416,3.4841837197791885,7.729737036253751,0.7999968000128,0.25,0.15,0.979549985802297,0.025,amyAMP,seq_epochs_()_num_916
11,2.7590826133903,0.2727272727272727,0.25082569212639094,0.45454545454545453,0.18181818181818182,0.2727272727272727,0.0,0.09090909090909091,0.22727272727272724,0.18181818181818182,6.081818181818185,11.999967765808105,2.9139770731827523,6.069968395528191,0.39999912000193605,0.45454545454545453,0.45454545454545453,0.6849256502387605,0.12396694214876032,amyAMP,seq_epochs_()_num_917
13,5.758063612591297,0.46153846153846156,0.4429279701993305,0.5384615384615384,0.3076923076923077,0.46153846153846156,0.0,0.0,-1.2000000000000002,0.3076923076923077,105.63846153846156,11.999967765808105,2.5654483718208256,10.693526849691116,0.5714275102060525,0.23076923076923078,0.7692307692307693,0.9486671587270371,0.2485207100591716,amyAMP,seq_epochs_()_num_918
10,1.758103612191301,0.2,0.1758103612191301,0.4,0.0,0.2,0.0,0.3,0.6299999999999999,0.0,52.37,10.002737236022949,2.446439344671015,4.395248042358147,0.0,0.4,0.2,0.41842691864449544,0.08000000000000002,amyAMP,seq_epochs_()_num_919
18,-0.2389641658946453,0.0,0.013275786994146962,0.3888888888888889,0.05555555555555555,0.1111111111111111,0.1111111111111111,0.2222222222222222,0.34444444444444444,0.05555555555555555,-4.705555555555556,6.068267250061035,3.30827083453526,0.6144777036435644,0.1428567755111487,0.3888888888888889,0.1111111111111111,0.9709160180418313,0.08641975308641975,amyAMP,seq_epochs_()_num_920
19,6.719072395061136,0.3684210526315789,0.35363538921374404,0.3157894736842105,0.10526315789473684,0.3684210526315789,0.0,0.21052631578947367,-0.33157894736842114,0.10526315789473684,55.57368421052632,11.224735450744628,3.070847093622518,21.276995207208778,0.3333322777811204,0.2631578947368421,0.5263157894736842,1.4897388291731586,0.11634349030470913,amyAMP,seq_epochs_()_num_921
17,3.9324319889004733,0.23529411764705882,0.23131952875885137,0.29411764705882354,0.23529411764705882,0.23529411764705882,0.0,0.35294117647058826,-1.241176470588235,0.11764705882352941,74.7,11.999967765808105,3.1018812234760182,13.370223303502378,0.799997280009248,0.23529411764705882,0.35294117647058826,0.7024732918522759,0.06920415224913495,amyAMP,seq_epochs_()_num_922
24,4.753108607196296,0.20833333333333334,0.19804619196651232,0.375,0.16666666666666666,0.20833333333333334,0.0,0.25,-0.18749999999999997,0.16666666666666666,29.87916666666667,10.125549507141113,3.351227480952956,12.674922486063494,0.44444325926241973,0.3333333333333333,0.2916666666666667,1.0336514702047415,0.078125,amyAMP,seq_epochs_()_num_923
13,0.7939983457969289,0.07692307692307693,0.061076795830532986,0.38461538461538464,0.23076923076923078,0.15384615384615385,0.07692307692307693,0.23076923076923078,-0.39230769230769236,0.23076923076923078,-16.83846153846154,8.54091663360596,3.3927474104487847,2.064390331657153,0.599998440004056,0.23076923076923078,0.3076923076923077,0.9022021506550985,0.08875739644970415,amyAMP,seq_epochs_()_num_924
11,3.846246801744886,0.36363636363636365,0.349658800158626,0.36363636363636365,0.18181818181818182,0.36363636363636365,0.0,0.09090909090909091,-0.6181818181818183,0.09090909090909091,69.76363636363635,11.999967765808105,2.5949066182439395,10.577149617636987,0.4999986250037813,0.2727272727272727,0.45454545454545453,2.035350116867605,0.1322314049586777,amyAMP,seq_epochs_()_num_925
9,0.7319803880571492,0.1111111111111111,0.08133115422857212,0.6666666666666666,0.3333333333333333,0.1111111111111111,0.0,0.0,0.9222222222222223,0.3333333333333333,56.85555555555556,8.560257148742679,2.725480556997868,1.097968935132321,0.499999250001125,0.5555555555555556,0.2222222222222222,0.3230179263932818,0.07407407407407407,amyAMP,seq_epochs_()_num_926
13,2.7590826133903,0.23076923076923078,0.21223712410694617,0.46153846153846156,0.15384615384615385,0.23076923076923078,0.0,0.07692307692307693,0.7153846153846154,0.15384615384615385,47.05384615384616,11.999967765808105,3.085055102756477,5.9779993766803345,0.3333326111126759,0.38461538461538464,0.38461538461538464,0.6997066810317373,0.10650887573964499,amyAMP,seq_epochs_()_num_927
24,2.7274016408952706,0.125,0.11364173503730295,0.625,0.08333333333333333,0.125,0.0,0.25,1.5833333333333337,0.08333333333333333,6.045833333333333,9.107013511657716,3.1216535224393334,4.3638356432954035,0.1333331200003413,0.4166666666666667,0.3333333333333333,1.3797679021346112,0.078125,amyAMP,seq_epochs_()_num_928
12,1.7590826133902997,0.16666666666666666,0.14659021778252498,0.3333333333333333,0.16666666666666666,0.16666666666666666,0.0,0.4166666666666667,-0.8083333333333332,0.16666666666666666,38.16666666666667,10.835024070739745,2.8553885422075336,5.277232008474875,0.4999985000045,0.25,0.25,1.685321412542511,0.05555555555555555,amyAMP,seq_epochs_()_num_929
13,-0.2397766258698535,0.0,0.018444355836142574,0.46153846153846156,0.15384615384615385,0.07692307692307693,0.07692307692307693,0.3076923076923077,0.576923076923077,0.15384615384615385,38.861538461538466,5.835682106018066,2.7773627950641693,0.5195148971024055,0.3333326111126759,0.38461538461538464,0.23076923076923078,1.1766472939876387,0.07100591715976332,amyAMP,seq_epochs_()_num_930
13,1.4592592182594408,0.15384615384615385,0.11225070909688006,0.38461538461538464,0.0,0.23076923076923078,0.07692307692307693,0.3076923076923077,-0.46153846153846156,0.0,4.453846153846155,9.992293357849121,3.0850551027564768,3.7940641029078788,0.0,0.3076923076923077,0.23076923076923078,1.3059807873335312,0.1183431952662722,amyAMP,seq_epochs_()_num_931
13,4.758063612591297,0.38461538461538464,0.3660048932762536,0.38461538461538464,0.07692307692307693,0.38461538461538464,0.0,0.07692307692307693,-0.3846153846153847,0.07692307692307693,153.0076923076923,11.999967765808105,2.3158243335257076,12.370933228310978,0.199999480001352,0.38461538461538464,0.38461538461538464,1.0743477049232955,0.14792899408284024,amyAMP,seq_epochs_()_num_932
20,-3.2422452310482335,-0.15000000000000002,0.16211226155241168,0.3,0.1,0.05,0.2,0.25,-0.43499999999999994,0.1,1.2550000000000008,4.0500284194946286,3.5464393446710147,10.807448078667184,0.33333222222592596,0.25,0.15,1.2289079394489575,0.075,amyAMP,seq_epochs_()_num_933
12,0.45914745821859826,0.08333333333333333,0.03826228818488319,0.25,0.0,0.08333333333333333,0.0,0.4166666666666667,0.6583333333333333,0.0,-4.983333333333334,8.465101814270021,2.6887218755408666,1.8365824865444471,0.0,0.25,0.08333333333333333,0.5185561341531918,0.020833333333333332,amyAMP,seq_epochs_()_num_934
27,4.628480829932766,0.18518518518518517,0.17142521592343576,0.25925925925925924,0.25925925925925924,0.18518518518518517,0.0,0.37037037037037035,-0.9703703703703702,0.18518518518518517,50.68148148148148,10.288847923278805,3.1336120387998636,17.852642912403724,0.9999961428720204,0.18518518518518517,0.25925925925925924,0.9875211128819511,0.048010973936899855,amyAMP,seq_epochs_()_num_935
25,7.75420936833614,0.32,0.3101683747334456,0.24,0.0,0.36,0.04,0.2,-1.0119999999999998,0.0,20.24,11.301130485534667,3.187601311512056,32.30907108027108,0.0,0.2,0.36,1.6387729387749816,0.09599999999999999,amyAMP,seq_epochs_()_num_936
26,6.928445984804471,0.2692307692307692,0.2664786917232489,0.38461538461538464,0.11538461538461539,0.2692307692307692,0.0,0.15384615384615385,-0.3576923076923076,0.038461538461538464,70.72307692307693,11.433484077453613,3.353533948577481,18.01391272431854,0.299999220002028,0.19230769230769232,0.3076923076923077,1.5554167633519895,0.10355029585798817,amyAMP,seq_epochs_()_num_937
12,0.7591026131903019,0.08333333333333333,0.06325855109919183,0.5833333333333334,0.0,0.08333333333333333,0.0,0.16666666666666666,1.7666666666666668,0.0,9.166666666666668,8.750052070617677,3.0220552088742,1.3013165346407438,0.0,0.4166666666666667,0.08333333333333333,0.8039428161997825,0.04861111111111111,amyAMP,seq_epochs_()_num_938
13,0.7321121478979944,0.07692307692307693,0.05631631906907649,0.46153846153846156,0.23076923076923078,0.15384615384615385,0.07692307692307693,0.23076923076923078,-0.11538461538461539,0.23076923076923078,2.8230769230769233,8.468389701843265,3.238901256602631,1.5862395502599622,0.4999989166690139,0.38461538461538464,0.3076923076923077,0.929909399718046,0.10650887573964499,amyAMP,seq_epochs_()_num_939
26,3.454152453223594,0.15384615384615385,0.13285201743167668,0.4230769230769231,0.07692307692307693,0.15384615384615385,0.0,0.34615384615384615,-0.10769230769230773,0.07692307692307693,30.65769230769231,10.000222969055176,3.2867901988271124,8.164341046449659,0.1818177520671315,0.3076923076923077,0.15384615384615385,1.543405896116287,0.0650887573964497,amyAMP,seq_epochs_()_num_940
15,1.7571046111922999,0.13333333333333333,0.11714030741281999,0.6,0.06666666666666667,0.13333333333333333,0.0,0.06666666666666667,1.46,0.06666666666666667,67.52,9.703023719787598,2.866247897312731,2.928502804482492,0.11111092592623456,0.5333333333333333,0.13333333333333333,0.5222137726946519,0.08,amyAMP,seq_epochs_()_num_941
13,0.48945469644333417,0.07692307692307693,0.03765036126487186,0.23076923076923078,0.0,0.07692307692307693,0.0,0.5384615384615384,0.29999999999999993,0.0,34.57692307692308,7.975528907775878,2.8150724101159437,2.1209611604227527,0.0,0.23076923076923078,0.15384615384615385,1.0436567346208787,0.01775147928994083,amyAMP,seq_epochs_()_num_942
10,2.7491816232912902,0.3,0.274918162329129,0.4,0.0,0.3,0.0,0.1,0.5399999999999998,0.0,11.280000000000001,10.860424613952638,3.121928094887362,6.872936875886036,0.0,0.3,0.4,0.6290282746889495,0.12,amyAMP,seq_epochs_()_num_943
23,3.843279798447887,0.17391304347826086,0.16709912167164725,0.34782608695652173,0.08695652173913043,0.17391304347826086,0.0,0.34782608695652173,0.45652173913043465,0.043478260869565216,35.05652173913043,10.477740287780762,2.9140163035068447,11.049397653519422,0.2499992812520664,0.34782608695652173,0.21739130434782608,1.1389385559345817,0.060491493383742906,amyAMP,seq_epochs_()_num_944
20,2.7592043733311433,0.15000000000000002,0.13796021866655717,0.45,0.1,0.2,0.05,0.05,0.07999999999999999,0.1,-10.740000000000002,11.00038547515869,3.321928094887362,6.131551648398878,0.22222172839615914,0.25,0.3,0.9488806234879728,0.1125,amyAMP,seq_epochs_()_num_945
16,3.8343678094478766,0.25,0.2396479880904923,0.375,0.0625,0.25,0.0,0.125,0.40625,0.0,26.462500000000002,10.318696784973142,3.2806390622295662,10.224953558651515,0.1666662222234074,0.3125,0.3125,0.6447498154462373,0.09375,amyAMP,seq_epochs_()_num_946
18,1.758103612191301,0.1111111111111111,0.09767242289951672,0.6111111111111112,0.05555555555555555,0.1111111111111111,0.0,0.1111111111111111,1.5666666666666673,0.05555555555555555,5.4777777777777805,10.002737236022949,3.0168756957665637,2.876892112307763,0.09090894214900375,0.4444444444444444,0.16666666666666666,0.9353201171428595,0.06790123456790123,amyAMP,seq_epochs_()_num_947
15,3.7570946112922994,0.26666666666666666,0.25047297408615327,0.26666666666666666,0.13333333333333333,0.26666666666666666,0.0,0.26666666666666666,-0.11999999999999993,0.13333333333333333,77.71333333333334,11.263867759704592,2.923231428797621,14.08905195840128,0.4999981250070313,0.26666666666666666,0.4,0.5946233589662693,0.07111111111111111,amyAMP,seq_epochs_()_num_948
24,2.7373026309942805,0.125,0.11405427629142835,0.5416666666666666,0.125,0.125,0.0,0.20833333333333334,1.1250000000000007,0.125,16.712500000000002,9.390158653259277,3.2568665431825226,5.053472450809532,0.23076880473451433,0.4166666666666667,0.3333333333333333,1.5428998489921497,0.06770833333333333,amyAMP,seq_epochs_()_num_949
16,2.7618730755635075,0.1875,0.17261706722271922,0.25,0.0625,0.25,0.0625,0.3125,-0.8999999999999999,0.0625,45.5875,11.539018821716308,2.75,11.04744811246158,0.24999900000400002,0.25,0.25,1.4380351164959924,0.078125,amyAMP,seq_epochs_()_num_950
6,-0.509546302557665,0.0,0.08492438375961082,0.5,0.0,0.0,0.0,0.16666666666666666,3.133333333333333,0.0,8.333333333333334,5.27274875640869,2.2516291673878226,1.019090566934196,0.0,0.5,0.16666666666666666,0.24664414311581254,0.0,amyAMP,seq_epochs_()_num_951
25,3.74620462009429,0.16,0.1498481848037716,0.4,0.04,0.16,0.0,0.28,0.5719999999999998,0.04,21.695999999999998,10.03774356842041,3.2536606896881857,9.365488136515383,0.099999750000625,0.28,0.24,0.9782374556842882,0.064,amyAMP,seq_epochs_()_num_952
26,7.092883371314633,0.2692307692307692,0.27280320658902435,0.38461538461538464,0.2692307692307692,0.2692307692307692,0.0,0.15384615384615385,-0.6076923076923075,0.11538461538461539,33.126923076923084,10.665214347839356,3.4556501805795428,18.44144881765112,0.699998180004732,0.23076923076923078,0.38461538461538464,1.2507254923002682,0.10355029585798817,amyAMP,seq_epochs_()_num_953
18,5.756075610493296,0.3333333333333333,0.3197819783607387,0.4444444444444444,0.1111111111111111,0.3333333333333333,0.0,0.05555555555555555,0.06666666666666672,0.1111111111111111,95.56666666666668,11.744350624084472,3.0021722231837633,12.951140983542704,0.24999943750126563,0.3333333333333333,0.3888888888888889,0.7182595659402943,0.14814814814814814,amyAMP,seq_epochs_()_num_954
26,7.015610173159057,0.2692307692307692,0.2698311605061176,0.5,0.23076923076923078,0.2692307692307692,0.0,0.07692307692307693,-0.44615384615384623,0.11538461538461539,31.41538461538462,11.263738822937015,3.2877837199410704,14.031192283933546,0.46153753846338463,0.2692307692307692,0.34615384615384615,1.2149889752870278,0.1346153846153846,amyAMP,seq_epochs_()_num_955
20,3.834357809547875,0.2,0.19171789047739377,0.4,0.1,0.2,0.0,0.25,0.04999999999999992,0.05,12.125,10.306834602355956,3.584183719779189,9.58587055919329,0.24999937500156252,0.3,0.25,1.0158418393687336,0.08000000000000002,amyAMP,seq_epochs_()_num_956
21,1.758103612191301,0.09523809523809523,0.08371921962815719,0.38095238095238093,0.0,0.09523809523809523,0.0,0.09523809523809523,0.8857142857142858,0.0,21.32857142857143,10.002737236022949,3.046381112945884,4.615009867601263,0.0,0.23809523809523808,0.09523809523809523,0.9104222036601993,0.03628117913832199,amyAMP,seq_epochs_()_num_957
12,4.756095610293298,0.4166666666666667,0.3963413008577748,0.4166666666666667,0.08333333333333333,0.4166666666666667,0.0,0.16666666666666666,-0.9083333333333333,0.08333333333333333,49.8,11.33375148773193,2.9182958340544896,11.414602069658947,0.19999952000115198,0.25,0.5,0.5955212178206953,0.17361111111111113,amyAMP,seq_epochs_()_num_958
19,2.7580936122913,0.15789473684210525,0.14516282169954212,0.47368421052631576,0.15789473684210525,0.15789473684210525,0.0,0.21052631578947367,-0.06842105263157894,0.15789473684210525,23.926315789473684,11.16626262664795,3.1555650133297184,5.822629778174324,0.33333262963111526,0.3157894736842105,0.3157894736842105,1.4015102191295634,0.07479224376731301,amyAMP,seq_epochs_()_num_960
8,-0.23989838581069733,0.0,0.029987298226337167,0.5,0.0,0.0,0.0,0.5,-0.17500000000000002,0.0,54.25,5.525000190734862,2.1556390622295662,0.47979581202977056,0.0,0.125,0.0,0.9052763465313012,0.0,amyAMP,seq_epochs_()_num_961
22,6.736253630495274,0.3181818181818182,0.30619334684069427,0.2727272727272727,0.13636363636363635,0.3181818181818182,0.0,0.2727272727272727,-1.4999999999999998,0.13636363636363635,56.30909090909091,10.959641456604004,3.386266142526533,24.699506080293716,0.4999981666733889,0.18181818181818182,0.45454545454545453,1.0555991910063407,0.08677685950413222,amyAMP,seq_epochs_()_num_962
25,5.920532996803463,0.24,0.2368213198721385,0.32,0.08,0.24,0.0,0.28,-0.344,0.0,11.060000000000002,11.17238712310791,3.383465189601647,18.501607797486454,0.2499992187524414,0.32,0.28,0.7112108848856074,0.0768,amyAMP,seq_epochs_()_num_963
13,0.7619030752635112,0.07692307692307693,0.058607928866423936,0.5384615384615384,0.23076923076923078,0.15384615384615385,0.07692307692307693,0.0,0.4923076923076923,0.23076923076923078,33.66153846153847,8.74786014556885,3.238901256602631,1.4149602262775292,0.4285706326545394,0.3076923076923077,0.38461538461538464,0.5945735698602648,0.1242603550295858,amyAMP,seq_epochs_()_num_964
12,0.8462768014448888,0.08333333333333333,0.07052306678707407,0.4166666666666667,0.16666666666666666,0.08333333333333333,0.0,0.16666666666666666,0.8999999999999999,0.08333333333333333,-12.833333333333332,8.757208061218265,3.084962500721156,2.0310594489250557,0.39999904000230396,0.4166666666666667,0.16666666666666666,0.14189727857261716,0.034722222222222224,amyAMP,seq_epochs_()_num_965
10,-0.24979937590970713,0.0,0.024979937590970714,0.6,0.0,0.0,0.0,0.2,2.25,0.0,19.770000000000003,5.518122673034666,2.8464393446710154,0.4163315992968464,0.0,0.5,0.1,1.2633479768723461,0.0,amyAMP,seq_epochs_()_num_966
26,4.8254458205478645,0.19230769230769232,0.1855940700210717,0.34615384615384615,0.038461538461538464,0.19230769230769232,0.0,0.23076923076923078,0.3153846153846155,0.0,18.20769230769231,10.928567695617676,3.397581911182353,13.940136543410485,0.1111107901243841,0.15384615384615385,0.2692307692307692,1.322525943321604,0.06656804733727811,amyAMP,seq_epochs_()_num_967
16,1.8480682626190963,0.125,0.11550426641369352,0.5625,0.25,0.1875,0.0625,0.0625,0.3937499999999999,0.1875,42.868750000000006,9.98623332977295,3.25,3.285448848302663,0.4444436543223923,0.5,0.3125,0.8472300393573282,0.140625,amyAMP,seq_epochs_()_num_968
20,1.8363658114458783,0.1,0.09181829057229392,0.65,0.1,0.1,0.0,0.1,1.5150000000000001,0.05,22.979999999999997,9.508071327209475,3.2464393446710154,2.8251738250339278,0.15384591716012744,0.45,0.2,1.000666171053869,0.065,amyAMP,seq_epochs_()_num_969
13,1.758103612191301,0.15384615384615385,0.13523873939933084,0.5384615384615384,0.0,0.15384615384615385,0.0,0.23076923076923078,1.4076923076923078,0.0,17.51538461538462,10.002737236022949,2.7192945256669794,3.2650435018459127,0.0,0.5384615384615384,0.15384615384615385,1.5518432049272197,0.08284023668639054,amyAMP,seq_epochs_()_num_970
17,5.835336810746874,0.35294117647058826,0.343255106514522,0.29411764705882354,0.17647058823529413,0.35294117647058826,0.0,0.29411764705882354,-0.9882352941176471,0.11764705882352941,78.7,11.999967765808105,3.1018812234760182,19.84007770027519,0.5999979600069361,0.23529411764705882,0.5294117647058824,0.5250546074358983,0.10380622837370243,amyAMP,seq_epochs_()_num_971
27,2.757094611292299,0.1111111111111111,0.10211461523304811,0.4444444444444444,0.1111111111111111,0.1111111111111111,0.0,0.2222222222222222,0.42962962962962953,0.1111111111111111,5.611111111111109,10.289686012268067,3.4117518537749363,6.203448917647608,0.24999943750126563,0.3333333333333333,0.18518518518518517,1.0302925584005234,0.04938271604938271,amyAMP,seq_epochs_()_num_972
7,-0.20412541214591307,0.0,0.029160773163701866,0.5714285714285714,0.0,0.0,0.0,0.14285714285714285,2.1,0.0,8.571428571428571,5.57001667022705,2.5216406363433186,0.35721884612236715,0.0,0.42857142857142855,0.0,0.42594105437618734,0.0,amyAMP,seq_epochs_()_num_973
13,0.7600916142893016,0.07692307692307693,0.05846858571456166,0.7692307692307693,0.07692307692307693,0.07692307692307693,0.0,0.15384615384615385,2.1076923076923078,0.07692307692307693,2.7,9.750021171569824,2.7773627950641697,0.9881178140229337,0.099999870000169,0.6153846153846154,0.15384615384615385,0.4139479615418789,0.0591715976331361,amyAMP,seq_epochs_()_num_974
15,2.8432797984478864,0.2,0.18955198656319242,0.6,0.2,0.2,0.0,0.06666666666666667,0.5666666666666667,0.13333333333333333,29.873333333333328,10.00138339996338,3.189898095464287,4.7387917660935335,0.33333277777870374,0.4,0.26666666666666666,1.5035162380614553,0.12,amyAMP,seq_epochs_()_num_975
19,1.8452678005458871,0.10526315789473684,0.09711935792346775,0.631578947368421,0.21052631578947367,0.10526315789473684,0.0,0.05263157894736842,1.4210526315789476,0.15789473684210525,47.82631578947368,9.99435634613037,3.2210972500579564,2.921669391554451,0.33333280555639117,0.5789473684210527,0.21052631578947367,1.3961265156497715,0.06648199445983378,amyAMP,seq_epochs_()_num_976
17,2.757226371133144,0.1764705882352941,0.16218978653724375,0.5882352941176471,0.058823529411764705,0.23529411764705882,0.058823529411764705,0.0,0.6058823529411765,0.058823529411764705,4.988235294117647,10.00138339996338,2.6312929881819,4.687276862555678,0.09999983000028899,0.35294117647058826,0.29411764705882354,0.8089841142592143,0.17301038062283738,amyAMP,seq_epochs_()_num_978
9,2.845267800545887,0.3333333333333333,0.3161408667273208,0.3333333333333333,0.1111111111111111,0.3333333333333333,0.0,0.1111111111111111,-0.19999999999999998,0.0,26.244444444444444,11.16626262664795,2.94770277922009,8.535777794304279,0.33333233333633333,0.3333333333333333,0.3333333333333333,1.5111904284884947,0.1111111111111111,amyAMP,seq_epochs_()_num_979
13,0.45914745821859826,0.07692307692307693,0.03531903524758448,0.5384615384615384,0.0,0.07692307692307693,0.0,0.3076923076923077,1.1,0.0,-3.8307692307692314,8.465101814270021,3.0269868333592873,0.8527008388186961,0.0,0.3076923076923077,0.07692307692307693,0.43281797993388904,0.04142011834319527,amyAMP,seq_epochs_()_num_980
12,2.7580936122913,0.25,0.22984113435760833,0.5833333333333334,0.08333333333333333,0.25,0.0,0.08333333333333333,0.2916666666666667,0.08333333333333333,-33.22500000000001,11.16626262664795,3.084962500721156,4.728152372809589,0.14285689795960346,0.3333333333333333,0.3333333333333333,0.7558312669277492,0.14583333333333334,amyAMP,seq_epochs_()_num_981
18,2.757084611392298,0.16666666666666666,0.15317136729957212,0.4444444444444444,0.16666666666666666,0.16666666666666666,0.0,0.2222222222222222,0.016666666666666496,0.16666666666666666,32.75555555555556,10.278081703186032,3.4613201402110083,6.203426417923231,0.37499915625189845,0.3888888888888889,0.2222222222222222,0.7452785852363811,0.07407407407407407,amyAMP,seq_epochs_()_num_982
18,-0.9755653590737263,-0.05555555555555555,0.05419807550409591,0.4444444444444444,0.16666666666666666,0.0,0.05555555555555555,0.2222222222222222,0.4722222222222222,0.0,45.51666666666667,6.257256889343262,3.30827083453526,2.1950171191273666,0.37499915625189845,0.2777777777777778,0.0,1.138881137554614,0.024691358024691357,amyAMP,seq_epochs_()_num_983
16,2.7491816232912902,0.1875,0.17182385145570564,0.4375,0.125,0.1875,0.0,0.3125,-0.26250000000000007,0.125,42.75,10.860424613952638,3.1556390622295662,6.283829347341584,0.28571363265455396,0.25,0.375,1.3023503108195225,0.08203125,amyAMP,seq_epochs_()_num_984
20,3.8353568105468763,0.2,0.1917678405273438,0.2,0.05,0.2,0.0,0.3,-0.15,0.0,39.68,11.013021278381348,3.2037016960573483,19.176688169293534,0.24999875000624996,0.1,0.25,1.418036246058217,0.04000000000000001,amyAMP,seq_epochs_()_num_985
26,2.845267800545887,0.11538461538461539,0.10943337694407258,0.5,0.038461538461538464,0.11538461538461539,0.0,0.19230769230769232,0.7846153846153846,0.0,55.98846153846155,11.16626262664795,3.4556501805795423,5.690524220043334,0.07692292307723077,0.34615384615384615,0.11538461538461539,1.52218722400403,0.057692307692307696,amyAMP,seq_epochs_()_num_986
13,2.7571046111923003,0.23076923076923078,0.2120849700917154,0.5384615384615384,0.0,0.23076923076923078,0.0,0.15384615384615385,1.284615384615385,0.0,2.2384615384615394,10.302063941955566,2.411602217974672,5.120327625891538,0.0,0.5384615384615384,0.23076923076923078,1.6741470088853225,0.1242603550295858,amyAMP,seq_epochs_()_num_987
16,5.930433986902472,0.375,0.3706521241814045,0.25,0.1875,0.375,0.0,0.25,-1.45625,0.0625,37.612500000000004,11.999967765808105,2.827819531114783,23.721641061045645,0.749997000012,0.1875,0.4375,0.7065376773234694,0.09375,amyAMP,seq_epochs_()_num_988
16,5.757074611492296,0.375,0.3598171632182685,0.5,0.0,0.375,0.0,0.0625,0.22499999999999998,0.0,13.83125,11.999967765808105,2.7806390622295662,11.514126194732203,0.0,0.4375,0.375,1.0008605740105205,0.1875,amyAMP,seq_epochs_()_num_989
24,2.7462046200942893,0.125,0.11442519250392873,0.4166666666666667,0.125,0.125,0.0,0.3333333333333333,0.3041666666666666,0.125,-0.38708333333333567,9.6304967880249,3.403107168362811,6.590875270125646,0.299999280001728,0.3333333333333333,0.25,0.8270121305255561,0.052083333333333336,amyAMP,seq_epochs_()_num_990
13,-0.23796516489564423,0.0,0.018305012684280326,0.46153846153846156,0.0,0.15384615384615385,0.15384615384615385,0.07692307692307693,0.7846153846153847,0.0,8.76923076923077,6.069006156921386,3.0269868333592873,0.5155900734954033,0.0,0.46153846153846156,0.15384615384615385,0.7935295144345219,0.14201183431952663,amyAMP,seq_epochs_()_num_991
26,4.757206371333142,0.19230769230769232,0.18296947582050546,0.4230769230769231,0.038461538461538464,0.23076923076923078,0.038461538461538464,0.15384615384615385,0.5,0.038461538461538464,-6.211538461538462,11.166069221496581,3.3292287775871214,11.244279391217958,0.09090887603356575,0.38461538461538464,0.2692307692307692,1.5308414004858606,0.113905325443787,amyAMP,seq_epochs_()_num_992
25,5.928445984804471,0.24,0.23713783939217883,0.48,0.2,0.24,0.0,0.12,-0.24799999999999997,0.12,10.176,10.676109504699706,3.479079570624174,12.350903403960556,0.41666579861291964,0.36,0.32,1.0709640135250054,0.1152,amyAMP,seq_epochs_()_num_993
20,1.8181555753127356,0.1,0.09090777876563678,0.45,0.25,0.1,0.0,0.35,-0.32,0.2,51.12,9.69941349029541,3.721928094887362,4.040336744391092,0.5555543209903978,0.35,0.2,0.6339079898562677,0.045000000000000005,amyAMP,seq_epochs_()_num_994
15,1.759092613290301,0.13333333333333333,0.11727284088602007,0.3333333333333333,0.0,0.13333333333333333,0.0,0.26666666666666666,0.44,0.0,38.24666666666667,11.000836753845213,3.189898095464287,5.27726200808488,0.0,0.26666666666666666,0.13333333333333333,1.2810135312236428,0.04444444444444444,amyAMP,seq_epochs_()_num_995
17,-0.16250342771427628,0.0,0.00955902515966331,0.29411764705882354,0.058823529411764705,0.058823529411764705,0.058823529411764705,0.4117647058823529,-0.24117647058823538,0.0,27.076470588235296,6.7344770431518555,3.2195282822995477,0.552509775695302,0.199999320002312,0.058823529411764705,0.11764705882352941,0.7144673769719063,0.03460207612456748,amyAMP,seq_epochs_()_num_997
15,5.755096609294297,0.4,0.38367310728628645,0.4,0.2,0.4,0.0,0.13333333333333333,-1.24,0.2,8.14,11.38842067718506,2.682588730501833,14.387705553971857,0.49999875000312505,0.2,0.6,1.073490525748764,0.16000000000000003,amyAMP,seq_epochs_()_num_998
25,8.840262795650881,0.36,0.35361051182603526,0.4,0.08,0.36,0.0,0.08,-0.13599999999999998,0.04,60.11600000000002,11.999967765808105,3.1272103113389784,22.10060173762286,0.19999950000125,0.32,0.4,1.7673048601979389,0.144,amyAMP,seq_epochs_()_num_999
15,1.7580936122913,0.13333333333333333,0.11720624081942001,0.6,0.3333333333333333,0.13333333333333333,0.0,0.06666666666666667,0.24666666666666662,0.33333333333333337,27.080000000000002,9.994291877746583,3.2402239289418517,2.930151136900272,0.5555546296311727,0.3333333333333333,0.4,0.9956191711428733,0.08,amyAMP,seq_epochs_()_num_1000
19,3.8244468195488643,0.21052631578947367,0.20128667471309813,0.3157894736842105,0.21052631578947367,0.21052631578947367,0.0,0.2631578947368421,-0.9157894736842103,0.15789473684210525,24.510526315789473,9.844402885437013,3.4713544870139286,12.110709911323353,0.6666645555622408,0.2631578947368421,0.3684210526315789,0.9879645933158698,0.06648199445983378,trainPep,0
21,5.737242631594274,0.2857142857142857,0.2732020300759178,0.5238095238095238,0.23809523809523808,0.2857142857142857,0.0,0.09523809523809523,-0.17619047619047618,0.23809523809523808,44.4,10.851785850524902,2.5887791855917497,10.952896841149643,0.45454458677851606,0.42857142857142855,0.47619047619047616,1.8016425870050343,0.14965986394557823,trainPep,1
22,2.020615178054062,0.09090909090909091,0.09184614445700282,0.45454545454545453,0.2727272727272727,0.09090909090909091,0.0,0.09090909090909091,0.5999999999999999,0.13636363636363635,14.977272727272725,11.000901222229004,3.06719568758772,4.445343611962991,0.599998680002904,0.45454545454545453,0.22727272727272727,1.262025489542691,0.04132231404958678,trainPep,2
20,6.753108607196297,0.35,0.3376554303598148,0.6,0.05,0.35,0.0,0.0,0.4550000000000002,0.05,2.1500000000000012,10.778420829772951,2.2588718484453603,11.255162253390072,0.08333319444467593,0.4,0.4,1.1388000562105114,0.21,trainPep,3
10,3.7561056101932997,0.4,0.37561056101933,0.6,0.1,0.4,0.0,0.0,0.11999999999999997,0.1,24.189999999999998,10.477740287780762,2.0464393446710156,6.2601655833795276,0.16666638888935187,0.4,0.5,1.8718435214293379,0.24,trainPep,4
6,-0.041471132421644796,0.0,0.006911855403607466,0.6666666666666666,0.3333333333333333,0.0,0.0,0.0,2.316666666666667,0.3333333333333333,40.43333333333334,5.954987144470215,2.2516291673878226,0.062206605322559214,0.499999250001125,0.6666666666666666,0.3333333333333333,1.0256434294843626,0.0,trainPep,5
15,6.759042613790295,0.4666666666666667,0.450602840919353,0.4,0.2,0.4666666666666667,0.0,0.06666666666666667,-1.72,0.2,201.78666666666666,11.999967765808105,2.4225797618424916,16.89756429056501,0.49999875000312505,0.2,0.6666666666666666,0.664376457418792,0.18666666666666668,trainPep,6
14,1.7600816143893008,0.14285714285714285,0.12572011531352148,0.6428571428571429,0.2857142857142857,0.14285714285714285,0.0,0.0,0.8642857142857142,0.2857142857142857,92.16428571428571,11.999967765808105,2.664497779200461,2.737900474538174,0.4444437530874951,0.5,0.42857142857142855,0.47075116298465214,0.09183673469387756,trainPep,7
17,3.7570746114922966,0.23529411764705882,0.22100438891131158,0.5294117647058824,0.23529411764705882,0.23529411764705882,0.0,0.11764705882352941,-0.5352941176470589,0.23529411764705882,56.86470588235294,11.000256538391113,3.2195282822995477,7.0966830835285135,0.4444436049398573,0.35294117647058826,0.35294117647058826,1.1099273117319417,0.1245674740484429,trainPep,8
20,3.718469652095258,0.2,0.1859234826047629,0.2,0.05,0.2,0.0,0.5,-0.6450000000000001,0.05,31.014999999999993,9.304544639587402,3.3464393446710154,18.592255299199792,0.24999875000624996,0.15,0.4,0.8525958907667845,0.04000000000000001,trainPep,9
20,1.73730263099428,0.1,0.08686513154971401,0.55,0.15,0.1,0.0,0.25,1.05,0.15000000000000002,7.370000000000002,8.859390449523925,3.446439344671015,3.1587263132144847,0.27272677686040564,0.4,0.3,1.0858761467129754,0.05500000000000001,trainPep,10
14,1.7512913853301342,0.14285714285714285,0.1250922418092953,0.5714285714285714,0.21428571428571427,0.21428571428571427,0.07142857142857142,0.07142857142857142,0.20714285714285716,0.21428571428571427,107.46428571428571,10.260868644714353,2.8423709931771093,3.064754561007253,0.3749993437511484,0.35714285714285715,0.5,0.8470730700769196,0.16326530612244897,trainPep,11
17,3.7174706510962574,0.23529411764705882,0.21867474418213279,0.47058823529411764,0.23529411764705882,0.23529411764705882,0.0,0.23529411764705882,0.22352941176470587,0.23529411764705882,42.09411764705882,9.249682044982908,3.1018812234760182,7.89960834691181,0.4999989375022578,0.29411764705882354,0.5882352941176471,1.3698235677074402,0.11072664359861592,trainPep,12
14,2.7571046111923003,0.21428571428571427,0.19693604365659287,0.6428571428571429,0.0,0.21428571428571427,0.0,0.14285714285714285,0.8285714285714285,0.0,-2.8428571428571434,10.302063941955566,2.4137995646056805,4.288822723686008,0.0,0.35714285714285715,0.21428571428571427,1.4122511343790423,0.13775510204081634,trainPep,13
20,3.7501606244902885,0.2,0.18750803122451443,0.65,0.25,0.2,0.0,0.05,0.14500000000000002,0.25,49.215,11.999967765808105,2.621928094887362,5.769469007725047,0.3846147929003186,0.25,0.5,1.2537789793095866,0.13,trainPep,14
25,2.8461720207619354,0.12000000000000001,0.11384688083047742,0.48,0.2,0.2,0.08,0.16,-0.8640000000000001,0.16,61.584,9.81629467010498,3.5434651896016462,5.929512690102595,0.41666579861291964,0.36,0.2,1.8567908298346614,0.13440000000000002,trainPep,15
19,1.7658042984765623,0.10526315789473684,0.0929370683408717,0.3684210526315789,0.0,0.2631578947368421,0.15789473684210525,0.05263157894736842,-0.3421052631578948,0.0,21.310526315789474,10.667341804504396,3.405822250285689,4.792884372321659,0.0,0.3157894736842105,0.2631578947368421,1.4869689357096638,0.15512465373961218,trainPep,16
24,3.8363010303629292,0.16666666666666669,0.15984587626512206,0.3333333333333333,0.041666666666666664,0.25,0.08333333333333333,0.20833333333333334,-0.07500000000000001,0.0,2.5083333333333333,9.865870857238768,3.336038815261278,11.508868564483096,0.124999625001125,0.3333333333333333,0.2916666666666667,1.6822068349744823,0.1111111111111111,trainPep,17
18,7.754077608495294,0.4444444444444444,0.43078208936084966,0.3888888888888889,0.16666666666666666,0.4444444444444444,0.0,0.16666666666666666,-1.1,0.16666666666666666,36.63888888888889,11.763691139221194,2.8163401138534074,19.939005435831064,0.42857032653344607,0.3888888888888889,0.5555555555555556,0.73870281988725,0.1728395061728395,trainPep,18
18,2.8491790236589396,0.16666666666666669,0.15828772353660775,0.4444444444444444,0.16666666666666666,0.2777777777777778,0.1111111111111111,0.1111111111111111,-0.911111111111111,0.1111111111111111,81.52777777777779,10.903553962707516,3.239097917988786,6.410638379296262,0.37499915625189845,0.3333333333333333,0.3888888888888889,1.0412648012512842,0.1728395061728395,trainPep,19
16,2.524521664277164,0.1875,0.15778260401732275,0.3125,0.25,0.1875,0.0,0.25,-0.006250000000000033,0.1875,41.14374999999999,9.385839271545407,3.202819531114783,8.078443474667806,0.7999974400081921,0.25,0.5,0.4457168243234632,0.05859375,trainPep,20
22,3.1077793664086477,0.13636363636363635,0.14126269847312034,0.45454545454545453,0.3181818181818182,0.13636363636363635,0.0,0.09090909090909091,0.40000000000000013,0.13636363636363635,24.58636363636363,11.999967765808105,3.1746742319786425,6.837099564479984,0.6999984600033881,0.45454545454545453,0.2727272727272727,0.9898267153314637,0.06198347107438016,trainPep,21
21,3.717460651196256,0.19047619047619047,0.17702193577125028,0.38095238095238093,0.19047619047619047,0.19047619047619047,0.0,0.3333333333333333,-0.15714285714285714,0.19047619047619047,53.51904761904762,9.249101829528808,3.213513256009071,9.758308593830115,0.49999868750344534,0.3333333333333333,0.42857142857142855,1.1411157960990115,0.07256235827664398,trainPep,22
11,3.7600616145892984,0.36363636363636365,0.3418237831444817,0.45454545454545453,0.45454545454545453,0.36363636363636365,0.0,0.18181818181818182,-2.6818181818181817,0.45454545454545453,165.3090909090909,11.999967765808105,1.4949188482339508,8.27211735343828,0.9999978000048401,0.0,0.8181818181818182,0.860289875165511,0.1652892561983471,trainPep,23
13,0.7591026131903019,0.07692307692307693,0.0583925087069463,0.6923076923076923,0.23076923076923078,0.07692307692307693,0.0,0.15384615384615385,1.3615384615384616,0.23076923076923078,23.876923076923077,8.750052070617677,3.0269868333592873,1.0964799685815927,0.33333285185254735,0.5384615384615384,0.3076923076923077,0.470098211102461,0.05325443786982249,trainPep,24
26,6.840282795450884,0.2692307692307692,0.263087799825034,0.4230769230769231,0.15384615384615385,0.2692307692307692,0.0,0.2692307692307692,0.015384615384615278,0.11538461538461539,0.026923076923077036,10.778420829772951,2.780587911952875,16.1679029378406,0.363635504134263,0.38461538461538464,0.38461538461538464,0.9277006900123979,0.11390532544378698,trainPep,25
16,0.7591026131903019,0.0625,0.04744391332439387,0.5625,0.0625,0.0625,0.0,0.25,1.10625,0.0625,4.318750000000001,8.750052070617677,2.7806390622295662,1.3495133576479008,0.11111091358059808,0.4375,0.125,0.2580310356726956,0.03515625,trainPep,26
26,4.754107608195298,0.19230769230769232,0.18285029262289607,0.5,0.11538461538461539,0.19230769230769232,0.0,0.11538461538461539,0.30384615384615377,0.11538461538461539,17.13846153846154,10.301548194885253,3.2108606430179933,9.508196199998196,0.23076876923169232,0.34615384615384615,0.2692307692307692,0.7689480522446636,0.09615384615384616,trainPep,27
13,0.7591026131903019,0.07692307692307693,0.0583925087069463,0.6923076923076923,0.3076923076923077,0.07692307692307693,0.0,0.15384615384615385,0.9999999999999998,0.3076923076923077,30.40769230769231,8.750052070617677,3.085055102756477,1.0964799685815927,0.4444438024700631,0.46153846153846156,0.38461538461538464,0.8689006838695111,0.05325443786982249,trainPep,28
13,0.7591026131903019,0.07692307692307693,0.0583925087069463,0.5384615384615384,0.15384615384615385,0.07692307692307693,0.0,0.07692307692307693,1.669230769230769,0.15384615384615385,-23.423076923076927,8.750052070617677,2.8150724101159437,1.4097593778002877,0.28571375510302627,0.5384615384615384,0.23076923076923078,0.6144325917190462,0.04142011834319527,trainPep,29
10,3.958488867978351,0.4,0.3958488867978351,0.5,0.3,0.4,0.0,0.0,-0.5900000000000001,0.30000000000000004,85.54,11.999967765808105,2.1219280948873624,7.916961902032898,0.5999988000023999,0.4,0.7,0.6367083221543675,0.2,trainPep,30
18,3.8201235776107345,0.2222222222222222,0.2122290876450408,0.3333333333333333,0.1111111111111111,0.2222222222222222,0.0,0.05555555555555555,-0.8166666666666667,0.05555555555555555,89.7,11.999967765808105,2.5996659733039564,11.46033635182315,0.33333233333633333,0.3333333333333333,0.2222222222222222,1.4434524583647779,0.07407407407407407,trainPep,31
24,2.933264448675684,0.125,0.1222193520281535,0.4583333333333333,0.125,0.16666666666666666,0.041666666666666664,0.16666666666666666,-0.02500000000000004,0.041666666666666664,6.904166666666667,10.001447868347167,3.3553885422075336,6.399835742923509,0.27272667768724873,0.375,0.20833333333333334,0.9624296464668426,0.0954861111111111,trainPep,32
10,1.489444696543333,0.2,0.1489444696543333,0.5,0.0,0.2,0.0,0.2,1.0599999999999998,0.0,-7.98,9.500012779235842,3.121928094887362,2.978883435319795,0.0,0.4,0.3,0.44052112802728927,0.1,trainPep,33
6,-0.6018034056333719,0.0,0.10030056760556198,0.6666666666666666,0.0,0.0,0.0,0.3333333333333333,1.3,0.0,8.333333333333334,5.1849893569946275,1.9182958340544893,0.9027037543944262,0.0,0.3333333333333333,0.0,1.4580237766694113,0.0,trainPep,34
14,1.758103612191301,0.14285714285714285,0.12557882944223578,0.5,0.07142857142857142,0.14285714285714285,0.0,0.21428571428571427,0.7857142857142858,0.07142857142857142,-13.578571428571427,10.002737236022949,3.039148671903071,3.5162001919822177,0.14285685714342855,0.42857142857142855,0.21428571428571427,0.7999990307939829,0.07142857142857142,trainPep,35
12,3.7561056101932997,0.3333333333333333,0.31300880084944166,0.6666666666666666,0.08333333333333333,0.3333333333333333,0.0,0.0,-0.3249999999999999,0.08333333333333333,-3.358333333333333,10.477740287780762,1.2806721295208872,5.634149964065004,0.12499981250028125,0.0,0.4166666666666667,0.14044851755557197,0.2222222222222222,trainPep,36
23,2.836189270322087,0.13043478260869565,0.12331257697052553,0.391304347826087,0.17391304347826086,0.17391304347826086,0.043478260869565216,0.17391304347826086,0.20869565217391303,0.13043478260869565,3.5869565217391304,9.63062572479248,3.501397825434103,7.24802072365904,0.4444433086448779,0.30434782608695654,0.34782608695652173,1.0190550139610643,0.08506616257088848,trainPep,37
23,2.846090260421097,0.13043478260869565,0.12374305480091725,0.43478260869565216,0.17391304347826086,0.17391304347826086,0.043478260869565216,0.13043478260869565,0.17826086956521733,0.13043478260869565,3.5869565217391304,10.00138339996338,3.3816201079487347,6.545992543185674,0.39999908000211604,0.30434782608695654,0.30434782608695654,0.9892381255895668,0.0945179584120983,trainPep,38
19,0.5003446876413439,0.05263157894736842,0.026333930928491782,0.2631578947368421,0.10526315789473684,0.05263157894736842,0.0,0.21052631578947367,0.6210526315789472,0.10526315789473684,39.68947368421052,9.500077247619632,2.9000516989995426,1.9013025880872723,0.39999848000577604,0.21052631578947367,0.15789473684210525,0.8421734121242658,0.013850415512465372,trainPep,39
21,7.736253630495275,0.38095238095238093,0.36839303002358453,0.38095238095238093,0.38095238095238093,0.38095238095238093,0.0,0.09523809523809523,-1.2809523809523806,0.38095238095238093,71.62380952380951,11.46939296722412,2.684017280829845,20.30761247256736,0.9999973750068907,0.19047619047619047,0.8095238095238095,1.246012261636935,0.14512471655328796,trainPep,40
19,0.7592243731311454,0.05263157894736842,0.03995917753321818,0.5789473684210527,0.05263157894736842,0.10526315789473684,0.05263157894736842,0.10526315789473684,1.2631578947368423,0.05263157894736842,3.999999999999999,8.59094409942627,3.1555650133297184,1.3113852884701165,0.09090893388456874,0.47368421052631576,0.15789473684210525,0.6443972398783703,0.09141274238227147,trainPep,41
20,-1.2323542408492245,-0.05000000000000002,0.06161771204246123,0.4,0.0,0.15,0.2,0.25,-0.5100000000000001,0.0,24.990000000000002,4.870669746398924,3.2709505944546686,3.0808778999283115,0.0,0.35,0.15,1.0460395532448512,0.13999999999999999,trainPep,42
14,4.755106609194298,0.35714285714285715,0.339650472085307,0.42857142857142855,0.21428571428571427,0.35714285714285715,0.0,0.21428571428571427,-0.8928571428571426,0.21428571428571427,-25.70714285714286,10.602486610412598,2.5495234595978316,11.095222865933343,0.4999988333360556,0.35714285714285715,0.5714285714285714,0.3541616511100827,0.15306122448979592,trainPep,43
17,0.7591026131903019,0.058823529411764705,0.04465309489354717,0.6470588235294118,0.17647058823529413,0.058823529411764705,0.0,0.11764705882352941,1.6764705882352944,0.17647058823529413,22.08235294117647,8.750052070617677,2.777776811456787,1.1731567709609114,0.2727268512403208,0.5882352941176471,0.23529411764705882,0.444740395039079,0.03806228373702422,trainPep,44
25,4.7964705071055,0.2,0.19185882028422,0.48,0.12,0.28,0.08,0.08,-0.544,0.12,7.116,10.548913383483885,3.3336606896881853,9.992626071832143,0.24999947916775175,0.28,0.36,1.062933957152817,0.1728,trainPep,45
24,4.736273630295276,0.20833333333333334,0.1973447345956365,0.375,0.2916666666666667,0.20833333333333334,0.0,0.25,-0.6041666666666666,0.29166666666666663,41.72083333333334,10.056697273254393,3.772055208874201,12.630029334042513,0.7777757037092347,0.2916666666666667,0.5,1.043532790870483,0.078125,trainPep,46
16,1.758103612191301,0.125,0.10988147576195631,0.5625,0.0,0.125,0.0,0.1875,1.08125,0.0,5.49375,10.002737236022949,2.6556390622295662,3.125511976318799,0.0,0.4375,0.125,0.5736076582673352,0.0703125,trainPep,47
23,4.844082258523093,0.21739130434782608,0.21061227210969968,0.4782608695652174,0.13043478260869565,0.2608695652173913,0.043478260869565216,0.08695652173913043,-0.17826086956521742,0.08695652173913043,-17.073913043478264,10.295294761657711,3.1662019148016385,10.128514453654429,0.27272670248053116,0.34782608695652173,0.30434782608695654,0.9801022221317691,0.14555765595463138,trainPep,48
15,5.754107608195298,0.4,0.3836071738796865,0.6,0.0,0.4,0.0,0.0,0.7199999999999999,0.0,-30.28666666666667,10.699318122863769,0.9709505944546686,9.590163363386557,0.0,0.6,0.4,0.7617091448576555,0.24,trainPep,49
14,6.754087608395295,0.5,0.48243482917109254,0.5,0.21428571428571427,0.5,0.0,0.0,-0.6428571428571431,0.21428571428571427,23.464285714285715,11.263738822937015,2.1209520310264036,13.508148200494189,0.42857057143028565,0.5,0.6428571428571429,0.3690125842375164,0.25,trainPep,50
26,-1.1961843599269075,-0.038461538461538464,0.04600709076641952,0.38461538461538464,0.15384615384615385,0.11538461538461539,0.15384615384615385,0.2692307692307692,-0.5653846153846154,0.11538461538461539,36.35,5.359769248962402,3.6714055834424966,3.1100712496247107,0.399998960002704,0.3076923076923077,0.23076923076923078,1.8876561425999816,0.10355029585798818,trainPep,51
13,0.7591026131903019,0.07692307692307693,0.0583925087069463,0.5384615384615384,0.15384615384615385,0.07692307692307693,0.0,0.07692307692307693,1.176923076923077,0.15384615384615385,-0.8692307692307699,8.750052070617677,2.8150724101159437,1.4097593778002877,0.28571375510302627,0.3076923076923077,0.23076923076923078,0.5514259709508896,0.04142011834319527,trainPep,52
21,4.718449652295257,0.23809523809523808,0.22468807868072652,0.3333333333333333,0.14285714285714285,0.23809523809523808,0.0,0.3333333333333333,-0.3095238095238096,0.14285714285714285,53.51904761904762,9.691161537170409,3.1728107335198645,14.155306490966298,0.42857014286100004,0.2857142857142857,0.47619047619047616,1.1411157960990115,0.07936507936507936,trainPep,53
15,4.735304628996278,0.3333333333333333,0.31568697526641853,0.4,0.13333333333333333,0.3333333333333333,0.0,0.2,0.2266666666666666,0.13333333333333333,16.513333333333335,9.90429401397705,2.732914563979398,11.838231976910754,0.3333325000020833,0.3333333333333333,0.6,1.4304339054552526,0.13333333333333333,trainPep,54
19,7.455111454622591,0.42105263157894735,0.3923742870853995,0.42105263157894735,0.42105263157894735,0.42105263157894735,0.0,0.05263157894736842,-1.4736842105263155,0.42105263157894735,93.70526315789475,11.999967765808105,2.6292492238560348,17.705847653340477,0.9999976250056407,0.2631578947368421,0.7894736842105263,0.7778600804079818,0.17728531855955676,trainPep,55
21,-0.06373854832731407,0.0,0.003035168967967337,0.7142857142857143,0.19047619047619047,0.047619047619047616,0.047619047619047616,0.0,1.461904761904762,0.09523809523809523,-7.09047619047619,6.920852088928222,2.8918519463822387,0.08923384273085987,0.26666629333385594,0.42857142857142855,0.14285714285714285,1.2001583963551503,0.06802721088435373,trainPep,56
18,3.7598850734655067,0.22222222222222224,0.20888250408141704,0.2222222222222222,0.1111111111111111,0.2777777777777778,0.05555555555555555,0.4444444444444444,-1.8055555555555551,0.1111111111111111,124.195,11.000256538391113,3.086048612313038,16.919406693264662,0.499997750010125,0.2222222222222222,0.3333333333333333,1.3352298588466418,0.07407407407407408,trainPep,57
20,6.840282795450884,0.35,0.3420141397725442,0.4,0.25,0.35,0.0,0.2,-0.425,0.2,-6.504999999999999,10.778420829772951,2.6016094970590276,17.10066423696662,0.6249984375039063,0.35,0.55,0.818049334940754,0.13999999999999999,trainPep,58
13,2.7590826133903,0.23076923076923078,0.21223712410694617,0.6923076923076923,0.38461538461538464,0.23076923076923078,0.0,0.0,-0.5461538461538462,0.38461538461538464,54.33076923076923,11.999967765808105,2.4996981431844145,3.985335796078728,0.5555547530875788,0.15384615384615385,0.6153846153846154,0.9006820032861337,0.15976331360946747,trainPep,59
14,2.727994383961147,0.21428571428571427,0.19485674171151052,0.6428571428571429,0.21428571428571427,0.21428571428571427,0.0,0.0,0.3714285714285713,0.21428571428571427,-6.842857142857144,9.700767326354981,2.305958492868042,4.243540218432555,0.3333328148156213,0.6428571428571429,0.21428571428571427,0.3757458092913861,0.13775510204081634,trainPep,60
26,3.758083612391299,0.15384615384615385,0.14454167739966534,0.5,0.038461538461538464,0.15384615384615385,0.0,0.19230769230769232,0.5692307692307697,0.038461538461538464,51.261538461538464,11.999967765808105,3.426616045880948,7.516152192478213,0.07692292307723077,0.38461538461538464,0.19230769230769232,1.9154204029519077,0.07692307692307693,trainPep,61
19,4.7938018048731355,0.2631578947368421,0.25230535815121763,0.3684210526315789,0.10526315789473684,0.3684210526315789,0.10526315789473684,0.15789473684210525,-1.0,0.10526315789473684,0.8473684210526322,10.295359230041502,3.221097250057956,13.011712438579035,0.2857135102061866,0.3157894736842105,0.47368421052631576,1.333688954513281,0.17451523545706368,trainPep,62
24,6.927456983705471,0.2916666666666667,0.28864404098772795,0.4583333333333333,0.125,0.2916666666666667,0.0,0.08333333333333333,-0.07500000000000001,0.041666666666666664,3.4333333333333327,10.778420829772951,3.0365766899407327,15.114418623898578,0.27272667768724873,0.375,0.3333333333333333,0.9672250642098873,0.13368055555555555,trainPep,63
26,6.840282795450884,0.2692307692307692,0.263087799825034,0.46153846153846156,0.15384615384615385,0.2692307692307692,0.0,0.23076923076923078,-0.023076923076923113,0.11538461538461539,5.450000000000001,10.778420829772951,3.059246084946588,14.820580612218922,0.3333326111126759,0.3076923076923077,0.38461538461538464,1.187456760414431,0.1242603550295858,trainPep,64
18,-1.2359771627976435,-0.05555555555555555,0.06866539793320242,0.5,0.1111111111111111,0.05555555555555555,0.1111111111111111,0.1111111111111111,0.21666666666666665,0.1111111111111111,71.12777777777778,4.3702592849731445,3.4613201402110083,2.4719493816965232,0.22222177777866664,0.3888888888888889,0.16666666666666666,1.2375725095118997,0.08333333333333333,trainPep,65
19,3.793978345996927,0.21052631578947367,0.19968307084194353,0.3684210526315789,0.05263157894736842,0.2631578947368421,0.05263157894736842,0.05263157894736842,-0.17368421052631589,0.05263157894736842,-20.778947368421054,11.097216987609862,2.860320777833044,10.297913273369918,0.1428567551030933,0.3157894736842105,0.3157894736842105,1.2309673049254135,0.11634349030470913,trainPep,66
26,4.727994383961146,0.19230769230769232,0.18184593784465947,0.6153846153846154,0.11538461538461539,0.19230769230769232,0.0,0.11538461538461539,0.4076923076923078,0.11538461538461539,10.538461538461538,10.301483726501463,3.190396451647244,7.68297838909698,0.1874996953129951,0.3076923076923077,0.2692307692307692,0.902795236459146,0.1183431952662722,trainPep,67
17,4.780978592760073,0.29411764705882354,0.2812340348682396,0.4117647058823529,0.058823529411764705,0.29411764705882354,0.0,0.11764705882352941,0.38235294117647056,0.058823529411764705,-18.064705882352943,10.198656654357908,2.889549430862088,11.610919813040633,0.1428567959192099,0.35294117647058826,0.4117647058823529,1.207110634143872,0.12110726643598616,trainPep,68
8,0.8462768014448888,0.125,0.1057846001806111,0.5,0.125,0.125,0.0,0.25,0.8124999999999999,0.0,-1.8625000000000003,8.757208061218265,1.75,1.692550217789342,0.249999500001,0.5,0.125,0.7256727983645295,0.0625,trainPep,69
21,2.8432797984478864,0.14285714285714285,0.13539427611656601,0.5238095238095238,0.14285714285714285,0.14285714285714285,0.0,0.047619047619047616,0.8142857142857142,0.09523809523809523,2.7380952380952386,10.00138339996338,3.4039894464852614,5.428069252541028,0.27272675206710967,0.42857142857142855,0.19047619047619047,0.6332261389905177,0.07482993197278912,trainPep,70
16,6.733306626998278,0.4375,0.4208316641873924,0.4375,0.0,0.4375,0.0,0.125,0.26875000000000004,0.0,-10.425,10.158557319641112,1.4185644431995963,15.390379969413278,0.0,0.4375,0.5625,1.7845699052647022,0.19140625,trainPep,71
15,4.7600516146892975,0.3333333333333333,0.3173367743126198,0.4666666666666667,0.13333333333333333,0.3333333333333333,0.0,0.0,-0.5066666666666666,0.13333333333333333,116.77333333333334,11.999967765808105,2.7329145639793975,10.20008874557261,0.2857136734706997,0.26666666666666666,0.4666666666666667,1.1959325888265075,0.15555555555555556,trainPep,72
26,0.9335627497403183,0.038461538461538464,0.035906259605396854,0.5769230769230769,0.23076923076923078,0.07692307692307693,0.038461538461538464,0.15384615384615385,0.3461538461538464,0.15384615384615385,18.71153846153846,8.604224586486819,3.5325732575026194,1.6181726280506632,0.3999993066678685,0.38461538461538464,0.19230769230769232,1.381569729674059,0.0665680473372781,trainPep,73
9,0.7600916142893016,0.1111111111111111,0.0844546238099224,0.8888888888888888,0.3333333333333333,0.1111111111111111,0.0,0.0,1.311111111111111,0.3333333333333333,187.6888888888889,9.750021171569824,1.3516441151533922,0.8551021040855973,0.3749995781254746,0.5555555555555556,0.4444444444444444,0.9222222222222223,0.09876543209876543,trainPep,74
16,7.757054611692295,0.5,0.48481591323076845,0.5,0.125,0.5,0.0,0.0,-0.5875,0.125,114.8125,11.999967765808105,2.5550365325772657,15.5140781952282,0.249999500001,0.375,0.625,1.086261426019577,0.25,trainPep,75
27,1.8490672636180974,0.07407407407407407,0.0684839727265962,0.4074074074074074,0.037037037037037035,0.1111111111111111,0.037037037037037035,0.37037037037037035,-0.4703703703703704,0.0,67.35555555555555,10.835024070739745,3.156322337025315,4.538608506841722,0.09090886776914275,0.3333333333333333,0.1111111111111111,1.6933989696606557,0.06035665294924553,trainPep,76
20,2.7373026309942805,0.15,0.13686513154971403,0.5,0.1,0.15,0.0,0.15,1.1600000000000001,0.1,30.685,9.390158653259277,3.308694969562842,5.474594312799935,0.1999996000008,0.35,0.35,1.5844255927367028,0.075,trainPep,77
17,5.738241632593275,0.35294117647058826,0.3375436254466632,0.47058823529411764,0.23529411764705882,0.35294117647058826,0.0,0.11764705882352941,-0.7294117647058824,0.23529411764705882,76.41176470588236,11.348708152770996,2.5424826938097276,12.1937375575684,0.4999989375022578,0.29411764705882354,0.5882352941176471,0.8481461322047466,0.1660899653979239,trainPep,78
14,0.8820497751096729,0.07142857142857142,0.06300355536497664,0.6428571428571429,0.35714285714285715,0.07142857142857142,0.0,0.07142857142857142,0.6142857142857141,0.2857142857142857,5.285714285714287,8.800917625427246,3.182005814760214,1.3720752936090341,0.555554691359369,0.35714285714285715,0.35714285714285715,0.8148392986898767,0.04591836734693878,trainPep,79
24,3.73630362999528,0.16666666666666666,0.15567931791647,0.4583333333333333,0.08333333333333333,0.16666666666666666,0.0,0.3333333333333333,0.8458333333333335,0.08333333333333333,10.533333333333335,9.70128307342529,3.2720552088742005,8.151917406715361,0.18181778512483246,0.4166666666666667,0.3333333333333333,1.0983247689715905,0.07638888888888888,trainPep,80
15,5.759042613790296,0.4,0.3839361742526864,0.4666666666666667,0.26666666666666666,0.4,0.0,0.0,-1.1333333333333333,0.26666666666666666,110.78,11.999967765808105,2.4729055953200563,12.340779156452442,0.5714273469413994,0.26666666666666666,0.6,1.557870215837984,0.18666666666666668,trainPep,81
9,-2.1732164978438404,-0.2222222222222222,0.24146849976042672,0.5555555555555556,0.2222222222222222,0.0,0.2222222222222222,0.0,0.6222222222222222,0.1111111111111111,44.0,4.507127571105957,2.4193819456463714,3.9117826549101333,0.3999992800012959,0.4444444444444444,0.1111111111111111,0.6666045159991539,0.12345679012345678,trainPep,82
16,-3.540410884381365,-0.1875,0.22127568027383532,0.5,0.1875,0.0625,0.25,0.1875,0.031249999999999944,0.1875,29.125,4.0500284194946286,3.0306390622295662,7.0808076071475154,0.3749992500015,0.3125,0.3125,0.6988011613533696,0.15625,trainPep,83
7,0.7383016319932811,0.14285714285714285,0.10547166171332588,0.2857142857142857,0.14285714285714285,0.14285714285714285,0.0,0.42857142857142855,0.1857142857142857,0.14285714285714285,23.957142857142863,8.045283699035647,2.5216406363433186,2.584046667813147,0.499998250006125,0.2857142857142857,0.42857142857142855,0.48342919868845685,0.04081632653061224,trainPep,84
22,5.7392506334922775,0.2727272727272727,0.26087502879510355,0.22727272727272727,0.09090909090909091,0.2727272727272727,0.0,0.2727272727272727,-0.7318181818181819,0.09090909090909091,48.06363636363637,11.830286979675293,3.2267309150571264,25.25259167596265,0.399998240007744,0.18181818181818182,0.45454545454545453,1.4123733093374187,0.06198347107438016,trainPep,85
21,-0.23965486592901009,0.0,0.011412136472810004,0.5238095238095238,0.09523809523809523,0.09523809523809523,0.09523809523809523,0.14285714285714285,0.8095238095238096,0.09523809523809523,-3.0238095238095277,5.959761619567872,3.2368573034220742,0.45752205241328275,0.18181783471140642,0.47619047619047616,0.19047619047619047,1.2454309780750068,0.09977324263038549,trainPep,86
10,2.7590826133903,0.3,0.27590826133903,0.7,0.0,0.3,0.0,0.0,1.3699999999999999,0.0,11.280000000000001,11.999967765808105,1.1567796494470395,3.941540959784772,0.0,0.7,0.3,1.3256559187246906,0.21,trainPep,87
12,3.7402596343912786,0.3333333333333333,0.3116883028659399,0.3333333333333333,0.25,0.3333333333333333,0.0,0.16666666666666666,-1.0583333333333333,0.25,106.275,11.526383018493654,2.188721875540867,11.220745240938115,0.7499977500067501,0.08333333333333333,0.75,0.4321980055523905,0.1111111111111111,trainPep,88
27,2.458960917194806,0.1111111111111111,0.0910726265627706,0.48148148148148145,0.037037037037037035,0.14814814814814814,0.037037037037037035,0.18518518518518517,0.011111111111111105,0.037037037037037035,-6.377777777777777,10.000351905822754,3.1615708351762883,5.107062067198766,0.07692291716009514,0.2222222222222222,0.18518518518518517,0.9529994374928783,0.08916323731138545,trainPep,89
11,1.758103612191301,0.18181818181818182,0.15982760110830008,0.5454545454545454,0.09090909090909091,0.18181818181818182,0.0,0.09090909090909091,1.1181818181818182,0.09090909090909091,28.67272727272728,10.002737236022949,2.8453509366224368,3.2231840465132997,0.1666663611116713,0.5454545454545454,0.2727272727272727,0.6049799641021854,0.09917355371900825,trainPep,90
13,-0.2397766258698535,0.0,0.018444355836142574,0.5384615384615384,0.15384615384615385,0.07692307692307693,0.07692307692307693,0.15384615384615385,0.792307692307692,0.15384615384615385,12.646153846153846,5.835682106018066,3.238901256602631,0.4452986210608602,0.28571375510302627,0.46153846153846156,0.23076923076923078,0.657507972545372,0.08284023668639054,trainPep,91
18,4.728973385160145,0.2777777777777778,0.2627207436200081,0.5555555555555556,0.1111111111111111,0.2777777777777778,0.0,0.1111111111111111,0.06111111111111092,0.1111111111111111,-9.383333333333335,10.56496601104736,3.197159723424149,8.512136771442073,0.19999964000064796,0.4444444444444444,0.2777777777777778,1.3852692581673682,0.154320987654321,trainPep,92
18,4.754107608195298,0.2777777777777778,0.2641170893441832,0.6111111111111112,0.05555555555555555,0.2777777777777778,0.0,0.0,0.8833333333333333,0.05555555555555555,-17.588888888888892,10.301548194885253,1.9399824743635556,7.7794360834241685,0.09090894214900375,0.6111111111111112,0.2777777777777778,1.6056378391162054,0.16975308641975312,trainPep,93
17,5.754107608195298,0.35294117647058826,0.33847691812913516,0.6470588235294118,0.17647058823529413,0.35294117647058826,0.0,0.0,-0.2529411764705884,0.1764705882352941,-8.270588235294117,10.699318122863769,1.6457113704075788,8.892698014859437,0.2727268512403208,0.11764705882352941,0.5294117647058824,0.7459802536092673,0.22837370242214536,trainPep,94
19,1.758103612191301,0.10526315789473684,0.09253176906270005,0.5263157894736842,0.10526315789473684,0.10526315789473684,0.0,0.15789473684210525,1.1105263157894738,0.10526315789473684,3.999999999999999,10.002737236022949,3.3660913291191923,3.3403905164214907,0.199999620000722,0.42105263157894735,0.21052631578947367,0.6295223624156666,0.05540166204986149,trainPep,95
20,2.9345417509393172,0.15000000000000002,0.14672708754696587,0.5,0.15,0.2,0.05,0.05,0.3450000000000001,0.05,78.335,11.711342811584473,3.1464393446710153,5.869071763735107,0.29999940000119996,0.4,0.25,1.3084812057087722,0.125,trainPep,96
9,2.7600716144892994,0.3333333333333333,0.3066746238321444,0.6666666666666666,0.3333333333333333,0.3333333333333333,0.0,0.0,-0.3000000000000001,0.3333333333333333,136.17777777777778,11.999967765808105,1.584962500721156,4.140101211582132,0.499999250001125,0.3333333333333333,0.6666666666666666,2.1863033020978833,0.2222222222222222,trainPep,97
12,2.7491816232912902,0.25,0.22909846860760752,0.3333333333333333,0.16666666666666666,0.25,0.0,0.3333333333333333,-0.9250000000000002,0.16666666666666666,-4.191666666666667,10.860424613952638,3.2516291673878226,8.24752012731349,0.4999985000045,0.16666666666666666,0.5,0.7983142078383064,0.08333333333333333,trainPep,98
21,4.844258799646885,0.23809523809523808,0.23067899045937545,0.5238095238095238,0.2857142857142857,0.23809523809523808,0.0,0.0,0.047619047619047596,0.23809523809523808,-1.7714285714285707,11.999967765808105,3.177566232096525,9.24811278020147,0.5454535041342193,0.3333333333333333,0.47619047619047616,0.4106955542663091,0.12471655328798185,trainPep,99
18,2.8462468017448854,0.16666666666666666,0.1581248223191603,0.2222222222222222,0.16666666666666666,0.16666666666666666,0.0,0.16666666666666666,-1.5000000000000002,0.1111111111111111,53.16111111111112,11.711342811584473,2.9329993066372895,12.808052971613613,0.7499966250151874,0.2222222222222222,0.2222222222222222,1.5455432856117606,0.037037037037037035,trainPep,100
25,5.8508387249923,0.24,0.234033548999692,0.24,0.08,0.32,0.08,0.28,-1.9480000000000002,0.04,116.75999999999999,11.999967765808105,3.239079570624174,24.378393110829958,0.33333194445023145,0.16,0.36,1.1450340486507786,0.096,trainPep,101
14,2.8442787994468874,0.21428571428571427,0.20316277138906338,0.5,0.14285714285714285,0.21428571428571427,0.0,0.14285714285714285,0.5142857142857143,0.07142857142857142,-2.5571428571428587,10.302063941955566,2.8962915290459277,5.688546221801331,0.2857137142868571,0.5,0.2857142857142857,1.2107915516856391,0.10714285714285714,trainPep,102
11,3.7501606244902885,0.36363636363636365,0.34092369313548077,0.2727272727272727,0.09090909090909091,0.36363636363636365,0.0,0.2727272727272727,-1.3727272727272726,0.09090909090909091,205.25454545454545,11.999967765808105,2.7321588913645707,13.750538537823088,0.33333211111559263,0.09090909090909091,0.5454545454545454,1.4108826136115225,0.09917355371900825,trainPep,103
14,3.758083612391299,0.2857142857142857,0.26843454374223563,0.5714285714285714,0.07142857142857142,0.2857142857142857,0.0,0.07142857142857142,0.36428571428571416,0.07142857142857142,69.39285714285715,11.999967765808105,2.8073549220576037,6.576634812573851,0.1249997812503828,0.42857142857142855,0.35714285714285715,0.9033269866132329,0.16326530612244897,trainPep,104
25,2.7571046111923003,0.12,0.11028418444769202,0.44,0.08,0.12,0.0,0.2,0.31599999999999995,0.08,25.092000000000002,10.302063941955566,3.1092750707107135,6.266132602408405,0.18181776859598048,0.28,0.2,1.17697468479673,0.0528,trainPep,105
26,9.750111604199294,0.38461538461538464,0.3750042924692036,0.4230769230769231,0.11538461538461539,0.38461538461538464,0.0,0.19230769230769232,-0.48461538461538467,0.11538461538461539,1.3000000000000003,10.954419517517088,2.720288046780937,23.045663865629194,0.27272662810069725,0.2692307692307692,0.5,1.0413162586137068,0.16272189349112426,trainPep,106
13,2.5034074242870403,0.23076923076923078,0.19256980186823386,0.46153846153846156,0.07692307692307693,0.3076923076923077,0.07692307692307693,0.07692307692307693,-0.3307692307692308,0.07692307692307693,8.915384615384614,9.82448215484619,2.71929452566698,5.424037667206975,0.16666630555633796,0.38461538461538464,0.3076923076923077,0.7346451639094554,0.1775147928994083,trainPep,107
6,-0.23989838581069733,0.0,0.03998306430178289,1.0,0.16666666666666666,0.0,0.0,0.0,3.016666666666667,0.16666666666666666,47.800000000000004,5.525000190734862,0.6500224216483541,0.23989814591255143,0.16666650000016667,0.8333333333333334,0.16666666666666666,0.7833333333333337,0.0,trainPep,108
20,-0.06373854832731407,0.0,0.0031869274163657036,0.7,0.2,0.05,0.05,0.0,1.3850000000000002,0.1,11.315000000000005,6.920852088928222,3.0414460711655216,0.09105493896053587,0.28571387755160355,0.45,0.15,0.8937223882347299,0.06999999999999999,trainPep,109
15,0.9133875052080238,0.06666666666666667,0.06089250034720159,0.6,0.2,0.13333333333333333,0.06666666666666667,0.06666666666666667,0.12000000000000016,0.06666666666666667,22.659999999999997,8.485731697082521,2.866247897312731,1.5223099714967538,0.33333277777870374,0.26666666666666666,0.13333333333333333,1.1229546098533303,0.12,trainPep,110
12,3.7561056101932997,0.3333333333333333,0.31300880084944166,0.6666666666666666,0.16666666666666666,0.3333333333333333,0.0,0.0,0.25833333333333336,0.16666666666666666,-4.850000000000002,10.477740287780762,2.1258145836939115,5.634149964065004,0.2499996250005625,0.3333333333333333,0.5,0.38617272548989773,0.2222222222222222,trainPep,111
26,4.844092258423096,0.19230769230769232,0.18631124070858063,0.4230769230769231,0.15384615384615385,0.23076923076923078,0.038461538461538464,0.2692307692307692,-0.1999999999999999,0.11538461538461539,6.557692307692308,10.301548194885253,3.1706536600327326,11.44964554801966,0.363635504134263,0.2692307692307692,0.34615384615384615,0.9277006900123979,0.113905325443787,trainPep,112
12,2.73198038805715,0.25,0.22766503233809585,0.75,0.08333333333333333,0.25,0.0,0.0,1.4749999999999999,0.08333333333333333,30.325000000000003,11.166198158264159,2.625814583693911,3.642635660561986,0.11111096296316049,0.5833333333333334,0.3333333333333333,0.10462106003277274,0.1875,trainPep,113
13,3.7339483903551485,0.3076923076923077,0.28722679925808836,0.5384615384615384,0.3076923076923077,0.3076923076923077,0.0,0.0,-0.5846153846153848,0.3076923076923077,142.83846153846156,11.999967765808105,2.6235166412180155,6.934462703800254,0.5714275102060525,0.3076923076923077,0.6153846153846154,0.9375853273186242,0.16568047337278108,trainPep,114
15,6.733306626998278,0.4666666666666667,0.4488871084665519,0.4,0.0,0.4666666666666667,0.0,0.13333333333333333,0.03333333333333333,0.0,5.193333333333335,10.158557319641112,1.4294732983598406,16.833224484434485,0.0,0.4,0.6,1.8528500624498248,0.18666666666666668,trainPep,115
26,8.838539080672192,0.34615384615384615,0.3399438107950843,0.4230769230769231,0.07692307692307693,0.4230769230769231,0.07692307692307693,0.07692307692307693,-0.8307692307692308,0.07692307692307693,217.35769230769228,11.999967765808105,2.5626009133151726,20.891042993669014,0.1818177520671315,0.38461538461538464,0.5,1.4738481799472043,0.21153846153846154,trainPep,116
27,6.756065610593295,0.25925925925925924,0.2502246522441961,0.48148148148148145,0.07407407407407407,0.25925925925925924,0.0,0.037037037037037035,-0.018518518518518583,0.07407407407407407,42.44074074074074,11.999967765808105,3.245447224305563,14.031799432879561,0.15384583432019028,0.2962962962962963,0.2962962962962963,1.615567631240057,0.12482853223593963,trainPep,117
12,4.758073612491297,0.4166666666666667,0.3965061343742748,0.4166666666666667,0.0,0.4166666666666667,0.0,0.0,0.033333333333333215,0.0,41.61666666666666,11.999967765808105,1.8879185026711327,11.41934926354088,0.0,0.4166666666666667,0.4166666666666667,1.2678798098215198,0.17361111111111113,trainPep,118
6,-0.15272419755611044,0.0,0.025454032926018406,0.5,0.16666666666666666,0.0,0.0,0.3333333333333333,1.0999999999999999,0.0,8.333333333333334,6.741127204895021,1.4591479170272448,0.3054477842166524,0.33333266666799993,0.5,0.0,1.9333333333333336,0.0,trainPep,119
8,-1.2632011480716374,-0.125,0.15790014350895468,0.625,0.0,0.0,0.125,0.25,0.6124999999999999,0.0,8.75,4.0500284194946286,2.25,2.021118603124855,0.0,0.375,0.0,1.823926544091698,0.078125,trainPep,120
14,3.7590726134902988,0.2857142857142857,0.2685051866778785,0.5714285714285714,0.14285714285714285,0.2857142857142857,0.0,0.07142857142857142,0.5714285714285714,0.14285714285714285,40.26428571428572,11.999967765808105,2.7534343861887853,6.57836556146829,0.2499995625007656,0.5,0.42857142857142855,1.2559752161543871,0.16326530612244897,trainPep,121
14,0.8343778093478771,0.07142857142857142,0.05959841495341979,0.35714285714285715,0.42857142857142855,0.07142857142857142,0.0,0.42857142857142855,-0.9642857142857143,0.3571428571428571,32.37857142857144,8.184148597717286,3.039148671903071,2.336251324670347,1.199996640009408,0.2857142857142857,0.35714285714285715,0.44575529667901037,0.025510204081632654,trainPep,122
12,2.7571046111923003,0.25,0.22975871759935837,0.75,0.25,0.25,0.0,0.0,1.0750000000000002,0.25,9.166666666666668,10.302063941955566,1.9591479170272448,3.67613458007696,0.3333328888894815,0.4166666666666667,0.5,1.289876190929338,0.1875,trainPep,123
9,-0.07699719404642091,0.0,0.008555243782935658,0.4444444444444444,0.2222222222222222,0.1111111111111111,0.1111111111111111,0.1111111111111111,0.288888888888889,0.1111111111111111,39.26666666666667,6.847700309753418,2.94770277922009,0.17324329680702927,0.49999887500253126,0.4444444444444444,0.2222222222222222,0.7131261000477636,0.09876543209876543,trainPep,124
17,3.718459652195257,0.23529411764705882,0.21873292071736805,0.47058823529411764,0.23529411764705882,0.23529411764705882,0.0,0.23529411764705882,0.09411764705882353,0.23529411764705882,102.25882352941177,9.30377101898193,2.6312929881819005,7.901709969781236,0.4999989375022578,0.29411764705882354,0.5882352941176471,1.0189910978280818,0.11072664359861592,trainPep,125
16,4.719448653294258,0.3125,0.2949655408308911,0.3125,0.125,0.3125,0.0,0.25,0.04375000000000001,0.125,78.66874999999999,9.880634117126462,2.649397470347699,15.102187363542063,0.39999872000409603,0.3125,0.625,1.970232364188621,0.09765625,trainPep,126
20,3.757084611392298,0.2,0.1878542305696149,0.45,0.15,0.2,0.0,0.15,-0.11500000000000019,0.15000000000000002,36.02,11.097152519226071,3.346439344671015,8.349058360742083,0.3333325925942387,0.3,0.3,1.321592611849799,0.09000000000000001,trainPep,127
12,4.7600516146892975,0.4166666666666667,0.3966709678907748,0.5833333333333334,0.0,0.4166666666666667,0.0,0.0,0.2250000000000001,0.0,49.825,11.999967765808105,1.8879185026711327,8.160074493625377,0.0,0.4166666666666667,0.4166666666666667,1.622653775522066,0.24305555555555558,trainPep,128
21,-2.275879424258319,-0.09523809523809523,0.10837521067896756,0.38095238095238093,0.09523809523809523,0.0,0.09523809523809523,0.47619047619047616,0.319047619047619,0.09523809523809523,7.01904761904762,4.0500284194946286,3.344698375159713,5.974167806487596,0.24999934375172267,0.3333333333333333,0.19047619047619047,1.1504479263093943,0.03628117913832199,trainPep,129
26,1.8498149425103572,0.07692307692307693,0.07114672855809066,0.38461538461538464,0.15384615384615385,0.23076923076923078,0.15384615384615385,0.11538461538461539,-1.0692307692307688,0.11538461538461539,61.53076923076923,9.229696846008299,3.426616045880947,4.80950634581043,0.399998960002704,0.38461538461538464,0.23076923076923078,1.0079481910764736,0.14792899408284024,trainPep,130
19,1.758103612191301,0.10526315789473684,0.09253176906270005,0.5789473684210527,0.05263157894736842,0.10526315789473684,0.0,0.21052631578947367,1.3315789473684212,0.05263157894736842,16.342105263157894,10.002737236022949,2.9000516989995426,3.0367191758154886,0.09090893388456874,0.47368421052631576,0.15789473684210525,0.6394834737507064,0.060941828254847646,trainPep,131
8,0.7394123930331249,0.125,0.09242654912914061,0.375,0.375,0.25,0.125,0.25,-1.2500000000000002,0.375,23.400000000000002,8.045283699035647,2.5,1.971761123392004,0.9999973333404445,0.125,0.75,0.4405738746899631,0.140625,trainPep,132
13,1.759092613290301,0.15384615384615385,0.13531481640694623,0.5384615384615384,0.46153846153846156,0.15384615384615385,0.0,0.15384615384615385,-0.7153846153846154,0.46153846153846156,35.176923076923075,11.000836753845213,2.6535442970305683,3.266880214761589,0.8571412653090787,0.15384615384615385,0.6153846153846154,0.8379642558181412,0.08284023668639054,trainPep,133
20,6.927456983705471,0.35,0.34637284918527356,0.2,0.3,0.35,0.0,0.15,-2.4699999999999998,0.2,19.179999999999993,10.778420829772951,2.201609497059027,34.63711173296869,1.4999925000374996,0.0,0.55,0.3902659249577096,0.06999999999999999,trainPep,134
13,-0.06555000930152344,0.0,0.005042308407809495,0.6153846153846154,0.3076923076923077,0.0,0.0,0.15384615384615385,1.3461538461538463,0.15384615384615385,95.37692307692308,6.917725944519043,2.873140679513133,0.10651859202226353,0.4999991875013203,0.5384615384615384,0.15384615384615385,0.6332072434950381,0.0,trainPep,135
19,1.9225509986014648,0.10526315789473684,0.101186894663235,0.5263157894736842,0.15789473684210525,0.10526315789473684,0.0,0.15789473684210525,0.431578947368421,0.05263157894736842,4.526315789473684,9.314859580993652,2.965583935727781,3.652839956946865,0.299999430001083,0.3157894736842105,0.21052631578947367,0.6592507745663648,0.05540166204986149,trainPep,136
21,3.7561056101932997,0.19047619047619047,0.17886217191396664,0.5714285714285714,0.0,0.19047619047619047,0.0,0.047619047619047616,0.842857142857143,0.0,-4.814285714285715,10.477740287780762,2.658680662942251,6.573173314784974,0.0,0.23809523809523808,0.19047619047619047,0.8581136708893825,0.10884353741496597,trainPep,137
20,5.736273630295276,0.3,0.28681368151476383,0.2,0.05,0.3,0.0,0.3,-0.925,0.05,49.86,10.46665172576904,3.5464393446710156,28.68122474535265,0.24999875000624996,0.2,0.4,1.9691864735354783,0.06,trainPep,138
17,2.7592043733311433,0.1764705882352941,0.1623061396077143,0.5294117647058824,0.11764705882352941,0.23529411764705882,0.058823529411764705,0.11764705882352941,0.2764705882352941,0.11764705882352941,4.7352941176470615,11.00038547515869,3.381580488309164,5.2118206384087316,0.22222180246992865,0.47058823529411764,0.35294117647058826,1.0276691402154559,0.15570934256055363,trainPep,139
14,5.755086609394297,0.42857142857142855,0.4110776149567355,0.5,0.21428571428571427,0.42857142857142855,0.0,0.07142857142857142,-0.42142857142857154,0.21428571428571427,29.528571428571432,11.21970691680908,2.378783493486176,11.510150198488196,0.42857057143028565,0.5,0.5714285714285714,1.2728348797349365,0.21428571428571427,trainPep,140
20,3.7452056190952887,0.2,0.18726028095476444,0.45,0.1,0.2,0.0,0.2,0.53,0.1,-15.010000000000002,9.868191719055176,2.808694969562842,8.322660658743622,0.22222172839615914,0.4,0.3,1.2509169086645497,0.09000000000000001,trainPep,141
9,-0.23809692473648925,0.0,0.026455213859609916,0.5555555555555556,0.1111111111111111,0.1111111111111111,0.1111111111111111,0.1111111111111111,0.22222222222222213,0.1111111111111111,42.25555555555556,6.00136775970459,2.2810361125534233,0.42857369309303306,0.19999964000064796,0.5555555555555556,0.1111111111111111,0.44879883108476837,0.12345679012345678,trainPep,142
13,1.758103612191301,0.15384615384615385,0.13523873939933084,0.6923076923076923,0.07692307692307693,0.15384615384615385,0.0,0.07692307692307693,1.5846153846153845,0.07692307692307693,-6.046153846153846,10.002737236022949,2.4996981431844145,2.539479327250629,0.11111095061751577,0.5384615384615384,0.23076923076923078,0.6207743693754182,0.10650887573964497,trainPep,143
13,0.7591026131903019,0.07692307692307693,0.0583925087069463,0.6923076923076923,0.0,0.07692307692307693,0.0,0.15384615384615385,2.0153846153846158,0.0,10.984615384615388,8.750052070617677,2.353533948577482,1.0964799685815927,0.0,0.6923076923076923,0.07692307692307693,0.7737395777932249,0.05325443786982249,trainPep,144
23,3.1077793664086477,0.13043478260869565,0.13512084201776728,0.5217391304347826,0.21739130434782608,0.13043478260869565,0.0,0.0,0.7913043478260873,0.043478260869565216,29.791304347826085,11.999967765808105,2.9424955222917837,5.956565702198978,0.4166658680570862,0.4782608695652174,0.17391304347826086,1.28088154170949,0.06805293005671077,trainPep,145
22,1.910642006604452,0.09090909090909091,0.086847363936566,0.36363636363636365,0.22727272727272727,0.09090909090909091,0.0,0.3181818181818182,-0.0181818181818182,0.13636363636363635,5.413636363636363,8.822450065612792,3.0792258015191023,5.254251068971803,0.6249982812547266,0.36363636363636365,0.18181818181818182,0.9291409779485357,0.03305785123966942,trainPep,146
18,4.833368808448876,0.2777777777777778,0.2685204893582709,0.5,0.2222222222222222,0.2777777777777778,0.0,0.1111111111111111,0.2111111111111111,0.16666666666666666,29.827777777777786,10.479351997375485,3.2810361125534233,9.666718283461185,0.4444435555573333,0.4444444444444444,0.5,1.1780349189904757,0.1388888888888889,trainPep,147
15,3.7561056101932997,0.26666666666666666,0.2504070406795533,0.5333333333333333,0.0,0.26666666666666666,0.0,0.13333333333333333,0.6666666666666666,0.0,3.2733333333333343,10.477740287780762,2.339572261986723,7.04268481407841,0.0,0.5333333333333333,0.26666666666666666,0.6766607362951533,0.14222222222222222,trainPep,148
22,3.1077793664086477,0.13636363636363635,0.14126269847312034,0.45454545454545453,0.3181818181818182,0.13636363636363635,0.0,0.09090909090909091,0.33181818181818173,0.13636363636363635,-11.859090909090911,11.999967765808105,3.1746742319786425,6.837099564479984,0.6999984600033881,0.4090909090909091,0.2727272727272727,0.9511422232772975,0.06198347107438016,trainPep,149
12,2.8442787994468874,0.25,0.23702323328724062,0.5,0.16666666666666666,0.25,0.0,0.08333333333333333,0.22499999999999998,0.08333333333333333,50.891666666666666,10.302063941955566,2.5220552088742005,5.688546221801331,0.33333266666799993,0.4166666666666667,0.3333333333333333,0.61737895015148,0.125,trainPep,150
12,0.5501111096453943,0.08333333333333333,0.04584259247044953,0.4166666666666667,0.16666666666666666,0.16666666666666666,0.08333333333333333,0.25,-0.14166666666666675,0.08333333333333333,70.80833333333335,9.338003730773927,3.0849625007211556,1.3202634945165597,0.39999904000230396,0.4166666666666667,0.25,1.1005941823735315,0.10416666666666667,trainPep,151
14,1.7599150731655104,0.14285714285714285,0.12570821951182218,0.5,0.14285714285714285,0.21428571428571427,0.07142857142857142,0.21428571428571427,0.007142857142857244,0.14285714285714285,7.514285714285717,9.703023719787598,3.039148671903071,3.5198231066848074,0.2857137142868571,0.42857142857142855,0.35714285714285715,1.114909730959265,0.14285714285714285,trainPep,152
10,3.7561056101932997,0.4,0.37561056101933,0.6,0.2,0.4,0.0,0.0,-0.22000000000000006,0.2,8.209999999999999,10.477740287780762,1.5219280948873621,6.2601655833795276,0.33333277777870374,0.4,0.6,0.9224847362174129,0.24,trainPep,153
23,2.844268799546886,0.13043478260869565,0.12366386084986461,0.5217391304347826,0.17391304347826086,0.13043478260869565,0.0,0.17391304347826086,0.4478260869565216,0.13043478260869565,28.12608695652174,10.289686012268067,3.4800836951874485,5.451504750414093,0.333332694445669,0.4782608695652174,0.21739130434782608,1.6497750603307197,0.06805293005671077,trainPep,154
14,-3.200072429292015,-0.21428571428571427,0.22857660209228678,0.7142857142857143,0.07142857142857142,0.0,0.21428571428571427,0.07142857142857142,1.092857142857143,0.07142857142857142,-7.514285714285714,4.0500284194946286,2.521640636343318,4.48009512887564,0.09999986000019599,0.42857142857142855,0.0,0.9966102773978709,0.15306122448979592,trainPep,155
20,7.757054611692295,0.4,0.3878527305846148,0.6,0.25,0.4,0.0,0.0,0.31999999999999973,0.25,59.825,11.999967765808105,1.9406454496153462,12.928402805482483,0.41666597222337964,0.6,0.65,1.6816023858858846,0.24,trainPep,156
19,1.759092613290301,0.10526315789473684,0.09258382175212111,0.631578947368421,0.05263157894736842,0.10526315789473684,0.0,0.0,1.4631578947368424,0.05263157894736842,15.652631578947368,11.000836753845213,2.7345123817507706,2.785225561102505,0.08333320138909779,0.42105263157894735,0.15789473684210525,0.6130116471274102,0.06648199445983378,trainPep,157
26,7.78788257986208,0.3076923076923077,0.2995339453793108,0.5,0.0,0.3076923076923077,0.0,0.19230769230769232,0.16923076923076924,0.0,-3.446153846153847,10.845403480529786,2.1479578728872353,15.575734008256143,0.0,0.3076923076923077,0.3076923076923077,1.7912354047223997,0.15384615384615385,trainPep,158
8,1.759092613290301,0.25,0.21988657666128764,0.625,0.375,0.25,0.0,0.125,-0.8750000000000001,0.375,199.95000000000002,11.000836753845213,2.1556390622295662,2.814543677994597,0.5999990400015359,0.25,0.625,1.7400219296154031,0.15625,trainPep,159
17,-1.1443128114364813,-0.05882352941176472,0.06731251831979301,0.5294117647058824,0.058823529411764705,0.11764705882352941,0.17647058823529413,0.11764705882352941,0.0941176470588234,0.0,70.42352941176472,5.497944831848144,2.7719023720385585,2.161475672148195,0.11111090123496432,0.4117647058823529,0.11764705882352941,1.0053115135555986,0.15570934256055363,trainPep,160
25,1.7582253721321448,0.07999999999999999,0.0703290148852858,0.44,0.0,0.12,0.04,0.16,0.616,0.0,23.692000000000004,9.703023719787598,3.0790795706241743,3.9959576731237996,0.0,0.36,0.12,1.379265954896414,0.0704,trainPep,161
16,2.7590826133903,0.1875,0.17244266333689376,0.5625,0.0625,0.1875,0.0,0.0625,0.95,0.0625,26.58125,11.999967765808105,3.0306390622295662,4.905027037090245,0.11111091358059808,0.4375,0.25,0.7967431433776061,0.10546875,trainPep,162
17,4.717460651196256,0.29411764705882354,0.27749768536448566,0.4117647058823529,0.23529411764705882,0.29411764705882354,0.0,0.23529411764705882,-0.14705882352941177,0.23529411764705882,42.09411764705882,9.579889106750485,3.028639311838575,11.456662329582395,0.5714271836768396,0.29411764705882354,0.6470588235294118,1.3698235677074402,0.12110726643598616,trainPep,163
16,0.7592243731311454,0.0625,0.04745152332069659,0.5625,0.0625,0.125,0.0625,0.1875,1.24375,0.0625,2.2687500000000007,8.59094409942627,2.899397470347699,1.349729819380135,0.11111091358059808,0.5,0.1875,0.37158544390761156,0.10546875,trainPep,164
27,2.7579170711675087,0.1111111111111111,0.10214507670990773,0.5185185185185185,0.037037037037037035,0.14814814814814814,0.037037037037037035,0.07407407407407407,0.5148148148148151,0.037037037037037035,4.103703703703703,9.825642585754395,2.95010765204493,5.318829808079851,0.07142843367373505,0.3333333333333333,0.14814814814814814,1.2972209892236135,0.09602194787379971,trainPep,165
20,2.7571046111923003,0.15,0.13785523055961502,0.6,0.15,0.15,0.0,0.05,1.285,0.15,-4.224999999999999,10.302063941955566,2.733206219346495,4.595166693376012,0.24999958333402778,0.5,0.3,1.1216688113364013,0.09,trainPep,166
26,9.84025279575088,0.38461538461538464,0.37847126137503384,0.4230769230769231,0.19230769230769232,0.38461538461538464,0.0,0.038461538461538464,-0.3653846153846151,0.15384615384615385,29.24615384615385,11.999967765808105,2.9305930861794187,23.258724360244504,0.4545443801678288,0.4230769230769231,0.5384615384615384,1.3874202807611906,0.16272189349112426,trainPep,167
14,3.758083612391299,0.2857142857142857,0.26843454374223563,0.42857142857142855,0.07142857142857142,0.2857142857142857,0.0,0.14285714285714285,-0.40000000000000024,0.07142857142857142,91.06428571428572,11.999967765808105,3.2359263506290326,8.768841301616662,0.1666662777786852,0.2857142857142857,0.35714285714285715,1.9154204029519077,0.12244897959183672,trainPep,168
7,-1.2397766258698537,-0.14285714285714285,0.17711094655283624,0.5714285714285714,0.42857142857142855,0.0,0.14285714285714285,0.14285714285714285,-0.6000000000000002,0.42857142857142855,22.08571428571429,4.0500284194946286,2.807354922057604,2.169605298462972,0.7499986875022968,0.42857142857142855,0.2857142857142857,0.28292204398572496,0.08163265306122448,trainPep,169
23,0.7610358341053551,0.043478260869565216,0.033088514526319786,0.4782608695652174,0.043478260869565216,0.13043478260869565,0.08695652173913043,0.17391304347826086,0.25217391304347825,0.043478260869565216,1.4043478260869544,8.497658348083494,3.261842390463366,1.5912534168722345,0.09090890082684372,0.2608695652173913,0.17391304347826086,0.706282903813668,0.10396975425330812,trainPep,170
24,3.73630362999528,0.16666666666666666,0.15567931791647,0.5833333333333334,0.125,0.16666666666666666,0.0,0.125,1.154166666666667,0.125,19.508333333333333,9.70128307342529,3.1216535224393334,6.405080956995981,0.21428534693940524,0.375,0.375,1.4322761880912773,0.09722222222222222,trainPep,171
12,0.7591026131903019,0.08333333333333333,0.06325855109919183,0.6666666666666666,0.0,0.08333333333333333,0.0,0.08333333333333333,2.0333333333333337,0.0,27.116666666666667,8.750052070617677,2.2841591278514217,1.1386522118071352,0.0,0.5833333333333334,0.08333333333333333,0.25948963954821785,0.05555555555555555,trainPep,172
13,2.7590826133903,0.23076923076923078,0.21223712410694617,0.7692307692307693,0.38461538461538464,0.23076923076923078,0.0,0.0,-0.2846153846153847,0.38461538461538464,44.98461538461539,11.999967765808105,2.287783719941071,3.586802734563835,0.499999350000845,0.15384615384615385,0.6153846153846154,0.9983530520385785,0.1775147928994083,trainPep,173
21,-0.15079097664105712,0.0,0.007180522697193196,0.5238095238095238,0.09523809523809523,0.09523809523809523,0.09523809523809523,0.14285714285714285,0.7095238095238096,0.047619047619047616,15.738095238095239,6.751130867004395,3.4992275417233567,0.28787313310240037,0.18181783471140642,0.42857142857142855,0.14285714285714285,0.6585911557856,0.09977324263038549,trainPep,174
14,2.8442787994468874,0.21428571428571427,0.20316277138906338,0.5,0.07142857142857142,0.21428571428571427,0.0,0.14285714285714285,0.4428571428571429,0.0,21.764285714285712,10.302063941955566,2.8962915290459286,5.688546221801331,0.14285685714342855,0.42857142857142855,0.21428571428571427,1.2317258502667778,0.10714285714285714,trainPep,175
20,6.758053612691295,0.35,0.33790268063456474,0.35,0.1,0.35,0.0,0.25,-1.2449999999999999,0.1,85.18,11.999967765808105,3.2037016960573483,19.308669440062445,0.2857134693900875,0.2,0.45,2.044089231913949,0.12249999999999998,trainPep,176
22,3.1077793664086477,0.13636363636363635,0.14126269847312034,0.5,0.3181818181818182,0.13636363636363635,0.0,0.09090909090909091,0.5545454545454546,0.13636363636363635,15.831818181818175,11.999967765808105,3.1746742319786425,6.215546301724691,0.6363623636389091,0.45454545454545453,0.2727272727272727,0.9511422232772975,0.06818181818181818,trainPep,177
9,3.7590726134902988,0.4444444444444444,0.4176747348322554,0.5555555555555556,0.5555555555555556,0.4444444444444444,0.0,0.0,-2.433333333333333,0.5555555555555556,136.17777777777778,11.999967765808105,1.3516441151533922,6.766318524909193,0.9999982000032399,0.0,1.0,0.7088330131101801,0.24691358024691357,trainPep,178
11,1.4591374583185974,0.18181818181818182,0.13264885984714522,0.5454545454545454,0.0,0.18181818181818182,0.0,0.2727272727272727,1.2272727272727273,0.0,1.3727272727272726,11.000192070007323,2.3685225277282065,2.6750804359366294,0.0,0.5454545454545454,0.18181818181818182,0.6759783228267845,0.09917355371900825,trainPep,179
25,6.015630172959058,0.24,0.24062520691836234,0.64,0.16,0.24,0.0,0.0,-0.276,0.04,-6.6000000000000005,10.699318122863769,1.4891353321499976,9.399407458674373,0.24999960937561033,0.0,0.28,1.276772956322247,0.1536,trainPep,180
26,4.756918070168508,0.19230769230769232,0.18295838731417338,0.5,0.19230769230769232,0.23076923076923078,0.038461538461538464,0.11538461538461539,-0.2807692307692305,0.19230769230769232,19.019230769230766,10.301548194885253,3.0129665265669683,9.51381711270279,0.3846146153861538,0.2692307692307692,0.4230769230769231,1.401629423222014,0.13461538461538464,trainPep,181
26,2.836189270322087,0.11538461538461539,0.10908420270469565,0.34615384615384615,0.15384615384615385,0.15384615384615385,0.038461538461538464,0.15384615384615385,0.13846153846153844,0.11538461538461539,5.807692307692308,9.63062572479248,3.382568083276076,8.193411999962475,0.4444431604975364,0.2692307692307692,0.3076923076923077,1.0190550139610643,0.06656804733727811,trainPep,182
25,0.8482917827007808,0.04000000000000001,0.03393167130803123,0.48,0.2,0.16,0.12,0.16,-0.8480000000000001,0.16,64.60000000000001,8.436413383483888,3.463465189601646,1.7672708654789904,0.41666579861291964,0.36,0.16,1.8567908298346614,0.13440000000000002,trainPep,183
24,4.734285628197275,0.20833333333333334,0.19726190117488648,0.4166666666666667,0.2916666666666667,0.20833333333333334,0.0,0.25,-0.5166666666666667,0.29166666666666663,29.087500000000002,9.785672187805172,3.605388542207534,11.36225823825369,0.6999983200040321,0.3333333333333333,0.4583333333333333,1.1489311054696185,0.08680555555555557,trainPep,184
9,-1.1777166608504162,-0.1111111111111111,0.13085740676115734,0.6666666666666666,0.2222222222222222,0.0,0.1111111111111111,0.0,1.211111111111111,0.1111111111111111,-10.799999999999999,5.075574302673339,2.6416041678685933,1.7665723414171122,0.3333328333340833,0.4444444444444444,0.1111111111111111,0.4530839125091303,0.07407407407407407,trainPep,185
21,5.789880581860082,0.2857142857142857,0.2757085991361944,0.7142857142857143,0.14285714285714285,0.2857142857142857,0.0,0.0,0.35714285714285704,0.14285714285714285,36.723809523809514,10.69938259124756,1.950212064914747,8.105821466454062,0.19999972000039198,0.2857142857142857,0.42857142857142855,0.6243184438462263,0.20408163265306123,trainPep,186
14,2.7918585840580814,0.21428571428571427,0.19941847028986295,0.6428571428571429,0.21428571428571427,0.21428571428571427,0.0,0.0,0.2928571428571427,0.21428571428571427,2.8428571428571443,9.99326038360596,2.8423709931771093,4.342884375159098,0.3333328148156213,0.5714285714285714,0.21428571428571427,0.7828004237872018,0.13775510204081634,trainPep,187
21,4.7570846113922975,0.23809523809523808,0.22652783863772846,0.5238095238095238,0.09523809523809523,0.23809523809523808,0.0,0.047619047619047616,0.5190476190476192,0.09523809523809523,39.44761904761905,11.999967765808105,3.1056721842714325,9.08168964761415,0.18181783471140642,0.42857142857142855,0.3333333333333333,1.7547432900598514,0.12471655328798185,trainPep,188
20,4.823447818549863,0.25,0.24117239092749315,0.3,0.2,0.25,0.0,0.25,-1.065,0.15000000000000002,23.785,10.056697273254393,3.4841837197791885,16.07810580148021,0.6666644444518519,0.25,0.4,0.9879645933158698,0.075,trainPep,189
13,2.7392806331922803,0.23076923076923078,0.21071389486094463,0.46153846153846156,0.3076923076923077,0.23076923076923078,0.0,0.15384615384615385,-0.49230769230769234,0.3076923076923077,96.52307692307693,9.695867729187015,2.6235166412180155,5.935095179210386,0.6666652222253519,0.15384615384615385,0.6923076923076923,1.0006103746639612,0.10650887573964499,trainPep,190
21,4.717460651196256,0.23809523809523808,0.2246409833902979,0.38095238095238093,0.19047619047619047,0.23809523809523808,0.0,0.2857142857142857,-0.419047619047619,0.19047619047619047,95.63809523809523,9.579889106750485,3.249460279921617,12.383301703223202,0.49999868750344534,0.23809523809523808,0.5238095238095238,1.67213051229528,0.09070294784580497,trainPep,191
18,5.8422407978488815,0.3333333333333333,0.32456893321382674,0.6111111111111112,0.3888888888888889,0.3333333333333333,0.0,0.0,-0.577777777777778,0.3333333333333333,34.95,11.05350742340088,3.016875695766564,9.560014752819482,0.6363625950430262,0.5,0.5,0.7248747237933924,0.20370370370370372,trainPep,192
24,3.73630362999528,0.16666666666666666,0.15567931791647,0.5416666666666666,0.16666666666666666,0.16666666666666666,0.0,0.125,1.1,0.16666666666666666,35.2625,9.70128307342529,3.136842188131012,6.897778582553903,0.3076917396460191,0.375,0.4166666666666667,1.4322761880912773,0.09027777777777776,trainPep,193
11,1.7590826133902997,0.18181818181818182,0.15991660121729998,0.6363636363636364,0.18181818181818182,0.18181818181818182,0.0,0.09090909090909091,0.5272727272727273,0.18181818181818182,44.10909090909091,10.835024070739745,2.9139770731827523,2.764268334334517,0.2857138367353994,0.45454545454545453,0.2727272727272727,0.9143423779532527,0.11570247933884298,trainPep,194
18,5.739240633592276,0.3333333333333333,0.31884670186623754,0.3888888888888889,0.1111111111111111,0.3333333333333333,0.0,0.1111111111111111,-0.3277777777777777,0.1111111111111111,66.32222222222222,11.706507682800293,2.7107770844150676,14.758009394355982,0.2857135510222974,0.2777777777777778,0.5,1.8585542428781812,0.12962962962962962,trainPep,195
26,3.7561056101932997,0.15384615384615385,0.14446560039204998,0.6538461538461539,0.038461538461538464,0.15384615384615385,0.0,0.11538461538461539,0.8961538461538462,0.038461538461538464,1.288461538461539,10.477740287780762,2.7633424882718503,5.744623323812904,0.05882343944650437,0.3076923076923077,0.19230769230769232,0.8393710059712466,0.10059171597633136,trainPep,196
17,1.7582253721321448,0.11764705882352942,0.10342502189012616,0.5882352941176471,0.058823529411764705,0.17647058823529413,0.058823529411764705,0.11764705882352941,0.7470588235294118,0.058823529411764705,-0.5764705882352944,9.703023719787598,2.984234164652489,2.9889780513619586,0.09999983000028899,0.47058823529411764,0.23529411764705882,1.0915881840335457,0.1384083044982699,trainPep,197
13,-0.23808692483648786,0.0,0.01831437883357599,0.6153846153846154,0.23076923076923078,0.07692307692307693,0.07692307692307693,0.15384615384615385,0.7999999999999999,0.23076923076923078,31.13846153846154,6.0014245986938475,3.238901256602631,0.38689062416202846,0.3749993906259902,0.46153846153846156,0.3076923076923077,0.38628766148534105,0.09467455621301776,trainPep,198
19,0.7591026131903019,0.05263157894736842,0.03995276911527905,0.3157894736842105,0.10526315789473684,0.05263157894736842,0.0,0.3157894736842105,0.24736842105263154,0.10526315789473684,50.81578947368421,8.750052070617677,3.2608281712244547,2.403817329681079,0.3333322777811204,0.21052631578947367,0.15789473684210525,0.91945151307383,0.016620498614958446,trainPep,199
16,2.8442787994468874,0.1875,0.17776742496543047,0.625,0.0625,0.1875,0.0,0.125,1.175,0.0,-11.256249999999998,10.302063941955566,2.5550365325772657,4.550838797772943,0.099999840000256,0.5,0.1875,0.7284194533036032,0.1171875,trainPep,200
12,2.8442787994468874,0.25,0.23702323328724062,0.4166666666666667,0.25,0.25,0.0,0.08333333333333333,-0.32500000000000007,0.16666666666666666,107.24166666666667,10.302063941955566,2.8553885422075336,6.826252735665965,0.599998560003456,0.25,0.4166666666666667,0.3288148381706947,0.10416666666666667,trainPep,201
14,1.7582253721321448,0.14285714285714285,0.1255875265808675,0.5714285714285714,0.07142857142857142,0.21428571428571427,0.07142857142857142,0.07142857142857142,0.19999999999999998,0.07142857142857142,61.37857142857143,9.703023719787598,2.8423709931771084,3.0768890166754743,0.1249997812503828,0.35714285714285715,0.2857142857142857,1.4514923546303464,0.16326530612244897,trainPep,202
14,1.7571046111922999,0.14285714285714285,0.12550747222802142,0.6428571428571429,0.35714285714285715,0.14285714285714285,0.0,0.21428571428571427,0.0285714285714286,0.3571428571428571,13.715,9.703023719787598,2.9852281360342516,2.7332695878797737,0.555554691359369,0.42857142857142855,0.42857142857142855,1.3676212070277025,0.09183673469387756,trainPep,203
13,-0.26601161004484764,0.0,0.020462431541911356,0.6153846153846154,0.0,0.0,0.0,0.23076923076923078,2.169230769230769,0.0,15.3,5.494989204406737,2.4116022179746714,0.43226816388711103,0.0,0.6153846153846154,0.0,0.2905895156699136,0.0,trainPep,204
10,3.7600616145892984,0.4,0.37600616145892984,0.5,0.4,0.4,0.0,0.0,-2.02,0.4,123.56,11.999967765808105,1.7219280948873623,7.520108188962219,0.7999984000032,0.0,0.8,0.5172924126595262,0.2,trainPep,205
24,5.754107608195298,0.25,0.2397544836748041,0.4583333333333333,0.041666666666666664,0.25,0.0,0.08333333333333333,0.5083333333333333,0.041666666666666664,-22.254166666666674,10.699318122863769,2.788320189106,12.554389208304197,0.09090889256241623,0.375,0.2916666666666667,1.4708648120471823,0.11458333333333333,trainPep,206
13,0.7591026131903019,0.07692307692307693,0.0583925087069463,0.6923076923076923,0.3076923076923077,0.07692307692307693,0.0,0.0,1.738461538461539,0.3076923076923077,25.8,8.750052070617677,2.5654483718208256,1.0964799685815927,0.4444438024700631,0.6153846153846154,0.38461538461538464,0.5821040577061258,0.05325443786982249,trainPep,207
24,3.73630362999528,0.16666666666666666,0.15567931791647,0.5416666666666666,0.125,0.16666666666666666,0.0,0.16666666666666666,0.9708333333333337,0.125,5.220833333333335,9.70128307342529,3.319773835029478,6.897778582553903,0.23076880473451433,0.3333333333333333,0.375,0.8419187617276976,0.09027777777777776,trainPep,208
19,2.7392706332922785,0.15789473684210525,0.14417213859433045,0.47368421052631576,0.2631578947368421,0.15789473684210525,0.0,0.21052631578947367,0.3473684210526315,0.2631578947368421,56.43684210526316,9.6918062210083,3.3263604079526936,5.782892461955169,0.5555543827185254,0.3684210526315789,0.47368421052631576,1.2635114493220385,0.07479224376731301,trainPep,209
6,-0.23989838581069733,0.0,0.03998306430178289,1.0,0.8333333333333334,0.0,0.0,0.0,2.966666666666667,0.8333333333333334,8.333333333333334,5.525000190734862,0.6500224216483541,0.23989814591255143,0.8333325000008335,1.0,0.8333333333333334,0.16666666666666663,0.0,trainPep,210
25,0.8483317823007859,0.04000000000000001,0.033933271292031435,0.48,0.08,0.16,0.12,0.08,0.20800000000000005,0.04,0.21999999999999817,8.438734245300296,3.3532696895151073,1.767354197805392,0.16666631944516785,0.32,0.2,1.561259826853869,0.13440000000000002,trainPep,211
13,4.735304628996278,0.38461538461538464,0.36425420223048294,0.46153846153846156,0.0,0.38461538461538464,0.0,0.15384615384615385,0.6384615384615386,0.0,2.7,9.90429401397705,1.4604846813131116,10.259804466582258,0.0,0.46153846153846156,0.5384615384615384,2.293733243266472,0.1775147928994083,trainPep,212
23,2.757226371133144,0.13043478260869565,0.11987940744057148,0.43478260869565216,0.043478260869565216,0.17391304347826086,0.043478260869565216,0.17391304347826086,0.6739130434782608,0.043478260869565216,-1.1826086956521717,10.00138339996338,3.3231428049945433,6.341606067912275,0.09999977000052901,0.391304347826087,0.21739130434782608,1.0786165378886095,0.0945179584120983,trainPep,213
25,7.107739366808643,0.28,0.2843095746723457,0.4,0.24,0.28,0.0,0.04,-0.23200000000000004,0.08,144.416,11.999967765808105,2.8888840705376353,17.76930399376162,0.59999850000375,0.4,0.36,1.4154671824394334,0.11200000000000002,trainPep,214
26,2.7604072727404474,0.11538461538461539,0.1061695104900172,0.5,0.15384615384615385,0.15384615384615385,0.038461538461538464,0.15384615384615385,0.4961538461538462,0.15384615384615385,-6.557692307692311,10.00138339996338,3.1039099102823635,5.5208035038738865,0.30769169230892307,0.34615384615384615,0.3076923076923077,1.3516894908329007,0.09615384615384616,trainPep,215
10,1.759092613290301,0.2,0.17590926132903012,0.6,0.3,0.2,0.0,0.1,0.040000000000000036,0.30000000000000004,17.65,11.000836753845213,2.921928094887362,2.9318161357902754,0.49999916666805555,0.3,0.5,1.1343820998347467,0.12,trainPep,216
10,1.0437050538349406,0.1,0.10437050538349406,0.3,0.4,0.1,0.0,0.3,-0.8100000000000002,0.30000000000000004,17.89,9.007538795471191,2.4464393446710155,3.4790052494323045,1.3333288889037038,0.3,0.3,0.39290989203698545,0.03,trainPep,217
17,0.7591026131903019,0.058823529411764705,0.04465309489354717,0.5294117647058824,0.11764705882352941,0.058823529411764705,0.0,0.058823529411764705,1.5882352941176472,0.11764705882352941,6.13529411764706,8.750052070617677,2.910992253015046,1.4338577831836463,0.22222180246992865,0.47058823529411764,0.17647058823529413,0.5495565105235867,0.031141868512110725,trainPep,218
11,2.7571046111923003,0.2727272727272727,0.25064587374475455,0.5454545454545454,0.0,0.2727272727272727,0.0,0.09090909090909091,0.9090909090909091,0.0,-29.5,10.302063941955566,2.413088436425758,5.054682520267931,0.0,0.45454545454545453,0.2727272727272727,0.17108340536794303,0.14876033057851237,trainPep,219
24,2.933264448675684,0.125,0.1222193520281535,0.4583333333333333,0.125,0.16666666666666666,0.041666666666666664,0.20833333333333334,-0.1541666666666667,0.041666666666666664,-2.962500000000001,10.001447868347167,3.323934896284056,6.399835742923509,0.27272667768724873,0.375,0.20833333333333334,1.0167672375064396,0.0954861111111111,trainPep,220
10,-1.2337952621893415,-0.1,0.12337952621893415,0.4,0.1,0.1,0.2,0.1,-0.38999999999999996,0.1,-30.550000000000004,4.669573402404786,3.121928094887362,3.084480444272243,0.24999937500156252,0.3,0.1,0.4280786300657066,0.12000000000000002,trainPep,221
16,1.758103612191301,0.125,0.10988147576195631,0.5625,0.0,0.125,0.0,0.1875,1.0812500000000003,0.0,5.49375,10.002737236022949,2.6556390622295662,3.125511976318799,0.0,0.4375,0.125,0.36683536695302643,0.0703125,trainPep,222
20,7.756065610593295,0.4,0.38780328052966473,0.6,0.1,0.4,0.0,0.0,0.31999999999999995,0.1,41.705000000000005,11.999967765808105,2.3393538721672007,12.926754473064703,0.16666638888935187,0.5,0.5,1.6268222298952508,0.24,trainPep,223
25,0.023435639927273044,0.0,0.0009374255970909218,0.56,0.12,0.04,0.04,0.08,1.284,0.0,3.188,7.024071693420409,2.8888840705376357,0.04184928228212635,0.21428533163333632,0.48,0.04,1.1355562100437426,0.044800000000000006,trainPep,224
9,1.758103612191301,0.2222222222222222,0.19534484579903344,0.7777777777777778,0.0,0.2222222222222222,0.0,0.0,2.088888888888889,0.0,-9.977777777777778,10.002737236022949,0.7642045065086203,2.2604160237110706,0.0,0.7777777777777778,0.2222222222222222,1.6079184844558876,0.1728395061728395,trainPep,225
23,2.763694536437718,0.13043478260869565,0.12016063201903121,0.2608695652173913,0.0,0.21739130434782608,0.08695652173913043,0.2608695652173913,-0.7086956521739133,0.0,74.32173913043476,10.903489494323729,3.257500413502068,10.594121778877767,0.0,0.21739130434782608,0.21739130434782608,1.6929865669950694,0.07939508506616258,trainPep,226
17,5.754107608195298,0.35294117647058826,0.33847691812913516,0.6470588235294118,0.17647058823529413,0.35294117647058826,0.0,0.0,-0.017647058823529127,0.1764705882352941,-4.423529411764706,10.699318122863769,2.0274893113295236,8.892698014859437,0.2727268512403208,0.23529411764705882,0.5294117647058824,2.156126317204203,0.22837370242214536,trainPep,227
11,0.4609589191928074,0.09090909090909091,0.04190535629025522,0.36363636363636365,0.18181818181818182,0.18181818181818182,0.09090909090909091,0.2727272727272727,-1.0909090909090908,0.18181818181818182,-4.427272727272727,8.310893440246584,3.095795255000934,1.2676335417879805,0.4999986250037813,0.18181818181818182,0.36363636363636365,0.40644843061939634,0.09917355371900825,trainPep,228
19,0.8462768014448888,0.05263157894736842,0.044540884286573094,0.631578947368421,0.15789473684210525,0.05263157894736842,0.0,0.21052631578947367,1.205263157894737,0.10526315789473684,2.500000000000001,8.757208061218265,3.2608281712244547,1.3399361473888407,0.2499996041672934,0.42105263157894735,0.15789473684210525,0.7288051274259463,0.03324099722991689,trainPep,229
14,1.758103612191301,0.14285714285714285,0.12557882944223578,0.7857142857142857,0.0,0.14285714285714285,0.0,0.07142857142857142,1.6857142857142862,0.0,16.97857142857143,10.002737236022949,2.263809173883546,2.2375835676825697,0.0,0.5,0.14285714285714285,1.6641495508994313,0.11224489795918366,trainPep,230
27,3.7918785838580837,0.14814814814814814,0.1404399475502994,0.6666666666666666,0.037037037037037035,0.14814814814814814,0.0,0.1111111111111111,1.003703703703704,0.037037037037037035,10.381481481481476,10.47786922454834,2.7450851871082684,5.687809344073109,0.05555547222234722,0.3333333333333333,0.18518518518518517,1.2776494225580455,0.09876543209876543,trainPep,231
20,6.758053612691295,0.35,0.33790268063456474,0.45,0.0,0.35,0.0,0.0,0.2549999999999998,0.0,70.595,11.999967765808105,2.2609640474436814,15.01786354406167,0.0,0.45,0.35,1.3577144731895234,0.1575,trainPep,232
21,3.758083612391299,0.19047619047619047,0.17895636249482377,0.5238095238095238,0.09523809523809523,0.19047619047619047,0.0,0.09523809523809523,0.5380952380952381,0.09523809523809523,16.766666666666666,11.999967765808105,3.236857303422074,7.174509563228768,0.18181783471140642,0.42857142857142855,0.2857142857142857,1.447261903063687,0.09977324263038549,trainPep,233
13,0.7591026131903019,0.07692307692307693,0.0583925087069463,0.6153846153846154,0.0,0.07692307692307693,0.0,0.15384615384615385,1.8538461538461541,0.0,-3.8307692307692314,8.750052070617677,1.5465935642949382,1.2335397419321599,0.0,0.6153846153846154,0.07692307692307693,0.8475462173581483,0.04733727810650888,trainPep,234
12,2.792877584857085,0.25,0.2327397987380904,0.4166666666666667,0.08333333333333333,0.25,0.0,0.08333333333333333,-0.09166666666666672,0.08333333333333333,0.5999999999999976,10.302321815490721,2.8553885422075336,6.702890116720724,0.19999952000115198,0.25,0.3333333333333333,0.8025512175480384,0.10416666666666667,trainPep,235
15,3.7918785838580837,0.26666666666666666,0.25279190559053893,0.6,0.06666666666666667,0.26666666666666666,0.0,0.0,0.7866666666666667,0.06666666666666667,-13.306666666666667,10.47786922454834,2.7898980954642876,6.319787106784961,0.11111092592623456,0.4,0.3333333333333333,0.8030072106912869,0.16,trainPep,236
21,5.737242631594274,0.2857142857142857,0.2732020300759178,0.5238095238095238,0.23809523809523808,0.2857142857142857,0.0,0.14285714285714285,-0.30952380952380953,0.23809523809523808,93.85714285714285,10.851785850524902,2.855904922469693,10.952896841149643,0.45454458677851606,0.38095238095238093,0.47619047619047616,2.001838175677133,0.14965986394557823,trainPep,237
18,3.8462368018448845,0.2222222222222222,0.2136798223247158,0.2222222222222222,0.1111111111111111,0.2222222222222222,0.0,0.1111111111111111,-1.5666666666666667,0.05555555555555555,58.94444444444445,11.999967765808105,2.6337314206421327,17.30798772235723,0.499997750010125,0.2222222222222222,0.2222222222222222,1.4203501459467043,0.04938271604938271,trainPep,238
16,4.745205619095289,0.3125,0.29657535119345557,0.5625,0.125,0.3125,0.0,0.0625,0.6187499999999999,0.125,-26.550000000000004,10.19846324920654,2.649397470347699,8.43590610344744,0.22222182716119615,0.4375,0.5,0.8666132685262603,0.17578125,trainPep,239
24,5.733286627198275,0.25,0.23888694279992814,0.375,0.25,0.25,0.0,0.16666666666666666,-0.48750000000000004,0.25,10.608333333333334,9.925246238708493,3.5220552088742005,15.288723569265883,0.6666648888936296,0.3333333333333333,0.4583333333333333,1.0157643395020983,0.09375,trainPep,240
12,3.73630362999528,0.3333333333333333,0.31135863583294,0.5,0.0,0.3333333333333333,0.0,0.16666666666666666,1.2333333333333332,0.0,-26.208333333333336,9.70128307342529,2.188721875540867,7.4725923148059294,0.0,0.5,0.5,0.7910217335825416,0.16666666666666666,trainPep,241
16,4.7600516146892975,0.3125,0.2975032259180811,0.5,0.0,0.3125,0.0,0.0,0.65625,0.0,34.5625,11.999967765808105,1.8828560636920488,9.520084189210216,0.0,0.5,0.3125,1.009128860239218,0.15625,trainPep,242
21,5.754107608195298,0.2857142857142857,0.2740051241997761,0.5714285714285714,0.047619047619047616,0.2857142857142857,0.0,0.0,0.20476190476190476,0.047619047619047616,-17.847619047619048,10.699318122863769,2.1359327568142765,10.06967069241806,0.0833331875002552,0.23809523809523808,0.3333333333333333,0.8553692494487778,0.16326530612244897,trainPep,243
13,-0.15079097664105712,0.0,0.011599305895465931,0.38461538461538464,0.23076923076923078,0.15384615384615385,0.15384615384615385,0.23076923076923078,-0.9769230769230769,0.15384615384615385,12.192307692307693,6.751130867004395,3.238901256602631,0.39205551992239673,0.599998440004056,0.23076923076923078,0.3076923076923077,0.8812958575349362,0.1183431952662722,trainPep,244
14,3.843279798447887,0.2857142857142857,0.2745199856034205,0.5,0.2857142857142857,0.2857142857142857,0.0,0.07142857142857142,-6.344131569286608e-17,0.21428571428571427,3.2214285714285715,10.477740287780762,2.7534343861887853,7.686544223807325,0.5714274285737142,0.35714285714285715,0.5,0.8702347736209035,0.14285714285714285,trainPep,245
21,3.7908795828590827,0.19047619047619047,0.18051807537424203,0.6666666666666666,0.047619047619047616,0.19047619047619047,0.0,0.047619047619047616,0.9333333333333333,0.047619047619047616,-1.5190476190476196,10.176995277404785,2.5294881142662007,5.686310844822357,0.071428464285875,0.42857142857142855,0.19047619047619047,1.4825539782516337,0.12698412698412698,trainPep,246
15,-1.06542824936068,-0.06666666666666667,0.07102854995737866,0.4666666666666667,0.2,0.0,0.06666666666666667,0.2,0.2733333333333333,0.06666666666666667,47.213333333333324,5.968742179870605,3.189898095464287,2.283055642082224,0.4285705102060496,0.4666666666666667,0.0,1.264625767799767,0.03111111111111111,trainPep,247
10,2.7600716144892994,0.3,0.27600716144892995,0.6,0.3,0.3,0.0,0.1,-0.7200000000000001,0.3,135.9,11.999967765808105,2.3709505944546687,4.6001116906293475,0.49999916666805555,0.3,0.6,2.1279840832845647,0.18,trainPep,248
26,2.439148937096785,0.11538461538461539,0.09381342065756865,0.38461538461538464,0.07692307692307693,0.15384615384615385,0.038461538461538464,0.34615384615384615,-0.0115384615384616,0.07692307692307693,37.07692307692308,9.30203037261963,3.7381493331928657,6.341770747847696,0.199999480001352,0.2692307692307692,0.2692307692307692,1.4605612796567982,0.07396449704142012,trainPep,249
21,4.807621842547846,0.23809523809523808,0.22893437345465933,0.2857142857142857,0.14285714285714285,0.23809523809523808,0.0,0.3333333333333333,-0.3952380952380953,0.09523809523809523,91.88095238095237,10.451888465881346,2.7559113286549373,16.82661755575602,0.499998250006125,0.23809523809523808,0.5238095238095238,1.740713815443869,0.06802721088435373,trainPep,250
19,1.7319703881571482,0.10526315789473684,0.09115633621879728,0.6842105263157895,0.15789473684210525,0.10526315789473684,0.0,0.10526315789473684,0.9789473684210527,0.15789473684210525,-3.8947368421052633,9.985782051086428,3.3263604079526936,2.5313376368900546,0.23076889349161717,0.5263157894736842,0.15789473684210525,1.4098745981796583,0.07202216066481994,trainPep,251
22,3.848013481436149,0.18181818181818182,0.17490970370164313,0.3181818181818182,0.22727272727272727,0.3181818181818182,0.13636363636363635,0.18181818181818182,-1.3636363636363633,0.18181818181818182,-9.886363636363635,9.998095512390137,3.3564924137968233,12.09371864711215,0.7142834693948105,0.22727272727272727,0.5,0.7677489865360975,0.1446280991735537,trainPep,252
27,8.758033612891294,0.3333333333333333,0.32437161529227015,0.37037037037037035,0.14814814814814814,0.3333333333333333,0.0,0.14814814814814814,-0.4925925925925927,0.14814814814814814,35.677777777777784,11.999967765808105,3.2303964110993895,23.646626908913845,0.39999892000291604,0.3333333333333333,0.48148148148148145,1.3291673956125132,0.12345679012345678,trainPep,253
13,2.7571046111923003,0.23076923076923078,0.2120849700917154,0.6923076923076923,0.23076923076923078,0.23076923076923078,0.0,0.07692307692307693,0.9076923076923078,0.23076923076923078,14.384615384615381,10.302063941955566,2.7192945256669794,3.982478685919665,0.33333285185254735,0.46153846153846156,0.46153846153846156,0.34790521594024404,0.15976331360946747,trainPep,254
11,1.758103612191301,0.18181818181818182,0.15982760110830008,0.6363636363636364,0.2727272727272727,0.18181818181818182,0.0,0.09090909090909091,0.6636363636363636,0.2727272727272727,-20.009090909090908,10.002737236022949,2.9139770731827523,2.762729906296477,0.42857075510309905,0.36363636363636365,0.45454545454545453,0.23902876907915604,0.11570247933884298,trainPep,255
20,2.75891607216651,0.15000000000000002,0.13794580360832548,0.6,0.1,0.2,0.05,0.1,0.61,0.1,17.075,10.00138339996338,2.8414460711655214,4.598185789967866,0.16666638888935187,0.4,0.3,1.8423381495181288,0.15,trainPep,256
14,-0.23965486592901009,0.0,0.017118204709215008,0.5,0.07142857142857142,0.14285714285714285,0.14285714285714285,0.0,0.8571428571428571,0.07142857142857142,23.192857142857143,5.959761619567872,2.8962915290459277,0.47930877324047366,0.14285685714342855,0.42857142857142855,0.21428571428571427,0.6519182284105981,0.14285714285714285,trainPep,257
25,0.8483317823007859,0.04000000000000001,0.033933271292031435,0.52,0.04,0.16,0.12,0.0,0.5920000000000002,0.0,-17.568000000000005,8.438734245300296,2.9794705707972517,1.6314041363397105,0.07692292899436731,0.36,0.16,1.4309399733641317,0.1456,trainPep,258
25,4.760697533440716,0.2,0.19042790133762863,0.48,0.16,0.28,0.08,0.08,-0.652,0.16,27.108000000000004,10.548848915100098,3.3834651896016465,9.918099198628163,0.3333326388903357,0.28,0.4,1.7015985960649695,0.1728,trainPep,259
13,4.754107608195298,0.38461538461538464,0.36570058524579213,0.46153846153846156,0.15384615384615385,0.38461538461538464,0.0,0.0,-0.22307692307692312,0.15384615384615385,-4.146153846153846,10.301548194885253,2.287783719941071,10.30054416657745,0.3333326111126759,0.46153846153846156,0.46153846153846156,0.6305329478434157,0.1775147928994083,trainPep,260
8,1.845277800445888,0.25,0.230659725055736,0.625,0.5,0.25,0.0,0.0,-0.7625000000000003,0.375,128.4,10.002801704406739,1.9056390622295665,2.95243975680981,0.799998720002048,0.25,0.625,1.6486805537841038,0.15625,trainPep,261
12,0.8453995603867315,0.08333333333333333,0.07044996336556096,0.3333333333333333,0.16666666666666666,0.16666666666666666,0.08333333333333333,0.08333333333333333,-0.5166666666666667,0.08333333333333333,16.96666666666667,8.50500774383545,3.084962500721156,2.536191072586977,0.4999985000045,0.3333333333333333,0.16666666666666666,0.71942717961013,0.08333333333333333,trainPep,262
23,0.9335727496403192,0.043478260869565216,0.0405901195495791,0.5217391304347826,0.13043478260869565,0.08695652173913043,0.043478260869565216,0.13043478260869565,0.6347826086956523,0.043478260869565216,13.065217391304342,8.60544948577881,3.4357554339416274,1.7893443405672924,0.24999952083425173,0.391304347826087,0.13043478260869565,0.9024443907249801,0.06805293005671077,trainPep,263
13,1.759092613290301,0.15384615384615385,0.13531481640694623,0.6153846153846154,0.3076923076923077,0.15384615384615385,0.0,0.15384615384615385,0.823076923076923,0.3076923076923077,-14.661538461538461,11.000836753845213,3.180832987205441,2.8585208515003555,0.4999991875013203,0.5384615384615384,0.46153846153846156,0.3269911810708316,0.09467455621301776,trainPep,264
12,0.7600916142893016,0.08333333333333333,0.0633409678574418,0.6666666666666666,0.08333333333333333,0.08333333333333333,0.0,0.08333333333333333,1.5750000000000002,0.08333333333333333,57.31666666666667,9.750021171569824,2.8553885422075336,1.1401357112303856,0.12499981250028125,0.5,0.16666666666666666,0.794385125145273,0.05555555555555555,trainPep,265
17,3.756227370134143,0.23529411764705882,0.22095455118436136,0.47058823529411764,0.11764705882352941,0.29411764705882354,0.058823529411764705,0.17647058823529413,-0.09411764705882351,0.11764705882352941,7.588235294117648,10.176866340637208,2.6986604604011153,7.981966199856879,0.2499994687511289,0.4117647058823529,0.4117647058823529,1.1021774803376545,0.1660899653979239,trainPep,266
19,1.758103612191301,0.10526315789473684,0.09253176906270005,0.5789473684210527,0.15789473684210525,0.10526315789473684,0.0,0.05263157894736842,1.3315789473684212,0.15789473684210525,26.478947368421053,10.002737236022949,3.010570934268483,3.0367191758154886,0.2727268016537062,0.5263157894736842,0.2631578947368421,0.5469183669873054,0.060941828254847646,trainPep,267
15,5.760041614789296,0.4,0.3840027743192864,0.4666666666666667,0.2,0.4,0.0,0.0,-0.9266666666666665,0.2,116.44,11.999967765808105,2.2892464285091583,12.34291986829163,0.4285705102060496,0.2,0.6,1.6011762516502286,0.18666666666666668,trainPep,268
26,4.279150739720821,0.15384615384615385,0.16458272075849312,0.6153846153846154,0.23076923076923078,0.15384615384615385,0.0,0.0,0.38461538461538464,0.0,-3.446153846153847,10.47786922454834,1.95006375643621,6.9536086524322736,0.3749993906259902,0.3076923076923077,0.15384615384615385,1.4152826129302776,0.09467455621301776,trainPep,269
18,0.8501880245579421,0.05555555555555555,0.04723266803099678,0.5,0.16666666666666666,0.16666666666666666,0.1111111111111111,0.1111111111111111,-0.3666666666666668,0.1111111111111111,61.277777777777786,8.752695274353027,3.5032583347756456,1.7003726483705872,0.33333266666799993,0.3333333333333333,0.2777777777777778,1.2728986105626947,0.1388888888888889,trainPep,270
8,0.7600916142893016,0.125,0.0950114517861627,0.5,0.0,0.125,0.0,0.125,0.9750000000000001,0.0,24.175,9.750021171569824,2.25,1.5201801882182266,0.0,0.5,0.125,0.8328664206537156,0.0625,trainPep,271
17,5.754107608195298,0.35294117647058826,0.33847691812913516,0.6470588235294118,0.17647058823529413,0.35294117647058826,0.0,0.0,0.2176470588235295,0.1764705882352941,30.599999999999998,10.699318122863769,2.116299605701696,8.892698014859437,0.2727268512403208,0.35294117647058826,0.5294117647058824,1.528562049622297,0.22837370242214536,trainPep,272
11,-0.21221494127071372,0.0,0.0192922673882467,0.5454545454545454,0.18181818181818182,0.09090909090909091,0.09090909090909091,0.18181818181818182,-0.06363636363636363,0.18181818181818182,80.46363636363637,6.037403678894043,2.845350936622437,0.3890600123862858,0.3333327222233426,0.09090909090909091,0.36363636363636365,0.7644715349917548,0.09917355371900825,trainPep,273
19,-0.23978662576985488,0.0,0.012620348724729204,0.5263157894736842,0.2631578947368421,0.05263157894736842,0.05263157894736842,0.21052631578947367,0.34736842105263155,0.2631578947368421,16.842105263157894,5.835682106018066,3.4058222502856896,0.4555937233346499,0.49999905000180495,0.42105263157894735,0.2631578947368421,1.3873936981241652,0.05540166204986149,trainPep,274
15,2.7481726223922873,0.2,0.1832115081594858,0.4666666666666667,0.26666666666666666,0.2,0.0,0.2,-0.44000000000000006,0.26666666666666666,36.94,10.045608711242675,3.32323142879762,5.888928714564799,0.5714273469413994,0.3333333333333333,0.4,1.6144156385083606,0.09333333333333334,trainPep,275
25,7.752109606197296,0.32,0.3100843842478918,0.68,0.04,0.32,0.0,0.0,0.5080000000000002,0.04,7.744,10.845339012145995,1.7638561897747247,11.400144420665992,0.0588234429067016,0.32,0.36,1.8695680877221486,0.21760000000000002,trainPep,276
6,-2.163050621361163,-0.3333333333333333,0.3605084368935272,0.5,0.3333333333333333,0.0,0.3333333333333333,0.16666666666666666,-0.8666666666666667,0.3333333333333333,94.76833333333335,4.0500284194946286,2.584962500721156,4.326092590537145,0.6666653333359999,0.5,0.16666666666666666,1.9833333333333332,0.16666666666666666,trainPep,277
27,4.772889063635272,0.18518518518518517,0.17677366902352862,0.4074074074074074,0.0,0.2222222222222222,0.037037037037037035,0.2222222222222222,0.32222222222222224,0.0,9.625925925925925,9.789153480529784,3.157872114061108,11.715244400595777,0.0,0.25925925925925924,0.2962962962962963,1.0739225479865928,0.10562414266117968,trainPep,278
13,3.7319503883571463,0.3076923076923077,0.28707310679670356,0.5384615384615384,0.38461538461538464,0.3076923076923077,0.0,0.0,-0.8538461538461538,0.38461538461538464,158.56923076923078,11.553846549987792,2.6235166412180155,6.930752135552162,0.7142843877575656,0.46153846153846156,0.5384615384615384,0.8762539748221928,0.16568047337278108,trainPep,279
14,1.758103612191301,0.14285714285714285,0.12557882944223578,0.5714285714285714,0.07142857142857142,0.14285714285714285,0.0,0.21428571428571427,0.7,0.07142857142857142,14.721428571428572,10.002737236022949,2.950212064914747,3.0766759371518866,0.1249997812503828,0.42857142857142855,0.21428571428571427,0.8331470783744167,0.08163265306122448,trainPep,280
15,1.8462668015448882,0.13333333333333333,0.12308445343632587,0.26666666666666666,0.06666666666666667,0.13333333333333333,0.0,0.26666666666666666,-0.9133333333333332,0.0,1.8599999999999999,11.000836753845213,3.3232314287976203,6.923474542763796,0.24999906250351564,0.13333333333333333,0.13333333333333333,1.1867916918453856,0.035555555555555556,trainPep,281
25,0.9352624506736849,0.04,0.037410498026947396,0.56,0.12,0.08,0.04,0.04,1.1320000000000001,0.04,29.31600000000001,8.60557842254639,3.269275070710713,1.6701085367234785,0.21428533163333632,0.48,0.12,1.16527163765862,0.06720000000000001,trainPep,282
11,-0.2023139511717038,0.0,0.0183921773792458,0.5454545454545454,0.2727272727272727,0.09090909090909091,0.09090909090909091,0.18181818181818182,-0.2727272727272728,0.2727272727272727,18.990909090909096,6.046100044250489,3.0957952550009344,0.37090823048303445,0.49999908333501386,0.18181818181818182,0.36363636363636365,0.53873383095809,0.09917355371900825,trainPep,283
13,3.7289833850601464,0.3076923076923077,0.2868448757738574,0.5384615384615384,0.15384615384615385,0.3076923076923077,0.0,0.07692307692307693,-0.5076923076923077,0.15384615384615385,-16.83846153846154,10.171450996398924,3.0269868333592873,6.925241996805135,0.28571375510302627,0.38461538461538464,0.3076923076923077,0.7290692135990167,0.16568047337278108,trainPep,284
15,4.758053612691295,0.3333333333333333,0.3172035741794197,0.5333333333333333,0.2,0.3333333333333333,0.0,0.0,-0.6266666666666668,0.2,84.76666666666665,11.834348487854005,2.5492553971685004,8.921333796295311,0.3749992968763184,0.4,0.4,1.9194043290830578,0.17777777777777776,trainPep,285
13,5.753108607196298,0.46153846153846156,0.44254681593817674,0.5384615384615384,0.15384615384615385,0.46153846153846156,0.0,0.0,-0.16923076923076927,0.15384615384615385,-20.16923076923077,10.398315238952637,1.8919954870390203,10.68432471390437,0.28571375510302627,0.5384615384615384,0.5384615384615384,0.31553158321348146,0.2485207100591716,trainPep,286
17,5.93142298800147,0.35294117647058826,0.3489072345883218,0.4117647058823529,0.11764705882352941,0.35294117647058826,0.0,0.0,-0.052941176470588255,0.0,99.32941176470588,11.999967765808105,2.1368005201485647,14.40484941622642,0.2857135918384198,0.4117647058823529,0.35294117647058826,0.5991440429392194,0.1453287197231834,trainPep,287
26,1.845277800445888,0.07692307692307693,0.07097222309407261,0.46153846153846156,0.11538461538461539,0.07692307692307693,0.0,0.23076923076923078,0.4653846153846153,0.07692307692307693,42.42307692307692,10.002801704406739,3.53641423712223,3.998093238430741,0.24999945833450696,0.34615384615384615,0.15384615384615385,0.9799431966607262,0.03550295857988166,trainPep,288
22,5.823437818649863,0.2727272727272727,0.2647017190295392,0.3181818181818182,0.18181818181818182,0.2727272727272727,0.0,0.22727272727272727,-1.0909090909090908,0.13636363636363635,33.49090909090909,10.453500175476073,3.550340709546388,18.302175623204754,0.5714267755158484,0.22727272727272727,0.4090909090909091,0.9879645933158698,0.08677685950413222,trainPep,289
16,3.7590726134902988,0.25,0.23494203834314367,0.5625,0.125,0.25,0.0,0.0625,0.5874999999999999,0.125,36.48125,11.999967765808105,3.077819531114783,6.682783876811416,0.22222182716119615,0.4375,0.375,1.2559752161543871,0.140625,trainPep,290
15,-0.26601161004484764,0.0,0.017734107336323177,0.9333333333333333,0.26666666666666666,0.0,0.0,0.0,2.1066666666666674,0.26666666666666666,70.05333333333334,5.494989204406737,2.1735572622751853,0.2850121339636218,0.2857139795921647,0.5333333333333333,0.26666666666666666,0.7141755949944447,0.0,trainPep,291
7,-0.24289538880770023,0.0,0.03469934125824289,0.5714285714285714,0.42857142857142855,0.0,0.0,0.14285714285714285,-0.5857142857142857,0.42857142857142855,88.97142857142858,5.522897148132324,1.8423709931771084,0.42506618654764894,0.7499986875022968,0.5714285714285714,0.0,0.7941456123726117,0.0,trainPep,292
17,3.7340701502959917,0.23529411764705882,0.2196511853115289,0.5294117647058824,0.17647058823529413,0.29411764705882354,0.058823529411764705,0.0,-0.24705882352941178,0.17647058823529413,99.45294117647059,11.999967765808105,2.8221819586428727,7.053230294457427,0.333332703704893,0.35294117647058826,0.47058823529411764,1.3120465150802205,0.18685121107266436,trainPep,293
14,5.844248799746883,0.42857142857142855,0.41744634283906307,0.5,0.07142857142857142,0.42857142857142855,0.0,0.0,0.2214285714285713,0.0,78.27142857142857,11.999967765808105,1.7244078178625923,11.68847422254532,0.14285685714342855,0.5,0.42857142857142855,0.5991440429392194,0.21428571428571427,trainPep,294
16,4.755106609194298,0.3125,0.29719416307464364,0.5,0.0625,0.3125,0.0,0.125,0.2249999999999999,0.0625,12.224999999999998,10.602486610412598,2.524397470347699,9.5101941980002,0.1249997500005,0.375,0.375,1.204610051979337,0.15625,trainPep,295
14,2.7571046111923003,0.21428571428571427,0.19693604365659287,0.5714285714285714,0.0,0.21428571428571427,0.0,0.14285714285714285,1.057142857142857,0.0,-21.03571428571429,10.302063941955566,2.556656707462823,4.82492462596843,0.0,0.5,0.21428571428571427,0.6698696999461901,0.12244897959183672,trainPep,296
18,1.7609040742645101,0.1111111111111111,0.09782800412580611,0.5,0.05555555555555555,0.16666666666666666,0.05555555555555555,0.2222222222222222,0.3499999999999999,0.05555555555555555,83.24444444444444,9.994291877746583,3.572431251322119,3.5218011049268103,0.11111088888933332,0.3888888888888889,0.2222222222222222,0.9411071376927912,0.1111111111111111,trainPep,297
14,1.731990387957151,0.14285714285714285,0.1237135991397965,0.7142857142857143,0.0,0.14285714285714285,0.0,0.14285714285714285,1.7785714285714287,0.0,-4.900000000000001,10.002350425720216,2.699513850319966,2.4247831484436033,0.0,0.5,0.14285714285714285,0.5308064091138566,0.10204081632653061,trainPep,298
18,3.7561056101932997,0.2222222222222222,0.20867253389962775,0.4444444444444444,0.05555555555555555,0.2222222222222222,0.0,0.16666666666666666,0.3833333333333333,0.05555555555555555,-14.138888888888891,10.477740287780762,2.794653473544342,8.451218607693058,0.12499971875063282,0.3888888888888889,0.2777777777777778,1.7273668203101677,0.09876543209876543,trainPep,299
13,1.758103612191301,0.15384615384615385,0.13523873939933084,0.6923076923076923,0.07692307692307693,0.15384615384615385,0.0,0.07692307692307693,1.6153846153846152,0.07692307692307693,-6.046153846153846,10.002737236022949,2.6235166412180155,2.539479327250629,0.11111095061751577,0.5384615384615384,0.23076923076923078,0.6552402037726665,0.10650887573964497,trainPep,300
22,4.106780365409646,0.18181818181818182,0.18667183479134755,0.4090909090909091,0.3181818181818182,0.18181818181818182,0.0,0.09090909090909091,0.0863636363636364,0.13636363636363635,18.87727272727272,11.999967765808105,3.083765141069552,10.038771909558912,0.7777758765478573,0.4090909090909091,0.3181818181818182,1.0413141977481069,0.0743801652892562,trainPep,301
11,2.9367188854823327,0.2727272727272727,0.2669744441347575,0.36363636363636365,0.0,0.2727272727272727,0.0,0.2727272727272727,0.20000000000000015,0.0,36.39090909090909,9.535212516784668,2.913977073182752,8.075954726200917,0.0,0.2727272727272727,0.45454545454545453,1.0991199209065037,0.09917355371900825,trainPep,302
22,3.1435523400734318,0.13636363636363635,0.14288874273061053,0.45454545454545453,0.2727272727272727,0.13636363636363635,0.0,0.09090909090909091,0.409090909090909,0.09090909090909091,8.113636363636354,11.999967765808105,3.1746742319786425,6.915799933401697,0.599998680002904,0.4090909090909091,0.22727272727272727,0.9511422232772975,0.06198347107438016,trainPep,303
22,0.8465203213265764,0.04545454545454544,0.03847819642393529,0.5454545454545454,0.045454545454545456,0.13636363636363635,0.09090909090909091,0.045454545454545456,0.7454545454545454,0.0,2.8636363636363646,8.50507221221924,3.0494520727893937,1.5519510771884153,0.08333318055583565,0.36363636363636365,0.13636363636363635,0.8407461475946613,0.12396694214876032,trainPep,304
24,2.73829163209328,0.125,0.11409548467055335,0.5416666666666666,0.08333333333333333,0.125,0.0,0.16666666666666666,1.2749999999999997,0.08333333333333333,33.091666666666676,9.503945350646973,3.2678941476196224,5.05529829562151,0.15384586982300955,0.375,0.2916666666666667,1.487601907578432,0.06770833333333333,trainPep,305
20,1.4600816781346508,0.1,0.07300408390673255,0.45,0.15,0.2,0.1,0.2,-0.37,0.15000000000000002,39.050000000000004,9.524381828308105,3.2464393446710154,3.244618741146466,0.3333325925942387,0.35,0.35,1.561010612303429,0.13500000000000004,trainPep,306
16,3.7274963950349576,0.25,0.23296852468968485,0.25,0.125,0.3125,0.0625,0.25,-0.45625,0.125,78.66874999999999,9.37333240509033,2.649397470347699,14.90992594043607,0.49999800000800004,0.25,0.625,1.9148448958774638,0.09375,trainPep,307
12,0.8453995603867315,0.08333333333333333,0.07044996336556096,0.4166666666666667,0.16666666666666666,0.16666666666666666,0.08333333333333333,0.08333333333333333,-0.2333333333333334,0.08333333333333333,7.1999999999999975,8.50500774383545,3.084962500721156,2.0289540754383744,0.39999904000230396,0.3333333333333333,0.16666666666666666,0.5094177576579809,0.10416666666666667,trainPep,308
20,4.747173621393287,0.25,0.23735868106966435,0.45,0.25,0.25,0.0,0.25,-0.5349999999999999,0.25,48.980000000000004,11.008766365051269,3.446439344671015,10.549251271426701,0.5555543209903978,0.3,0.5,1.226276296974911,0.1125,trainPep,309
25,1.7582253721321448,0.07999999999999999,0.0703290148852858,0.4,0.0,0.12,0.04,0.16,0.6000000000000001,0.0,28.30400000000001,9.703023719787598,3.303465189601647,4.395552441449259,0.0,0.32,0.12,1.4859659489735508,0.064,trainPep,310
18,1.758103612191301,0.1111111111111111,0.09767242289951672,0.4444444444444444,0.0,0.1111111111111111,0.0,0.2777777777777778,0.6944444444444442,0.0,-6.305555555555556,10.002737236022949,2.4806821149663847,3.9557242270509168,0.0,0.4444444444444444,0.1111111111111111,0.6071849725907835,0.04938271604938271,trainPep,311
19,4.95452286368235,0.2631578947368421,0.2607643612464395,0.5789473684210527,0.05263157894736842,0.2631578947368421,0.0,0.0,0.5210526315789474,0.05263157894736842,22.510526315789473,11.335040855407716,2.984769618706743,8.557797437437577,0.09090893388456874,0.3157894736842105,0.3157894736842105,1.3616076885588788,0.1523545706371191,trainPep,312
22,4.8460702606210955,0.22727272727272724,0.2202759209373225,0.5454545454545454,0.2727272727272727,0.2727272727272727,0.045454545454545456,0.045454545454545456,-0.26363636363636345,0.22727272727272727,65.28636363636363,11.166069221496581,3.3908054820769817,8.884445856321271,0.49999908333501386,0.36363636363636365,0.5,0.8934075544927886,0.17355371900826444,trainPep,313
16,6.733306626998278,0.4375,0.4208316641873924,0.4375,0.0,0.4375,0.0,0.125,0.26875000000000004,0.0,-10.425,10.158557319641112,1.4185644431995963,15.390379969413278,0.0,0.4375,0.5625,2.118524455948727,0.19140625,trainPep,314
25,2.850440299230428,0.12000000000000001,0.11401761196921711,0.44,0.28,0.2,0.08,0.12,-0.524,0.24,-0.37160000000000015,9.6994779586792,3.6234651896016463,6.478258684026691,0.6363621900859318,0.4,0.36,1.012901350864962,0.12320000000000002,trainPep,315
18,4.755106609194298,0.2777777777777778,0.26417258939968324,0.7222222222222222,0.05555555555555555,0.2777777777777778,0.0,0.0,0.7333333333333332,0.05555555555555555,-13.055555555555555,10.602486610412598,1.8016366412706075,6.583984650290281,0.07692297041434865,0.3333333333333333,0.3333333333333333,1.625545280811847,0.2006172839506173,trainPep,316
9,2.7590826133903,0.3333333333333333,0.30656473482114444,0.6666666666666666,0.3333333333333333,0.3333333333333333,0.0,0.0,0.022222222222221946,0.3333333333333333,114.22222222222224,11.999967765808105,2.5032583347756456,4.138617712158882,0.499999250001125,0.4444444444444444,0.6666666666666666,1.6738971040622348,0.2222222222222222,trainPep,317
13,0.7591026131903019,0.07692307692307693,0.0583925087069463,0.6153846153846154,0.07692307692307693,0.07692307692307693,0.0,0.0,1.8000000000000003,0.07692307692307693,20.476923076923075,8.750052070617677,2.1416195253341384,1.2335397419321599,0.12499979687533007,0.6153846153846154,0.15384615384615385,0.4943115686333321,0.04733727810650888,trainPep,318
15,4.757907071267507,0.33333333333333337,0.31719380475116715,0.4666666666666667,0.26666666666666666,0.4,0.06666666666666667,0.06666666666666667,-1.0066666666666668,0.26666666666666666,1.0199999999999996,10.582759284973143,2.732914563979398,10.195493305230432,0.5714273469413994,0.3333333333333333,0.6666666666666666,0.7759665226631886,0.2177777777777778,trainPep,319
25,4.8423925574897275,0.19999999999999998,0.1936957022995891,0.44,0.16,0.24,0.04,0.08,-0.2240000000000001,0.12,23.464,10.295294761657711,3.399079570624174,11.005412618357067,0.36363553719196096,0.32,0.32,1.303455104052226,0.12319999999999999,trainPep,320
13,2.757226371133144,0.23076923076923078,0.21209433624101107,0.5384615384615384,0.07692307692307693,0.3076923076923077,0.07692307692307693,0.07692307692307693,0.2153846153846153,0.07692307692307693,33.223076923076924,10.00138339996338,2.7773627950641693,5.120553751076016,0.14285687755151313,0.46153846153846156,0.38461538461538464,1.1387649158321784,0.20710059171597633,trainPep,321
12,0.73829163209328,0.08333333333333333,0.06152430267444,0.5833333333333334,0.16666666666666666,0.08333333333333333,0.0,0.16666666666666666,1.1249999999999998,0.16666666666666666,42.550000000000004,8.04515476226807,2.9182958340544896,1.2656406282045458,0.2857137959192069,0.5,0.25,0.1847027164317015,0.04861111111111111,trainPep,322
12,2.7571046111923003,0.25,0.22975871759935837,0.5833333333333334,0.0,0.25,0.0,0.0,1.1333333333333335,0.0,-26.208333333333336,10.302063941955566,1.8879185026711327,4.726456945260608,0.0,0.4166666666666667,0.25,0.9004987661289061,0.14583333333333334,trainPep,323
26,5.841281796449885,0.23076923076923078,0.22466468447884175,0.5,0.15384615384615385,0.23076923076923078,0.0,0.23076923076923078,0.19615384615384615,0.11538461538461539,5.450000000000001,10.699318122863769,3.093730583109656,11.682540227819313,0.30769169230892307,0.3076923076923077,0.34615384615384615,0.7227031582694153,0.11538461538461539,trainPep,324
15,3.7600616145892984,0.26666666666666666,0.25067077430595325,0.4666666666666667,0.3333333333333333,0.26666666666666666,0.0,0.06666666666666667,-0.7600000000000001,0.33333333333333337,116.64666666666668,11.999967765808105,2.789898095464287,8.05725762285359,0.7142841836767493,0.26666666666666666,0.6,0.8648378464179142,0.12444444444444444,trainPep,325
17,5.754107608195298,0.35294117647058826,0.33847691812913516,0.6470588235294118,0.17647058823529413,0.35294117647058826,0.0,0.0,-0.017647058823529127,0.1764705882352941,0.5705882352941181,10.699318122863769,2.0274893113295236,8.892698014859437,0.2727268512403208,0.23529411764705882,0.5294117647058824,2.0667506258258572,0.22837370242214536,trainPep,326
21,-0.8857892092053583,-0.047619047619047616,0.042180438533588493,0.47619047619047616,0.2857142857142857,0.047619047619047616,0.09523809523809523,0.047619047619047616,0.4523809523809524,0.09523809523809523,15.666666666666664,6.425216102600097,3.1182751607709758,1.8601534330090432,0.5999987400026461,0.42857142857142855,0.14285714285714285,1.3456854657630972,0.06802721088435373,trainPep,327
15,5.754107608195298,0.4,0.3836071738796865,0.4666666666666667,0.2,0.4,0.0,0.0,-0.6866666666666668,0.2,-9.44,10.699318122863769,2.2892464285091583,12.330204167123853,0.4285705102060496,0.2,0.6,1.4847855238697292,0.18666666666666668,trainPep,328
15,1.757094611292299,0.13333333333333333,0.11713964075281993,0.6,0.2,0.13333333333333333,0.0,0.13333333333333333,0.24666666666666667,0.2,22.406666666666666,9.699800300598145,3.3735572622751855,2.928486138010268,0.33333277777870374,0.4666666666666667,0.2,0.9781447692897807,0.08,trainPep,329
22,5.822448817550862,0.2727272727272727,0.2646567644341301,0.3181818181818182,0.18181818181818182,0.2727272727272727,0.0,0.22727272727272727,-1.0636363636363635,0.13636363636363635,22.53181818181818,10.202653694152833,3.5726236638951634,18.299067343805344,0.5714267755158484,0.22727272727272727,0.4090909090909091,0.9879645933158698,0.08677685950413222,trainPep,330
20,7.758043612791294,0.4,0.3879021806395647,0.4,0.3,0.4,0.0,0.2,-1.89,0.30000000000000004,92.21,11.999967765808105,2.6464393446710153,19.395060544326874,0.7499981250046874,0.2,0.7,0.876279146581647,0.16000000000000003,trainPep,331
20,5.753108607196298,0.3,0.2876554303598149,0.6,0.1,0.3,0.0,0.0,0.7600000000000001,0.1,-15.970000000000002,10.398315238952637,2.6659573209491745,9.588498364496555,0.16666638888935187,0.5,0.35,1.7008466758652467,0.18,trainPep,332
12,3.7561056101932997,0.3333333333333333,0.31300880084944166,0.6666666666666666,0.0,0.3333333333333333,0.0,0.0,1.2333333333333332,0.0,-33.28333333333334,10.477740287780762,0.9182958340544896,5.634149964065004,0.0,0.6666666666666666,0.3333333333333333,0.2168050275233992,0.2222222222222222,trainPep,333
16,2.7590826133903,0.1875,0.17244266333689376,0.4375,0.0625,0.1875,0.0,0.0625,0.8687499999999999,0.0625,11.393750000000002,11.999967765808105,3.202819531114783,6.306460130126103,0.14285681632727698,0.3125,0.25,0.3571079238158219,0.08203125,trainPep,334
23,2.055389150719845,0.08695652173913043,0.08936474568347152,0.5652173913043478,0.34782608695652173,0.08695652173913043,0.0,0.08695652173913043,0.7565217391304345,0.21739130434782608,-16.182608695652174,9.995129966735842,3.3816201079487347,3.636451294475128,0.6153835266291452,0.5217391304347826,0.2608695652173913,0.6740399166500142,0.04914933837429111,trainPep,335
17,6.733306626998278,0.4117647058823529,0.3960768604116634,0.47058823529411764,0.0,0.4117647058823529,0.0,0.11764705882352941,0.4764705882352941,0.0,-9.223529411764705,10.158557319641112,1.402081402756032,14.308246177348215,0.0,0.47058823529411764,0.5294117647058824,1.6055425479093233,0.19377162629757785,trainPep,336
17,3.848058262719095,0.23529411764705882,0.22635636839524087,0.47058823529411764,0.17647058823529413,0.29411764705882354,0.058823529411764705,0.058823529411764705,-0.5764705882352942,0.11764705882352941,96.7294117647059,11.723011589050294,3.1018812234760182,8.177106431926909,0.3749992031266934,0.35294117647058826,0.4117647058823529,1.1063783230697513,0.1660899653979239,trainPep,337
15,2.7571046111923003,0.2,0.18380697407948668,0.4666666666666667,0.06666666666666667,0.2,0.0,0.13333333333333333,0.43333333333333335,0.06666666666666667,2.399999999999999,10.302063941955566,3.1898980954642875,5.908068649550681,0.14285683673534985,0.3333333333333333,0.26666666666666666,1.3258583134162618,0.09333333333333334,trainPep,338
16,4.7570846113922975,0.3125,0.2973177882120186,0.625,0.375,0.3125,0.0,0.0625,-0.7875,0.375,14.793749999999996,11.999967765808105,2.48345859334435,7.611323200110555,0.5999990400015359,0.25,0.6875,0.972404458238859,0.1953125,trainPep,339
16,6.757064611592296,0.4375,0.4223165382245185,0.4375,0.0,0.4375,0.0,0.0,0.06249999999999992,0.0,38.6625,11.999967765808105,1.8496017527145814,15.444683810076539,0.0,0.4375,0.4375,1.2210420376692221,0.19140625,trainPep,340
13,0.7591026131903019,0.07692307692307693,0.0583925087069463,0.6153846153846154,0.07692307692307693,0.07692307692307693,0.0,0.07692307692307693,1.7076923076923078,0.07692307692307693,5.661538461538462,8.750052070617677,2.4416298737872246,1.2335397419321599,0.12499979687533007,0.5384615384615384,0.15384615384615385,0.6939284070350852,0.04733727810650888,trainPep,341
23,2.846090260421097,0.13043478260869565,0.12374305480091725,0.391304347826087,0.17391304347826086,0.17391304347826086,0.043478260869565216,0.13043478260869565,-0.004347826086956555,0.13043478260869565,-3.7956521739130435,10.00138339996338,3.2405282602167116,7.273323189250209,0.4444433086448779,0.2608695652173913,0.30434782608695654,1.0190550139610643,0.08506616257088848,trainPep,342
10,-2.24674539405481,-0.19999999999999998,0.224674539405481,0.3,0.1,0.1,0.3,0.3,-1.1800000000000002,0.1,0.5099999999999998,4.0500284194946286,3.1219280948873624,7.489126349761535,0.33333222222592596,0.2,0.2,0.6762894558759263,0.12,trainPep,343
15,6.754097608295297,0.4666666666666667,0.45027317388635313,0.4666666666666667,0.26666666666666666,0.4666666666666667,0.0,0.06666666666666667,-1.0333333333333334,0.26666666666666666,-4.639999999999999,11.433484077453613,2.4729055953200563,14.473035289842873,0.5714273469413994,0.3333333333333333,0.7333333333333333,0.8027270857295586,0.2177777777777778,trainPep,344
25,0.9335627497403183,0.04,0.03734250998961273,0.56,0.2,0.08,0.04,0.16,0.24800000000000008,0.12,19.06,8.604224586486819,3.5394705707972514,1.6670733619052789,0.3571422193888939,0.36,0.16,1.381569729674059,0.06720000000000001,trainPep,345
19,4.755106609194298,0.2631578947368421,0.2502687689049631,0.5789473684210527,0.10526315789473684,0.2631578947368421,0.0,0.05263157894736842,0.7210526315789475,0.10526315789473684,-2.494736842105263,10.602486610412598,2.965583935727781,8.213351774637085,0.18181786776913747,0.42105263157894735,0.3684210526315789,0.9779731267849793,0.1523545706371191,trainPep,346
20,2.9565208656803525,0.15,0.14782604328401763,0.55,0.05,0.15,0.0,0.2,1.04,0.05,46.2,11.168776893615721,2.9414460711655215,5.375482709450259,0.09090892562013522,0.45,0.2,0.7756419560938952,0.0825,trainPep,347
14,1.8442587996468849,0.14285714285714285,0.1317327714033489,0.5,0.5,0.14285714285714285,0.0,0.07142857142857142,-0.3857142857142857,0.42857142857142855,59.807142857142864,9.69677028656006,2.6455933144511468,3.688510222273325,0.999998000004,0.5,0.35714285714285715,1.3027133434814393,0.07142857142857142,trainPep,348
20,-1.0360467493990178,-0.04999999999999999,0.05180233746995089,0.4,0.15,0.1,0.15,0.2,-0.7100000000000001,0.15000000000000002,32.915,4.787059593200683,3.346439344671015,2.5901103982215488,0.3749990625023437,0.35,0.15,1.392372310440402,0.1,trainPep,349
12,1.020625177954063,0.08333333333333333,0.08505209816283858,0.3333333333333333,0.3333333333333333,0.08333333333333333,0.0,0.25,-0.725,0.08333333333333333,-21.51666666666667,8.770875358581542,2.8553885422075336,3.0618663482631443,0.999997000009,0.3333333333333333,0.16666666666666666,1.5075288137856548,0.027777777777777776,trainPep,350
25,5.106770365509645,0.2,0.2042708146203858,0.48,0.28,0.2,0.0,0.0,-0.04800000000000001,0.12,73.072,11.999967765808105,3.193269689515108,10.639082763389338,0.5833321180580875,0.32,0.32,1.550538225973609,0.096,trainPep,351
14,4.755096609294297,0.35714285714285715,0.3396497578067355,0.42857142857142855,0.14285714285714285,0.35714285714285715,0.0,0.14285714285714285,-0.9,0.14285714285714285,76.97142857142856,10.582759284973143,2.950212064914747,11.095199532887785,0.3333325555573704,0.35714285714285715,0.42857142857142855,1.0127201062339564,0.15306122448979592,trainPep,352
13,3.758083612391299,0.3076923076923077,0.28908335479933067,0.6153846153846154,0.15384615384615385,0.3076923076923077,0.0,0.07692307692307693,0.8384615384615386,0.15384615384615385,21.246153846153845,11.999967765808105,2.7192945256669794,6.106875946462448,0.24999959375066014,0.5384615384615384,0.46153846153846156,0.47555365853670256,0.18934911242603553,trainPep,353
19,2.7373026309942805,0.15789473684210525,0.14406855952601477,0.47368421052631576,0.0,0.15789473684210525,0.0,0.15789473684210525,1.3263157894736843,0.0,18.36842105263158,9.390158653259277,3.221097250057957,5.778737799208128,0.0,0.3684210526315789,0.2631578947368421,1.4592782069649457,0.07479224376731301,trainPep,354
13,0.021624178953063455,0.0,0.0016633983810048813,0.6153846153846154,0.38461538461538464,0.0,0.0,0.0,1.3923076923076922,0.15384615384615385,45.9923076923077,7.022423362731933,2.5073801024236357,0.035139233697473356,0.6249989843766504,0.5384615384615384,0.15384615384615385,0.6169465165057285,0.0,trainPep,355
13,0.8462768014448888,0.07692307692307693,0.06509821549576068,0.6923076923076923,0.23076923076923078,0.07692307692307693,0.0,0.07692307692307693,1.5307692307692307,0.15384615384615385,-3.8307692307692314,8.757208061218265,2.4996981431844145,1.222398058623199,0.33333285185254735,0.5384615384615384,0.23076923076923078,0.5493967384437878,0.05325443786982249,trainPep,356
14,3.7918785838580837,0.2857142857142857,0.2708484702755774,0.6428571428571429,0.07142857142857142,0.2857142857142857,0.0,0.07142857142857142,0.5428571428571428,0.07142857142857142,8.007142857142854,10.47786922454834,2.3248629576173565,5.89846862171694,0.11111093827187378,0.35714285714285715,0.35714285714285715,0.6153904677012871,0.1836734693877551,trainPep,357
12,1.844278799446887,0.16666666666666666,0.15368989995390725,0.4166666666666667,0.16666666666666666,0.16666666666666666,0.0,0.08333333333333333,-0.07500000000000005,0.08333333333333333,16.96666666666667,9.703152656555176,3.084962500721156,4.42625849565214,0.39999904000230396,0.3333333333333333,0.16666666666666666,1.1947251558001253,0.06944444444444445,trainPep,358
12,2.845267800545887,0.25,0.23710565004549058,0.4166666666666667,0.16666666666666666,0.25,0.0,0.08333333333333333,0.07500000000000002,0.08333333333333333,11.06666666666667,11.16626262664795,3.084962500721156,6.828626332606931,0.39999904000230396,0.3333333333333333,0.3333333333333333,0.45351750783723754,0.10416666666666667,trainPep,359
23,2.846090260421097,0.13043478260869565,0.12374305480091725,0.4782608695652174,0.17391304347826086,0.17391304347826086,0.043478260869565216,0.13043478260869565,0.27391304347826084,0.13043478260869565,10.556521739130435,10.00138339996338,3.36030597770208,5.950903556263949,0.3636356033073749,0.30434782608695654,0.30434782608695654,1.066912490097746,0.10396975425330812,trainPep,360
17,0.7591026131903019,0.058823529411764705,0.04465309489354717,0.6470588235294118,0.058823529411764705,0.058823529411764705,0.0,0.058823529411764705,1.9000000000000004,0.058823529411764705,53.56470588235296,8.750052070617677,2.7719023720385585,1.1731567709609114,0.09090895041344026,0.6470588235294118,0.11764705882352941,0.7699782587594908,0.03806228373702422,trainPep,361
23,2.846090260421097,0.13043478260869565,0.12374305480091725,0.391304347826087,0.13043478260869565,0.17391304347826086,0.043478260869565216,0.13043478260869565,0.039130434782608664,0.08695652173913043,-0.10434782608695584,10.00138339996338,3.36030597770208,7.273323189250209,0.3333324814836584,0.2608695652173913,0.2608695652173913,0.9326397582941971,0.08506616257088848,trainPep,362
24,10.75303860789629,0.4583333333333333,0.44804327532901206,0.5,0.20833333333333334,0.4583333333333333,0.0,0.0,-0.9583333333333335,0.20833333333333331,91.10416666666666,11.897205162048337,2.750961982762677,21.50603420372417,0.416665833335,0.4583333333333333,0.5416666666666666,1.3689435177762705,0.22916666666666666,trainPep,363
19,2.751982085364499,0.15789473684210525,0.14484116238760522,0.21052631578947367,0.0,0.21052631578947367,0.05263157894736842,0.10526315789473684,0.06315789473684201,0.0,18.868421052631575,10.763593101501463,2.9258530145612824,13.071852814180504,0.0,0.21052631578947367,0.2631578947368421,1.3790591073373255,0.05540166204986149,trainPep,364
14,2.792857585057082,0.21428571428571427,0.1994898275040773,0.6428571428571429,0.21428571428571427,0.21428571428571427,0.0,0.0,0.32142857142857145,0.21428571428571427,0.7857142857142867,10.2782751083374,3.039148671903071,4.344438374295767,0.3333328148156213,0.5,0.2857142857142857,0.775221286779833,0.13775510204081634,trainPep,365
20,1.7611923754291439,0.09999999999999999,0.0880596187714572,0.55,0.1,0.15,0.05,0.1,0.4050000000000001,0.1,17.01,11.69902935028076,3.3086949695628416,3.202162133212746,0.18181785124027044,0.3,0.25,0.7618380115693563,0.11000000000000001,trainPep,366
12,3.7600616145892984,0.3333333333333333,0.3133384678824415,0.6666666666666666,0.0,0.3333333333333333,0.0,0.0,0.9166666666666666,0.0,72.95,11.999967765808105,2.188721875540867,5.640083961758005,0.0,0.5,0.3333333333333333,2.0601168764913727,0.2222222222222222,trainPep,367
13,0.7591026131903019,0.07692307692307693,0.0583925087069463,0.6923076923076923,0.23076923076923078,0.07692307692307693,0.0,0.15384615384615385,1.7461538461538466,0.23076923076923078,2.7,8.750052070617677,2.7192945256669794,1.0964799685815927,0.33333285185254735,0.5384615384615384,0.3076923076923077,0.525223480125856,0.05325443786982249,trainPep,368
25,5.815800096877176,0.24,0.23263200387508703,0.2,0.08,0.32,0.08,0.24,-1.3359999999999999,0.08,54.32000000000001,10.453758049011228,3.6838561897747235,29.078855090110427,0.3999980000099999,0.12,0.48,1.6455975966561043,0.08000000000000002,trainPep,369
12,3.7600616145892984,0.3333333333333333,0.3133384678824415,0.5,0.0,0.3333333333333333,0.0,0.16666666666666666,0.4833333333333334,0.0,34.19166666666667,11.999967765808105,2.188721875540867,7.520108188962219,0.0,0.5,0.3333333333333333,1.2178190166660268,0.16666666666666666,trainPep,370
15,2.756095610293298,0.2,0.18373970735288653,0.5333333333333333,0.2,0.2,0.0,0.13333333333333333,-0.2933333333333333,0.2,15.226666666666668,9.9971284866333,3.373557262275185,5.167669579919471,0.3749992968763184,0.4,0.26666666666666666,1.1961431345451752,0.10666666666666667,trainPep,371
18,1.4983566855433432,0.1111111111111111,0.0832420380857413,0.7777777777777778,0.1111111111111111,0.1111111111111111,0.0,0.0,1.6222222222222222,0.1111111111111111,26.12777777777778,10.000867652893067,2.6688388898504303,1.9264561188264313,0.14285695918390962,0.3888888888888889,0.2222222222222222,1.1214439691798221,0.08641975308641975,trainPep,372
16,4.758063612591297,0.3125,0.29737897578695605,0.3125,0.125,0.3125,0.0,0.3125,-1.6125,0.125,10.306250000000002,11.999967765808105,3.077819531114783,15.22575483787667,0.39999872000409603,0.3125,0.375,1.248182946059959,0.09765625,trainPep,373
23,0.8272872812220773,0.043478260869565216,0.03596901222704684,0.5217391304347826,0.13043478260869565,0.08695652173913043,0.043478260869565216,0.17391304347826086,0.7956521739130433,0.08695652173913043,1.756521739130435,8.042898368835449,3.381620107948735,1.5856309165497247,0.24999952083425173,0.2608695652173913,0.21739130434782608,1.1588647684186506,0.06805293005671077,trainPep,374
7,-1.1631723813020067,-0.14285714285714285,0.16616748304314383,0.42857142857142855,0.2857142857142857,0.0,0.14285714285714285,0.0,-0.20000000000000004,0.2857142857142857,69.91428571428571,4.0500284194946286,2.521640636343318,2.71406255689205,0.6666651111147408,0.2857142857142857,0.2857142857142857,0.491965473071874,0.06122448979591836,trainPep,375
18,1.758103612191301,0.1111111111111111,0.09767242289951672,0.4444444444444444,0.0,0.1111111111111111,0.0,0.2777777777777778,0.6944444444444442,0.0,-14.138888888888891,10.002737236022949,2.4806821149663847,3.9557242270509168,0.0,0.4444444444444444,0.1111111111111111,0.607184972590784,0.04938271604938271,trainPep,376
19,1.758103612191301,0.10526315789473684,0.09253176906270005,0.5789473684210527,0.10526315789473684,0.10526315789473684,0.0,0.15789473684210525,1.1631578947368422,0.10526315789473684,1.5578947368421066,10.002737236022949,3.3263604079526936,3.0367191758154886,0.18181786776913747,0.42105263157894735,0.21052631578947367,0.6034477686492207,0.060941828254847646,trainPep,377
11,4.754107608195298,0.45454545454545453,0.4321916007450271,0.5454545454545454,0.18181818181818182,0.45454545454545453,0.0,0.0,-0.1909090909090909,0.18181818181818182,-10.218181818181815,10.301548194885253,1.971747257128181,8.715847969303436,0.3333327222233426,0.5454545454545454,0.5454545454545454,0.3155315832134813,0.24793388429752064,trainPep,378
15,1.0206151780540615,0.06666666666666667,0.06804101187027077,0.4666666666666667,0.4,0.06666666666666667,0.0,0.13333333333333333,-0.21333333333333335,0.2,47.75333333333333,8.76849002838135,3.3232314287976203,2.1870278379133365,0.8571410204120992,0.4,0.2,0.9245634860544097,0.03111111111111111,trainPep,379
15,1.758103612191301,0.13333333333333333,0.11720690747942006,0.5333333333333333,0.06666666666666667,0.13333333333333333,0.0,0.13333333333333333,1.4133333333333336,0.06666666666666667,30.873333333333328,10.002737236022949,2.7329145639793975,3.2964380920372665,0.12499976562543945,0.5333333333333333,0.2,0.5400905881172486,0.07111111111111111,trainPep,380
24,2.7604072727404474,0.125,0.11501696969751864,0.5,0.125,0.16666666666666666,0.041666666666666664,0.16666666666666666,0.39166666666666655,0.125,2.424999999999997,10.00138339996338,3.355388542207534,5.5208035038738865,0.249999500001,0.3333333333333333,0.2916666666666667,1.5098004132392993,0.10416666666666666,trainPep,381
21,7.733286627198275,0.38095238095238093,0.36825174415229883,0.38095238095238093,0.3333333333333333,0.38095238095238093,0.0,0.09523809523809523,-0.9714285714285709,0.3333333333333333,24.671428571428567,10.406180381774899,2.784010874644601,20.29982410935719,0.8749977031310293,0.23809523809523808,0.7619047619047619,1.2276238078639454,0.14512471655328796,trainPep,382
27,-2.2294220189351712,-0.07407407407407407,0.08257118588648782,0.37037037037037035,0.0,0.14814814814814814,0.2222222222222222,0.2222222222222222,-0.6444444444444445,0.0,37.16666666666667,4.656898307800293,3.3521355399069055,6.019423198682326,0.0,0.3333333333333333,0.14814814814814814,1.0678261079977636,0.1371742112482853,trainPep,383
21,3.7372926310942796,0.19047619047619047,0.17796631576639427,0.5238095238095238,0.09523809523809523,0.19047619047619047,0.0,0.19047619047619047,0.8476190476190478,0.09523809523809523,3.452380952380953,9.850656318664551,3.27280432733462,7.1348177656187985,0.18181783471140642,0.38095238095238093,0.38095238095238093,1.1045494784352494,0.09977324263038549,trainPep,384
10,1.0446940549339403,0.1,0.10446940549339404,0.5,0.2,0.1,0.0,0.2,0.5700000000000001,0.1,36.03,9.178315544128417,2.6464393446710153,2.089383931100018,0.3999992000016,0.5,0.1,0.6700489529661262,0.05,trainPep,385
10,2.7571046111923003,0.3,0.27571046111923003,0.6,0.0,0.3,0.0,0.0,1.3599999999999999,0.0,-8.579999999999998,10.302063941955566,2.1709505944546685,4.595166693376012,0.0,0.6,0.3,0.2665351449394034,0.18,trainPep,386
17,5.754107608195298,0.35294117647058826,0.33847691812913516,0.6470588235294118,0.17647058823529413,0.35294117647058826,0.0,0.0,0.21764705882352942,0.1764705882352941,-23.25294117647059,10.699318122863769,2.116299605701696,8.892698014859437,0.2727268512403208,0.35294117647058826,0.5294117647058824,0.46204216416476035,0.22837370242214536,trainPep,387
9,2.7600716144892994,0.3333333333333333,0.3066746238321444,0.6666666666666666,0.3333333333333333,0.3333333333333333,0.0,0.0,-0.4111111111111112,0.3333333333333333,149.8888888888889,11.999967765808105,2.113283334294875,4.140101211582132,0.499999250001125,0.3333333333333333,0.6666666666666666,2.1102313807356547,0.2222222222222222,trainPep,388
23,2.846090260421097,0.13043478260869565,0.12374305480091725,0.34782608695652173,0.17391304347826086,0.17391304347826086,0.043478260869565216,0.17391304347826086,-0.07391304347826089,0.13043478260869565,2.8086956521739133,10.00138339996338,3.327484781955842,8.182485974063479,0.4999985625041328,0.30434782608695654,0.30434782608695654,1.2699148348446174,0.07561436672967864,trainPep,389
18,2.7590378321073534,0.16666666666666669,0.15327987956151964,0.4444444444444444,0.1111111111111111,0.2777777777777778,0.1111111111111111,0.1111111111111111,-0.18333333333333338,0.1111111111111111,-30.866666666666674,9.825642585754395,3.080500530640267,6.207821154643948,0.24999943750126563,0.4444444444444444,0.3888888888888889,0.8377492539400813,0.1728395061728395,trainPep,390
20,2.020615178054062,0.1,0.1010307589027031,0.55,0.35,0.1,0.0,0.0,1.05,0.2,23.965,11.000901222229004,3.108694969562842,3.6738390985726603,0.6363624793409465,0.5,0.3,0.8212432999274345,0.05500000000000001,trainPep,391
14,-2.2396548659290105,-0.14285714285714285,0.1599753475663579,0.5,0.14285714285714285,0.0,0.14285714285714285,0.2857142857142857,0.20714285714285724,0.14285714285714285,71.34285714285714,4.0500284194946286,2.4677201004744993,4.479300773256474,0.2857137142868571,0.2857142857142857,0.0,1.284261921842932,0.07142857142857142,trainPep,392
25,3.456150455221596,0.16,0.13824601820886384,0.4,0.04,0.16,0.0,0.28,0.3319999999999997,0.04,29.124000000000002,10.477289009094235,3.223465189601647,8.640354537167648,0.099999750000625,0.36,0.2,1.349754940971546,0.064,trainPep,393
14,0.7592243731311454,0.07142857142857142,0.05423031236651039,0.5714285714285714,0.07142857142857142,0.14285714285714285,0.07142857142857142,0.0,0.6499999999999998,0.07142857142857142,10.914285714285715,8.59094409942627,2.8073549220576037,1.3286403278589307,0.1249997812503828,0.2857142857142857,0.21428571428571427,0.4871285195072744,0.12244897959183672,trainPep,394
15,1.8452578006458857,0.13333333333333333,0.12301718670972571,0.4666666666666667,0.4,0.13333333333333333,0.0,0.06666666666666667,-0.18000000000000013,0.33333333333333337,61.513333333333335,9.98623332977295,2.7898980954642867,3.954115385422501,0.8571410204120992,0.4,0.3333333333333333,1.3027133434814393,0.06222222222222222,trainPep,395
12,2.8442787994468874,0.25,0.23702323328724062,0.5833333333333334,0.16666666666666666,0.25,0.0,0.08333333333333333,0.3,0.08333333333333333,39.04166666666667,10.302063941955566,2.6258145836939115,4.87589815465497,0.2857137959192069,0.4166666666666667,0.3333333333333333,0.8153007376897826,0.14583333333333334,trainPep,396
18,-2.5445907869876687,-0.1111111111111111,0.14136615483264825,0.5,0.2222222222222222,0.1111111111111111,0.2222222222222222,0.16666666666666666,-0.1833333333333334,0.2222222222222222,30.522222222222215,4.22537670135498,3.4193819456463714,5.089171395632546,0.4444435555573333,0.2777777777777778,0.3888888888888889,1.0338327244134318,0.16666666666666666,trainPep,397
17,3.7561056101932997,0.23529411764705882,0.22094738883489998,0.4117647058823529,0.11764705882352941,0.23529411764705882,0.0,0.35294117647058826,0.18235294117647052,0.11764705882352941,6.905882352941178,10.477740287780762,2.5810134015775863,9.121948614308522,0.2857135918384198,0.35294117647058826,0.35294117647058826,0.6235184839309119,0.09688581314878893,trainPep,398
27,6.753108607196297,0.25925925925925924,0.25011513359986287,0.48148148148148145,0.07407407407407407,0.25925925925925924,0.0,0.2222222222222222,0.16666666666666666,0.07407407407407407,-5.7407407407407405,10.778420829772951,3.0542894665748155,14.025657977041128,0.15384583432019028,0.2962962962962963,0.3333333333333333,1.5276407465391224,0.12482853223593963,trainPep,399
12,0.7591026131903019,0.08333333333333333,0.06325855109919183,0.5833333333333334,0.0,0.08333333333333333,0.0,0.16666666666666666,1.6916666666666667,0.0,-4.983333333333334,8.750052070617677,1.6140054628542204,1.3013165346407438,0.0,0.5833333333333334,0.08333333333333333,0.5324818807989506,0.04861111111111111,trainPep,400
15,-1.598881183619319,-0.06666666666666667,0.10659207890795461,0.5333333333333333,0.13333333333333333,0.06666666666666667,0.13333333333333333,0.13333333333333333,0.35999999999999993,0.13333333333333333,-26.386666666666663,4.368156242370605,3.189898095464287,2.9978965982301014,0.2499995312508789,0.3333333333333333,0.13333333333333333,0.9262298494892292,0.10666666666666667,trainPep,401
11,3.845257800645886,0.36363636363636365,0.34956889096780785,0.5454545454545454,0.09090909090909091,0.36363636363636365,0.0,0.0,0.6363636363636362,0.0,44.81818181818181,11.999967765808105,1.6858157091530304,7.0496263768691,0.1666663611116713,0.5454545454545454,0.36363636363636365,0.5889438630914839,0.1983471074380165,trainPep,402
17,4.042666053235935,0.23529411764705882,0.2378038854844668,0.35294117647058826,0.29411764705882354,0.23529411764705882,0.0,0.058823529411764705,-1.670588235294118,0.23529411764705882,54.576470588235296,10.933273887634279,2.654255313215029,11.45418803063573,0.8333309722289121,0.23529411764705882,0.29411764705882354,1.1561526957781874,0.08304498269896195,trainPep,403
16,5.754107608195298,0.375,0.3596317255122061,0.4375,0.125,0.375,0.0,0.1875,-0.32499999999999996,0.125,11.7625,10.699318122863769,2.6556390622295662,13.152215899381483,0.28571363265455396,0.375,0.5,0.7373289008316561,0.1640625,trainPep,404
13,0.7591026131903019,0.07692307692307693,0.0583925087069463,0.6153846153846154,0.15384615384615385,0.07692307692307693,0.0,0.15384615384615385,0.9615384615384616,0.15384615384615385,30.40769230769231,8.750052070617677,3.085055102756477,1.2335397419321599,0.24999959375066014,0.38461538461538464,0.23076923076923078,0.6352925304681917,0.04733727810650888,trainPep,405
24,5.754107608195298,0.25,0.2397544836748041,0.5,0.2916666666666667,0.25,0.0,0.08333333333333333,-0.48333333333333267,0.2916666666666667,2.208333333333333,10.699318122863769,2.677694271103767,11.508192200006196,0.583332166669,0.25,0.5416666666666666,1.3332015630636418,0.125,trainPep,406
16,6.757064611592296,0.4375,0.4223165382245185,0.4375,0.0,0.4375,0.0,0.0,0.06249999999999992,0.0,48.781249999999986,11.999967765808105,1.8496017527145812,15.444683810076539,0.0,0.4375,0.4375,1.2701773065058302,0.19140625,trainPep,407
21,2.7373026309942805,0.14285714285714285,0.13034774433306098,0.38095238095238093,0.047619047619047616,0.14285714285714285,0.0,0.14285714285714285,1.0904761904761904,0.047619047619047616,-1.5190476190476188,9.390158653259277,2.855904922469693,7.185400544683557,0.12499967187586133,0.38095238095238093,0.2857142857142857,1.1428818168859893,0.054421768707482984,trainPep,408
11,2.7571046111923003,0.2727272727272727,0.25064587374475455,0.6363636363636364,0.36363636363636365,0.2727272727272727,0.0,0.0,0.09999999999999985,0.36363636363636365,4.199999999999999,10.302063941955566,2.481714572986073,4.3325861520953755,0.5714276734707988,0.36363636363636365,0.6363636363636364,0.9194406668133651,0.17355371900826444,trainPep,409
27,8.751110605198296,0.3333333333333333,0.3241152075999369,0.4444444444444444,0.1111111111111111,0.3333333333333333,0.0,0.2222222222222222,-0.5222222222222223,0.1111111111111111,31.44814814814815,10.903296089172361,2.4193819456463714,19.68995455929841,0.24999943750126563,0.2222222222222222,0.4444444444444444,1.077624048343138,0.14814814814814814,trainPep,410
12,0.4833727806232131,0.08333333333333333,0.04028106505193443,0.4166666666666667,0.25,0.08333333333333333,0.0,0.16666666666666666,0.2749999999999999,0.16666666666666666,19.108333333333334,8.286588859558108,3.2516291673878226,1.1600918892751773,0.599998560003456,0.4166666666666667,0.16666666666666666,0.5869072764320148,0.034722222222222224,trainPep,411
18,0.49959920642403155,0.05555555555555555,0.027755511468001752,0.5,0.1111111111111111,0.16666666666666666,0.1111111111111111,0.05555555555555555,0.9888888888888892,0.1111111111111111,-23.044444444444448,8.254096794128419,2.927451224964519,0.9991964144552341,0.22222177777866664,0.5,0.2777777777777778,1.1247694489301623,0.1388888888888889,trainPep,412
23,1.8482000224599413,0.08695652173913043,0.08035652271564962,0.5217391304347826,0.043478260869565216,0.17391304347826086,0.08695652173913043,0.08695652173913043,0.40000000000000013,0.0,-3.3608695652173908,9.699929237365723,3.257500413502068,3.542376586826429,0.08333317361141725,0.30434782608695654,0.17391304347826086,1.0424467532982151,0.13610586011342155,trainPep,413
13,6.754097608295297,0.5384615384615384,0.5195459698688689,0.46153846153846156,0.23076923076923078,0.5384615384615384,0.0,0.0,-1.6307692307692299,0.23076923076923078,21.684615384615384,11.433484077453613,1.9877733714879842,14.633846444639179,0.4999989166690139,0.15384615384615385,0.7692307692307693,1.120055513642198,0.2485207100591716,trainPep,414
15,2.7571046111923003,0.2,0.18380697407948668,0.5333333333333333,0.06666666666666667,0.2,0.0,0.2,0.7600000000000001,0.06666666666666667,-23.326666666666668,10.302063941955566,3.0565647621309537,5.169561453057838,0.12499976562543945,0.4666666666666667,0.26666666666666666,0.7205336562216919,0.10666666666666667,trainPep,415
23,2.019727937095903,0.08695652173913043,0.08781425813460449,0.43478260869565216,0.391304347826087,0.13043478260869565,0.043478260869565216,0.08695652173913043,-0.582608695652174,0.2608695652173913,28.365217391304352,9.697028160095215,3.501397825434103,4.645363570984364,0.8999979300047611,0.391304347826087,0.30434782608695654,1.1205918978404772,0.07561436672967864,trainPep,416
24,3.74620462009429,0.16666666666666666,0.1560918591705954,0.5,0.0,0.16666666666666666,0.0,0.08333333333333333,0.8083333333333336,0.0,2.1791666666666663,10.03774356842041,2.7824156286861546,7.492394255400068,0.0,0.20833333333333334,0.20833333333333334,0.8581136708893825,0.08333333333333333,trainPep,417
24,2.75891607216651,0.125,0.11495483634027125,0.375,0.08333333333333333,0.16666666666666666,0.041666666666666664,0.20833333333333334,-0.08749999999999998,0.08333333333333333,21.129166666666666,10.00138339996338,3.501629167387823,7.357089906870942,0.22222162963120987,0.25,0.25,0.6231678206794204,0.078125,trainPep,418
19,0.9334509896994757,0.05263157894736842,0.04912899945786714,0.5789473684210527,0.15789473684210525,0.05263157894736842,0.0,0.21052631578947367,0.9210526315789476,0.05263157894736842,7.957894736842105,8.76417064666748,3.1158340921632197,1.612321651834423,0.2727268016537062,0.3684210526315789,0.10526315789473684,0.9608929094997909,0.030470914127423823,trainPep,419
18,2.8442787994468874,0.16666666666666666,0.1580154888581604,0.5555555555555556,0.05555555555555555,0.16666666666666666,0.0,0.05555555555555555,1.1166666666666665,0.0,11.249999999999996,10.302063941955566,3.086048612313038,5.1196926235576745,0.09999982000032398,0.4444444444444444,0.16666666666666666,0.5988587550466214,0.09259259259259259,trainPep,420
23,3.845091259422096,0.17391304347826086,0.16717788084443894,0.43478260869565216,0.17391304347826086,0.21739130434782608,0.043478260869565216,0.08695652173913043,0.05217391304347816,0.13043478260869565,8.556521739130435,10.176866340637208,3.149229761516282,8.843689556184842,0.39999908000211604,0.30434782608695654,0.34782608695652173,1.3840179833849717,0.11342155009451796,trainPep,421
7,0.794875586855086,0.14285714285714285,0.11355365526501228,0.5714285714285714,0.14285714285714285,0.14285714285714285,0.0,0.14285714285714285,0.7999999999999999,0.14285714285714285,-25.02857142857143,8.795051002502444,2.5216406363433186,1.3910298426941758,0.2499995625007656,0.2857142857142857,0.2857142857142857,0.9955685477807975,0.08163265306122448,trainPep,422
11,3.846246801744886,0.36363636363636365,0.349658800158626,0.5454545454545454,0.18181818181818182,0.36363636363636365,0.0,0.0,-0.22727272727272751,0.09090909090909091,100.5909090909091,11.999967765808105,1.971747257128181,7.051439542226463,0.3333327222233426,0.45454545454545453,0.45454545454545453,2.321022077954248,0.1983471074380165,trainPep,423
27,2.457961916195805,0.1111111111111111,0.09103562652577056,0.5185185185185185,0.14814814814814814,0.14814814814814814,0.037037037037037035,0.14814814814814814,0.5370370370370371,0.14814814814814814,15.622222222222222,9.824353218078613,3.365636576077286,4.740345981996088,0.2857137346949402,0.4074074074074074,0.25925925925925924,0.7287507153673561,0.09602194787379971,trainPep,424
14,3.7561056101932997,0.2857142857142857,0.26829325787095,0.5714285714285714,0.07142857142857142,0.2857142857142857,0.0,0.14285714285714285,0.42857142857142855,0.07142857142857142,-19.642857142857142,10.477740287780762,2.6644977792004614,6.573173314784974,0.1249997812503828,0.35714285714285715,0.35714285714285715,1.4407077429726032,0.16326530612244897,trainPep,425
9,0.7591026131903019,0.1111111111111111,0.08434473479892243,0.8888888888888888,0.0,0.1111111111111111,0.0,0.0,2.9444444444444446,0.0,-9.977777777777778,8.750052070617677,0.5032583347756457,0.8539894791009257,0.0,0.8888888888888888,0.1111111111111111,0.8555555555555556,0.09876543209876543,trainPep,426
16,3.7918785838580837,0.25,0.23699241149113023,0.6875,0.375,0.25,0.0,0.0625,-0.24999999999999997,0.375,-3.0374999999999996,10.47786922454834,2.2806390622295662,5.5154517358637785,0.5454537520672696,0.25,0.625,1.1215810685737768,0.171875,trainPep,427
21,3.718459652195257,0.19047619047619047,0.1770695072473932,0.38095238095238093,0.14285714285714285,0.19047619047619047,0.0,0.3333333333333333,-0.00952380952380949,0.14285714285714285,53.51904761904762,9.30377101898193,3.249460279921617,9.76093096456877,0.37499901562758403,0.2857142857142857,0.42857142857142855,1.161238584209322,0.07256235827664398,trainPep,428
23,-0.5097428434814586,0.0,0.02216273232528081,0.5217391304347826,0.13043478260869565,0.043478260869565216,0.043478260869565216,0.2608695652173913,0.7391304347826085,0.13043478260869565,59.226086956521726,5.7500825881958,3.240528260216712,0.9770052440794111,0.24999952083425173,0.5217391304347826,0.08695652173913043,1.830442655232541,0.04536862003780718,trainPep,429
15,1.7572263711331437,0.13333333333333336,0.11714842474220959,0.26666666666666666,0.2,0.2,0.06666666666666667,0.3333333333333333,-1.02,0.2,54.126666666666665,9.528249931335449,3.0062389286533895,6.589574180846111,0.749997187510547,0.26666666666666666,0.3333333333333333,0.7531650878732166,0.07111111111111111,trainPep,430
18,0.7656477571527738,0.05555555555555558,0.04253598650848743,0.2777777777777778,0.0,0.2777777777777778,0.2222222222222222,0.1111111111111111,-1.2999999999999998,0.0,36.43888888888891,8.430869102478027,3.239097917988786,2.756322002990775,0.0,0.2222222222222222,0.2777777777777778,1.8336336957469574,0.1388888888888889,trainPep,431
13,2.7590826133903,0.23076923076923078,0.21223712410694617,0.6153846153846154,0.3076923076923077,0.23076923076923078,0.0,0.07692307692307693,0.7461538461538461,0.3076923076923077,68.10769230769232,11.999967765808105,3.0269868333592873,4.4835019610685505,0.4999991875013203,0.5384615384615384,0.5384615384615384,0.35026962790127114,0.14201183431952663,trainPep,432
20,1.758103612191301,0.1,0.08790518060956505,0.5,0.0,0.1,0.0,0.1,1.2600000000000002,0.0,32.61,10.002737236022949,2.7232196723355075,3.5162001919822177,0.0,0.5,0.1,0.7680627142421194,0.05,trainPep,433
24,5.754107608195298,0.25,0.2397544836748041,0.4583333333333333,0.25,0.25,0.0,0.08333333333333333,-0.1458333333333334,0.25,24.095833333333335,10.699318122863769,2.677694271103767,12.554389208304197,0.5454533553744975,0.2916666666666667,0.5,1.1626588685961183,0.11458333333333333,trainPep,434
20,3.7918785838580837,0.2,0.1895939291929042,0.5,0.05,0.2,0.0,0.05,0.35999999999999993,0.05,-4.130000000000002,10.47786922454834,2.721928094887362,7.583742000232166,0.0999998000004,0.25,0.25,0.8025512175480384,0.1,trainPep,435
15,2.7571046111923003,0.2,0.18380697407948668,0.7333333333333333,0.13333333333333333,0.2,0.0,0.0,1.5666666666666669,0.13333333333333333,-0.4666666666666662,10.302063941955566,2.682588730501833,3.7596829793308926,0.1818179338846356,0.6,0.3333333333333333,1.2477021981571963,0.14666666666666667,trainPep,436
21,4.756085610393297,0.23809523809523808,0.2264802671615856,0.5238095238095238,0.14285714285714285,0.23809523809523808,0.0,0.09523809523809523,0.0571428571428573,0.14285714285714285,5.952380952380954,11.166069221496581,3.5585186130489057,9.079782467529766,0.27272675206710967,0.38095238095238093,0.3333333333333333,0.8080475393849739,0.12471655328798185,trainPep,437
25,1.8455213203275758,0.08,0.07382085281310304,0.48,0.04,0.16,0.08,0.08,0.35200000000000004,0.0,7.1800000000000015,9.528378868103026,3.239079570624174,3.844828073957296,0.08333315972258393,0.28,0.16,0.8441494576804955,0.1152,trainPep,438
17,0.7602033743301442,0.058823529411764705,0.044717845548832014,0.29411764705882354,0.11764705882352941,0.11764705882352941,0.058823529411764705,0.35294117647058826,-1.0176470588235293,0.11764705882352941,50.29411764705883,8.745345878601075,3.381580488309164,2.584682684801362,0.399998640004624,0.29411764705882354,0.17647058823529413,0.9760784579433007,0.05190311418685121,trainPep,439
21,3.4274164862235637,0.19047619047619047,0.16321030886778876,0.2857142857142857,0.09523809523809523,0.19047619047619047,0.0,0.3333333333333333,-0.21428571428571427,0.09523809523809523,45.23333333333332,9.497369575500489,3.141619208183979,11.995915716077468,0.33333216667075,0.23809523809523808,0.3333333333333333,1.53057354558128,0.054421768707482984,trainPep,440
12,0.7591026131903019,0.08333333333333333,0.06325855109919183,0.5833333333333334,0.0,0.08333333333333333,0.0,0.16666666666666666,1.8250000000000002,0.0,27.116666666666667,8.750052070617677,2.1174924611847548,1.3013165346407438,0.0,0.5833333333333334,0.08333333333333333,0.4867581452519971,0.04861111111111111,trainPep,441
21,4.7174506512962555,0.23809523809523808,0.2246405072045836,0.3333333333333333,0.19047619047619047,0.23809523809523808,0.0,0.3333333333333333,-0.5714285714285714,0.19047619047619047,80.7952380952381,9.578599739074708,3.0416256143692233,14.152309496960278,0.571426857148,0.2857142857142857,0.47619047619047616,1.5632347741536614,0.07936507936507936,trainPep,442
11,2.955531864581353,0.2727272727272727,0.2686847149619412,0.5454545454545454,0.18181818181818182,0.2727272727272727,0.0,0.0,0.37272727272727263,0.18181818181818182,-14.063636363636363,10.308317375183101,2.59490661824394,5.418465151213036,0.3333327222233426,0.45454545454545453,0.45454545454545453,0.3520643920800674,0.14876033057851237,trainPep,443
24,2.8453895604867308,0.125,0.11855789835361379,0.3333333333333333,0.16666666666666666,0.16666666666666666,0.041666666666666664,0.20833333333333334,-0.6083333333333332,0.125,52.054166666666674,10.289686012268067,3.6887218755408675,8.536143073030974,0.4999985000045,0.20833333333333334,0.2916666666666667,0.9718754398046324,0.06944444444444443,trainPep,444
21,3.458118457519594,0.19047619047619047,0.16467230750093304,0.3333333333333333,0.14285714285714285,0.19047619047619047,0.0,0.23809523809523808,-0.5095238095238097,0.14285714285714285,19.78095238095238,11.722947120666507,3.3087513512471665,10.374324249586035,0.42857014286100004,0.23809523809523808,0.2857142857142857,0.6537415662052355,0.06349206349206349,trainPep,445
23,10.755046609794292,0.4782608695652174,0.4676107221649692,0.4782608695652174,0.08695652173913043,0.4782608695652174,0.0,0.0,-0.5173913043478261,0.08695652173913043,102.87391304347825,11.999967765808105,2.8768531307993084,22.487777709671036,0.18181780165368744,0.34782608695652173,0.5652173913043478,1.086261426019577,0.2287334593572779,trainPep,446
11,3.7948355872550814,0.36363636363636365,0.34498505338682556,0.6363636363636364,0.18181818181818182,0.36363636363636365,0.0,0.0,-0.00909090909090922,0.18181818181818182,21.881818181818186,11.999967765808105,2.3685225277282065,5.96330369478075,0.2857138367353994,0.45454545454545453,0.45454545454545453,1.1514444934675707,0.23140495867768596,trainPep,447
17,1.758103612191301,0.11764705882352941,0.10341785954066476,0.7058823529411765,0.058823529411764705,0.11764705882352941,0.0,0.0,1.6647058823529413,0.058823529411764705,7.1000000000000005,10.002737236022949,2.8221819586428727,2.4906432555263973,0.08333321527794502,0.47058823529411764,0.17647058823529413,0.6592290875434087,0.08304498269896195,trainPep,448
15,-2.234155701923433,-0.13333333333333336,0.1489437134615622,0.4,0.06666666666666667,0.06666666666666667,0.2,0.2,0.18666666666666662,0.06666666666666667,83.32666666666665,4.1373899459838865,3.456564762130954,5.5853752913703545,0.16666625000104165,0.3333333333333333,0.13333333333333333,0.9540544778745769,0.10666666666666667,trainPep,449
13,1.758103612191301,0.15384615384615385,0.13523873939933084,0.6153846153846154,0.0,0.15384615384615385,0.0,0.07692307692307693,1.1538461538461537,0.0,-16.892307692307693,10.002737236022949,2.133937566094917,2.8569137273260568,0.0,0.38461538461538464,0.15384615384615385,0.5552718979341476,0.09467455621301776,trainPep,450
9,0.8462668015448875,0.1111111111111111,0.09402964461609861,0.4444444444444444,0.3333333333333333,0.1111111111111111,0.0,0.1111111111111111,-0.8333333333333333,0.2222222222222222,45.022222222222226,8.75482273101807,2.94770277922009,1.9040960192599539,0.7499983125037969,0.2222222222222222,0.2222222222222222,1.3683852501148344,0.04938271604938271,trainPep,451
13,0.7591026131903019,0.07692307692307693,0.0583925087069463,0.6153846153846154,0.23076923076923078,0.07692307692307693,0.0,0.23076923076923078,1.4923076923076921,0.23076923076923078,-3.8307692307692314,8.750052070617677,2.6031579868726,1.2335397419321599,0.3749993906259902,0.5384615384615384,0.3076923076923077,0.6750241134499855,0.04733727810650888,trainPep,452
25,5.7954815060064995,0.24,0.23181926024025998,0.4,0.12,0.32,0.08,0.16,-0.9799999999999998,0.12,20.156000000000002,10.655737495422365,3.2430741894285693,14.48866754334739,0.299999250001875,0.2,0.44,1.7374648656109921,0.16000000000000003,trainPep,453
17,-2.2359671628976425,-0.11764705882352941,0.13152748017044957,0.5294117647058824,0.058823529411764705,0.0,0.11764705882352941,0.23529411764705882,0.8294117647058822,0.058823529411764705,114.27058823529411,4.0500284194946286,3.2927701939369904,4.223485552222837,0.11111090123496432,0.35294117647058826,0.058823529411764705,0.541391070038029,0.06228373702422145,trainPep,454
18,0.7591026131903019,0.05555555555555555,0.042172367399461216,0.6111111111111112,0.16666666666666666,0.05555555555555555,0.0,0.2222222222222222,1.5444444444444445,0.16666666666666666,10.194444444444446,8.750052070617677,2.8218881955261783,1.242165879858145,0.27272682644701124,0.5,0.2222222222222222,0.6533211739034555,0.033950617283950615,trainPep,455
20,2.73099138695815,0.15,0.1365495693479075,0.6,0.15,0.15,0.0,0.15,1.125,0.15,28.460000000000004,10.301935005187985,2.770950594454668,4.551644725522374,0.24999958333402778,0.5,0.3,1.1482646446827423,0.09,trainPep,456
14,2.7571046111923003,0.21428571428571427,0.19693604365659287,0.5714285714285714,0.14285714285714285,0.21428571428571427,0.0,0.07142857142857142,0.9428571428571431,0.14285714285714285,19.70714285714286,10.302063941955566,2.8423709931771093,4.82492462596843,0.2499995625007656,0.5,0.35714285714285715,1.0429578925714436,0.12244897959183672,trainPep,457
25,1.4986002054250305,0.08,0.059944008217001216,0.48,0.04,0.16,0.08,0.2,0.584,0.04,2.0439999999999996,9.524575233459473,3.4594705707972513,3.1220772569745283,0.08333315972258393,0.4,0.2,1.159425820147902,0.1152,trainPep,458
23,2.846090260421097,0.13043478260869565,0.12374305480091725,0.34782608695652173,0.17391304347826086,0.17391304347826086,0.043478260869565216,0.17391304347826086,-0.039130434782608685,0.13043478260869565,8.556521739130435,10.00138339996338,3.3061706517091873,8.182485974063479,0.4999985625041328,0.30434782608695654,0.30434782608695654,1.2316091384435435,0.07561436672967864,trainPep,459
18,5.754107608195298,0.3333333333333333,0.3196726448997388,0.5555555555555556,0.0,0.3333333333333333,0.0,0.0,0.6055555555555555,0.0,-28.288888888888895,10.699318122863769,2.224394445405986,10.357375051476442,0.0,0.4444444444444444,0.3333333333333333,0.8213033213577474,0.18518518518518517,trainPep,460
20,2.7571046111923003,0.15,0.13785523055961502,0.5,0.1,0.15,0.0,0.2,0.8350000000000002,0.1,10.64,10.302063941955566,3.1086949695628423,5.5141981939882125,0.1999996000008,0.35,0.25,0.9449700190216805,0.075,trainPep,461
18,2.7571046111923003,0.16666666666666666,0.15317247839957224,0.5555555555555556,0.0,0.16666666666666666,0.0,0.05555555555555555,0.9500000000000001,0.0,-14.138888888888891,10.302063941955566,2.6688388898504303,4.96277936714328,0.0,0.4444444444444444,0.16666666666666666,0.795701451040355,0.09259259259259259,trainPep,462
13,1.7599150731655104,0.15384615384615385,0.1353780825511931,0.46153846153846156,0.15384615384615385,0.23076923076923078,0.07692307692307693,0.07692307692307693,0.13076923076923078,0.15384615384615385,4.453846153846155,9.703023719787598,2.873140679513133,3.813141063386302,0.3333326111126759,0.38461538461538464,0.38461538461538464,1.165273611352761,0.14201183431952663,trainPep,463
10,2.8711397841116617,0.3,0.28711397841116615,0.5,0.1,0.3,0.0,0.1,0.26999999999999996,0.0,28.26,10.062434959411618,2.7219280948873625,5.742268083687156,0.1999996000008,0.3,0.4,1.4846093128454447,0.15,trainPep,464
17,3.7561056101932997,0.23529411764705882,0.22094738883489998,0.5882352941176471,0.17647058823529413,0.23529411764705882,0.0,0.11764705882352941,0.9411764705882352,0.17647058823529413,-1.4764705882352909,10.477740287780762,2.822181958642873,6.385368682201849,0.299999490000867,0.5294117647058824,0.4117647058823529,0.6996679689564088,0.1384083044982699,trainPep,465
17,2.931452987701474,0.17647058823529413,0.17243841104126317,0.5882352941176471,0.17647058823529413,0.17647058823529413,0.0,0.0,0.9411764705882355,0.058823529411764705,17.08823529411765,10.302128410339353,2.7777768114567865,4.983461607207773,0.299999490000867,0.5294117647058824,0.23529411764705882,1.4542599707893673,0.10380622837370243,trainPep,466
20,2.4581384573195963,0.15,0.12290692286597982,0.5,0.05,0.15,0.0,0.2,1.12,0.05,37.935,11.16600475311279,3.221928094887362,4.916267082105028,0.0999998000004,0.45,0.2,0.7641451103930789,0.075,trainPep,467
9,-0.26601161004484764,0.0,0.029556845560538628,0.8888888888888888,0.0,0.0,0.0,0.0,3.1444444444444444,0.0,51.6888888888889,5.494989204406737,2.058813890331201,0.2992627246298884,0.0,0.7777777777777778,0.0,0.5052418045349797,0.0,trainPep,468
15,2.7571046111923003,0.2,0.18380697407948668,0.7333333333333333,0.06666666666666667,0.2,0.0,0.0,1.4733333333333338,0.06666666666666667,-7.6466666666666665,10.302063941955566,2.3898980954642877,3.7596829793308926,0.0909089669423178,0.4666666666666667,0.26666666666666666,0.821485396612167,0.14666666666666667,trainPep,469
25,6.755066609594294,0.28,0.2702026643837718,0.56,0.16,0.28,0.0,0.08,0.043999999999999935,0.16,13.392,11.592334175109865,3.4634651896016466,12.062597405351585,0.2857137755111151,0.44,0.36,1.3852692581673682,0.15680000000000002,trainPep,470
21,6.737232631694273,0.3333333333333333,0.3208206015092511,0.5238095238095238,0.23809523809523808,0.3333333333333333,0.0,0.09523809523809523,-0.48571428571428577,0.23809523809523808,67.35238095238094,11.295715141296387,2.658680662942251,12.861965014937674,0.45454458677851606,0.38095238095238093,0.5238095238095238,1.8016425870050343,0.1746031746031746,trainPep,471
20,0.7582253721321444,0.05,0.03791126860660722,0.5,0.2,0.1,0.05,0.15,0.27499999999999997,0.2,27.415,8.49746494293213,3.446439344671016,1.516447711368866,0.3999992000016,0.4,0.25,1.9209832694497833,0.07500000000000001,trainPep,472
9,0.7591026131903019,0.1111111111111111,0.08434473479892243,0.5555555555555556,0.0,0.1111111111111111,0.0,0.1111111111111111,1.4444444444444444,0.0,13.166666666666666,8.750052070617677,2.725480556997868,1.3663822442545037,0.0,0.4444444444444444,0.1111111111111111,0.6080606740399983,0.06172839506172839,trainPep,473
14,5.754107608195298,0.42857142857142855,0.41100768629966417,0.35714285714285715,0.35714285714285715,0.42857142857142855,0.0,0.21428571428571427,-2.1428571428571423,0.35714285714285715,-22.92142857142857,10.699318122863769,1.5306189948485174,16.1114561908695,0.9999972000078401,0.0,0.7857142857142857,0.47931138463956596,0.15306122448979592,trainPep,474
18,-2.5445907869876687,-0.1111111111111111,0.14136615483264825,0.5,0.2222222222222222,0.1111111111111111,0.2222222222222222,0.16666666666666666,-0.09444444444444448,0.2222222222222222,27.616666666666667,4.22537670135498,3.086048612313038,5.089171395632546,0.4444435555573333,0.3333333333333333,0.3888888888888889,1.0288145394667567,0.16666666666666666,trainPep,475
25,0.9352624506736849,0.04,0.037410498026947396,0.56,0.08,0.08,0.04,0.08,1.16,0.0,29.31600000000001,8.60557842254639,3.0790795706241743,1.6701085367234785,0.14285688775555755,0.48,0.08,1.16527163765862,0.06720000000000001,trainPep,476
18,0.09647394140459609,0.0,0.005359663411366449,0.4444444444444444,0.2777777777777778,0.1111111111111111,0.1111111111111111,0.1111111111111111,-0.6444444444444445,0.1111111111111111,9.188888888888888,7.112456321716309,3.4613201402110083,0.21706587976211175,0.6249985937531641,0.2777777777777778,0.16666666666666666,1.4580635066178493,0.09876543209876543,trainPep,477
20,-0.19963840298728153,0.0,0.009981920149364077,0.5,0.1,0.0,0.0,0.15,1.1700000000000002,0.05,61.89000000000001,6.694235038757324,3.1219280948873624,0.3992760074225482,0.1999996000008,0.3,0.1,1.1841234285071398,0.0,trainPep,478
27,3.825289279224076,0.14814814814814814,0.1416773807120028,0.5555555555555556,0.25925925925925924,0.18518518518518517,0.037037037037037035,0.1111111111111111,0.5518518518518523,0.2222222222222222,-7.585185185185186,9.595425987243651,3.228247467020002,6.88550830868838,0.4666658266681786,0.4074074074074074,0.48148148148148145,1.1302271151507794,0.12345679012345678,trainPep,479
14,6.760031614889296,0.5,0.4828594010635211,0.5,0.5,0.5,0.0,0.0,-2.6999999999999993,0.5,295.68571428571425,11.999967765808105,1.0,13.520036189706211,0.999998000004,0.0,1.0,1.1498194118180078,0.25,trainPep,480
20,6.840282795450884,0.35,0.3420141397725442,0.4,0.25,0.35,0.0,0.2,-0.71,0.2,5.255,10.778420829772951,2.763865121950854,17.10066423696662,0.6249984375039063,0.25,0.55,1.253107641273594,0.13999999999999999,trainPep,481
11,-1.238655864930009,-0.09090909090909091,0.11260507863000081,0.5454545454545454,0.09090909090909091,0.09090909090909091,0.18181818181818182,0.18181818181818182,0.18181818181818174,0.09090909090909091,4.872727272727272,4.207813453674317,3.095795255000934,2.2708649224526587,0.1666663611116713,0.36363636363636365,0.18181818181818182,0.42426078906799414,0.14876033057851237,trainPep,482
26,7.839283794451882,0.3076923076923077,0.30151091517122625,0.38461538461538464,0.15384615384615385,0.3076923076923077,0.0,0.2692307692307692,-0.5115384615384616,0.11538461538461539,9.823076923076925,10.845339012145995,2.9500637564362098,20.382084872154227,0.399998960002704,0.23076923076923078,0.4230769230769231,1.0437670098815668,0.1183431952662722,trainPep,483
20,4.953513862783348,0.25,0.2476756931391674,0.55,0.1,0.25,0.0,0.1,0.1849999999999999,0.1,2.1850000000000014,10.567544746398926,3.2841837197791888,9.006372466201602,0.18181785124027044,0.45,0.25,1.3852692581673682,0.1375,trainPep,484
7,-0.28581359024286734,0.0,0.04083051289183819,0.7142857142857143,0.0,0.0,0.0,0.2857142857142857,3.8857142857142857,0.0,8.571428571428571,5.483109855651855,1.3787834934861753,0.40013846614616166,0.0,0.7142857142857143,0.2857142857142857,0.3991370296335622,0.0,trainPep,485
18,0.7592243731311454,0.05555555555555555,0.042179131840619194,0.5555555555555556,0.05555555555555555,0.1111111111111111,0.05555555555555555,0.1111111111111111,1.1277777777777778,0.05555555555555555,31.27777777777778,8.59094409942627,3.239097917988786,1.3666014117535206,0.09999982000032398,0.4444444444444444,0.16666666666666666,1.25868495552207,0.09259259259259259,trainPep,486
9,3.7590726134902988,0.4444444444444444,0.4176747348322554,0.4444444444444444,0.2222222222222222,0.4444444444444444,0.0,0.1111111111111111,-1.8555555555555558,0.2222222222222222,13.166666666666666,11.999967765808105,2.4193819456463714,8.457894350090886,0.49999887500253126,0.1111111111111111,0.6666666666666666,1.8714131128502294,0.19753086419753085,trainPep,487
22,3.1077793664086477,0.13636363636363635,0.14126269847312034,0.5,0.3181818181818182,0.13636363636363635,0.0,0.09090909090909091,0.5545454545454546,0.13636363636363635,15.831818181818175,11.999967765808105,3.1746742319786425,6.215546301724691,0.6363623636389091,0.45454545454545453,0.2727272727272727,0.9104027398173323,0.06818181818181818,trainPep,488
16,3.758083612391299,0.25,0.2348802257744562,0.5625,0.3125,0.25,0.0,0.0625,-0.5375,0.3125,24.912500000000005,11.999967765808105,2.774397470347699,6.681025655761143,0.5555545679029904,0.25,0.5625,0.7937201688238722,0.140625,trainPep,489
24,4.929454985703472,0.20833333333333334,0.20539395773764468,0.4166666666666667,0.125,0.20833333333333334,0.0,0.20833333333333334,-0.3458333333333334,0.041666666666666664,6.904166666666664,10.602486610412598,3.2049868557726664,11.83066357209576,0.299999280001728,0.3333333333333333,0.25,0.5565080997228606,0.08680555555555557,trainPep,490
19,-0.23989838581069733,0.0,0.012626230832141965,0.3157894736842105,0.0,0.0,0.0,0.15789473684210525,0.48421052631578937,0.0,86.51052631578946,5.525000190734862,2.420082463275135,0.7596758160937908,0.0,0.2631578947368421,0.0,1.010157612428007,0.0,trainPep,491
9,2.7938665859560845,0.3333333333333333,0.31042962066178714,0.6666666666666666,0.2222222222222222,0.3333333333333333,0.0,0.0,0.44444444444444436,0.2222222222222222,41.91111111111111,11.166391563415527,2.4193819456463714,4.190793592743738,0.3333328333340833,0.4444444444444444,0.5555555555555556,0.616046091406586,0.2222222222222222,trainPep,492
23,0.8272872812220773,0.043478260869565216,0.03596901222704684,0.4782608695652174,0.13043478260869565,0.08695652173913043,0.043478260869565216,0.17391304347826086,0.6478260869565218,0.08695652173913043,18.504347826086956,8.042898368835449,3.551191174465697,1.7297788802903211,0.27272670248053116,0.2608695652173913,0.21739130434782608,1.1588647684186506,0.062381852551984876,trainPep,493
25,5.7954815060064995,0.24,0.23181926024025998,0.4,0.12,0.32,0.08,0.12,-0.9679999999999996,0.12,13.364000000000003,10.655737495422365,3.2430741894285693,14.48866754334739,0.299999250001875,0.2,0.44,1.679402705792466,0.16000000000000003,trainPep,494
24,3.735304628996279,0.16666666666666666,0.15563769287484494,0.5416666666666666,0.08333333333333333,0.16666666666666666,0.0,0.125,1.0666666666666669,0.08333333333333333,15.970833333333337,9.59536151885986,3.3035088547976783,6.8959342764221585,0.15384586982300955,0.4166666666666667,0.2916666666666667,1.1370948044142724,0.09027777777777776,trainPep,495
25,5.7954815060064995,0.24,0.23181926024025998,0.4,0.12,0.32,0.08,0.16,-0.9799999999999998,0.12,18.452,10.655737495422365,3.2430741894285693,14.48866754334739,0.299999250001875,0.2,0.44,0.7072963023128589,0.16000000000000003,trainPep,496
21,5.755096609294297,0.2857142857142857,0.2740522194902046,0.23809523809523808,0.09523809523809523,0.2857142857142857,0.0,0.047619047619047616,-0.12857142857142853,0.09523809523809523,25.13333333333333,11.38842067718506,2.7152088061657307,24.171304239558243,0.399998320007056,0.19047619047619047,0.38095238095238093,0.9930810544677215,0.06802721088435373,trainPep,497
25,7.794629046431288,0.32,0.3117851618572515,0.44,0.12,0.36,0.04,0.08,-0.9359999999999996,0.12,61.87199999999999,11.999967765808105,3.2928786893420305,17.715025753194396,0.2727266528939707,0.24,0.44,2.0509364621127193,0.176,trainPep,498
22,3.74620462009429,0.18181818181818182,0.17028202818610408,0.45454545454545453,0.09090909090909091,0.18181818181818182,0.0,0.3181818181818182,0.568181818181818,0.09090909090909091,-19.554545454545455,10.03774356842041,3.1180782093497084,8.241632032616966,0.19999956000096802,0.4090909090909091,0.3181818181818182,0.8216770726860801,0.08264462809917356,trainPep,1
17,-2.4957140895456003,-0.11764705882352941,0.1468067111497412,0.5294117647058824,0.058823529411764705,0.0,0.11764705882352941,0.23529411764705882,0.5411764705882353,0.058823529411764705,17.647058823529413,4.0500284194946286,3.1018812234760182,4.714117709141572,0.11111090123496432,0.35294117647058826,0.058823529411764705,1.2141707662327332,0.06228373702422145,trainPep,2
12,0.7619030752635112,0.08333333333333333,0.06349192293862593,0.5,0.08333333333333333,0.16666666666666666,0.08333333333333333,0.08333333333333333,0.65,0.08333333333333333,-3.0833333333333313,8.74786014556885,3.084962500721156,1.5238031029208166,0.16666633333399997,0.5,0.25,0.5757102489591749,0.125,trainPep,3
7,0.7958645879540859,0.14285714285714285,0.11369494113629798,0.5714285714285714,0.0,0.14285714285714285,0.0,0.14285714285714285,1.1142857142857143,0.0,63.60000000000001,9.79502010345459,2.5216406363433186,1.392760591588615,0.0,0.42857142857142855,0.14285714285714285,1.784920974140929,0.08163265306122448,trainPep,4
24,-0.1598247255819112,0.0,0.006659363565912966,0.7083333333333334,0.041666666666666664,0.041666666666666664,0.041666666666666664,0.08333333333333333,1.6666666666666667,0.0,26.58333333333334,6.740445137023926,2.9701755214643453,0.2256345881609266,0.058823446366899235,0.375,0.08333333333333333,1.1656049475944859,0.059027777777777776,trainPep,5
7,-0.23989838581069733,0.0,0.03427119797295676,0.42857142857142855,0.42857142857142855,0.0,0.0,0.42857142857142855,0.42857142857142844,0.42857142857142855,1.9428571428571422,5.525000190734862,2.1280852788913944,0.5597615941145743,0.9999976666721112,0.42857142857142855,0.42857142857142855,1.0648056453114376,0.0,trainPep,6
9,1.793866585956084,0.2222222222222222,0.199318509550676,0.5555555555555556,0.1111111111111111,0.2222222222222222,0.0,0.1111111111111111,-0.14444444444444438,0.1111111111111111,-0.5444444444444447,9.994936561584474,2.94770277922009,3.2289540426036742,0.19999964000064796,0.3333333333333333,0.2222222222222222,1.1210877069035552,0.12345679012345678,trainPep,7
20,-0.23866586483000995,0.0,0.011933293241500498,0.5,0.0,0.1,0.1,0.2,0.25,0.0,14.489999999999995,5.960443687438965,3.2414460711655217,0.4773307749984699,0.0,0.25,0.1,0.6335372603386182,0.1,trainPep,8
7,0.7591026131903019,0.14285714285714285,0.10844323045575742,0.5714285714285714,0.14285714285714285,0.14285714285714285,0.0,0.14285714285714285,1.3,0.14285714285714285,-25.02857142857143,8.750052070617677,2.5216406363433186,1.3284272483353439,0.2499995625007656,0.5714285714285714,0.2857142857142857,0.7027442690187022,0.08163265306122448,trainPep,9
14,2.7579170711675087,0.21428571428571427,0.1969940765119649,0.35714285714285715,0.14285714285714285,0.2857142857142857,0.07142857142857142,0.07142857142857142,-0.8785714285714287,0.14285714285714285,40.785714285714285,9.825642585754395,2.7534343861887853,7.722146177259728,0.399998880003136,0.2857142857142857,0.35714285714285715,1.344096452083851,0.12755102040816324,trainPep,10
9,-0.23989838581069733,0.0,0.02665537620118859,0.3333333333333333,0.0,0.0,0.0,0.5555555555555556,0.35555555555555546,0.0,20.85555555555556,5.525000190734862,2.1971597234241496,0.7196929983530971,0.0,0.1111111111111111,0.0,0.9415680725283367,0.0,trainPep,11
8,1.758103612191301,0.25,0.21976295152391262,0.5,0.0,0.25,0.0,0.25,0.23749999999999993,0.0,-12.475000000000001,10.002737236022949,2.5,3.5162001919822177,0.0,0.375,0.25,0.6270518638994309,0.125,trainPep,12
21,0.48437178162221406,0.047619047619047616,0.023065322934391147,0.5238095238095238,0.047619047619047616,0.047619047619047616,0.0,0.09523809523809523,0.842857142857143,0.0,0.6190476190476176,8.440732765197758,2.5342436128428614,0.9247079995635002,0.09090891735570321,0.23809523809523808,0.047619047619047616,0.7622233414423597,0.024943310657596373,trainPep,13
8,0.794875586855086,0.125,0.09935944835688575,0.625,0.125,0.125,0.0,0.25,0.6125,0.125,8.949999999999998,8.795051002502444,2.5,1.271798904089891,0.199999680000512,0.25,0.25,0.36777102349847557,0.078125,trainPep,14
11,1.844278799446887,0.18181818181818182,0.16766170904062608,0.18181818181818182,0.2727272727272727,0.18181818181818182,0.0,0.5454545454545454,-1.5363636363636366,0.18181818181818182,18.881818181818183,9.703152656555176,2.5503407095463886,10.143477607831034,1.4999917500453746,0.18181818181818182,0.2727272727272727,0.27245547843123136,0.03305785123966942,trainPep,15
13,2.7472036210932904,0.23076923076923078,0.21132335546871464,0.46153846153846156,0.07692307692307693,0.23076923076923078,0.0,0.3076923076923077,0.48461538461538445,0.07692307692307693,-15.392307692307691,9.790184974670407,2.9689185639620974,5.9522616158019614,0.16666630555633796,0.38461538461538464,0.38461538461538464,1.0717866377531546,0.10650887573964499,trainPep,16
9,0.758103612191301,0.1111111111111111,0.08423373468792233,0.5555555555555556,0.3333333333333333,0.1111111111111111,0.0,0.2222222222222222,0.011111111111111047,0.3333333333333333,105.42222222222222,8.590879631042483,2.94770277922009,1.3645840456930594,0.5999989200019439,0.4444444444444444,0.3333333333333333,0.7456102861897123,0.06172839506172839,trainPep,17
15,2.4983466856433423,0.2,0.16655644570955616,0.4666666666666667,0.06666666666666667,0.2,0.0,0.13333333333333333,1.2533333333333332,0.06666666666666667,42.300000000000004,11.16600475311279,2.656564762130954,5.353588568688801,0.14285683673534985,0.4666666666666667,0.26666666666666666,1.2663367043323601,0.09333333333333334,trainPep,18
10,-0.20050249019749433,0.0,0.020050249019749434,0.5,0.0,0.2,0.2,0.1,-0.29,0.0,24.15,6.186719703674316,2.5219280948873624,0.4010041783866319,0.0,0.3,0.2,0.5370557794768613,0.2,trainPep,19
18,-1.0385389105075906,-0.05555555555555555,0.05769660613931059,0.4444444444444444,0.0,0.05555555555555555,0.1111111111111111,0.3333333333333333,0.39999999999999997,0.0,21.938888888888894,4.370713996887207,3.086048612313038,2.3367072910506743,0.0,0.2222222222222222,0.05555555555555555,1.220594456322403,0.07407407407407407,trainPep,20
14,2.4983466856433423,0.21428571428571427,0.17845333468881017,0.35714285714285715,0.0,0.21428571428571427,0.0,0.21428571428571427,0.15000000000000005,0.0,43.392857142857146,11.16600475311279,3.2359263506290326,6.995351132818187,0.0,0.2857142857142857,0.21428571428571427,1.3354788384643028,0.07653061224489796,trainPep,21
15,1.7599150731655104,0.13333333333333336,0.11732767154436737,0.3333333333333333,0.06666666666666667,0.2,0.06666666666666667,0.4,-0.5333333333333333,0.06666666666666667,4.573333333333335,9.703023719787598,3.006238928653389,5.279729380308391,0.19999940000180003,0.2,0.26666666666666666,0.7134766624476317,0.08888888888888888,trainPep,22
14,-0.5517525328794127,0.0,0.039410895205672335,0.42857142857142855,0.2857142857142857,0.0,0.0,0.5,0.38571428571428573,0.2857142857142857,72.36428571428571,5.237679100036621,2.8423709931771093,1.2874195727396267,0.6666651111147408,0.35714285714285715,0.21428571428571427,0.8741365010161619,0.0,trainPep,23
9,-0.20412541214591307,0.0,0.022680601349545897,0.6666666666666666,0.0,0.0,0.0,0.2222222222222222,1.5333333333333334,0.0,30.28888888888889,5.57001667022705,1.8910611120726526,0.3061876589373812,0.0,0.3333333333333333,0.0,0.6843451833661782,0.0,trainPep,24
26,-1.2369661638966432,-0.038461538461538464,0.04757562168833243,0.34615384615384615,0.038461538461538464,0.038461538461538464,0.07692307692307693,0.4230769230769231,0.08461538461538455,0.038461538461538464,9.615384615384617,4.3702592849731445,3.4745049881054295,3.5734474835197947,0.1111107901243841,0.2692307692307692,0.07692307692307693,1.4744896371945728,0.03994082840236687,trainPep,25
8,-0.23989838581069733,0.0,0.029987298226337167,0.625,0.5,0.0,0.0,0.125,1.2125,0.5,24.175,5.525000190734862,2.1556390622295662,0.38383680315823065,0.799998720002048,0.5,0.5,0.2923838977096577,0.0,trainPep,26
8,-0.2387876247708538,0.0,0.029848453096356725,0.375,0.125,0.125,0.125,0.25,-0.3375,0.125,60.075,5.83636417388916,3.0,0.6367653013481399,0.3333324444468148,0.375,0.25,1.182517924601746,0.09375,trainPep,27
7,0.7591026131903019,0.14285714285714285,0.10844323045575742,0.42857142857142855,0.0,0.14285714285714285,0.0,0.42857142857142855,0.5,0.0,36.08571428571429,8.750052070617677,2.1280852788913944,1.7712352978950097,0.0,0.2857142857142857,0.14285714285714285,1.1847439270298632,0.06122448979591836,trainPep,28
19,-0.23989838581069733,0.0,0.012626230832141965,0.5263157894736842,0.0,0.0,0.0,0.42105263157894735,0.8842105263157896,0.0,29.74736842105263,5.525000190734862,2.9053077763737467,0.4558060670087976,0.0,0.3684210526315789,0.0,1.1400001101619577,0.0,trainPep,29
10,-0.24979937590970713,0.0,0.024979937590970714,0.4,0.0,0.0,0.0,0.5,1.22,0.0,63.71,5.518122673034666,2.6464393446710157,0.6244968785320715,0.0,0.4,0.1,1.157646679870995,0.0,trainPep,30
10,1.7580936122913,0.2,0.17580936122913,0.6,0.2,0.2,0.0,0.0,0.4800000000000001,0.2,-11.67,9.994291877746583,2.9219280948873623,2.930151136900272,0.33333277777870374,0.5,0.3,0.5304559109962602,0.12,trainPep,31
9,0.7600916142893016,0.1111111111111111,0.0844546238099224,0.4444444444444444,0.1111111111111111,0.1111111111111111,0.0,0.4444444444444444,0.35555555555555557,0.1111111111111111,30.28888888888889,9.750021171569824,2.4193819456463714,1.7102022841957893,0.24999943750126563,0.3333333333333333,0.2222222222222222,0.07361628928683614,0.04938271604938271,trainPep,32
12,-0.04915060044096764,0.0,0.004095883370080637,0.3333333333333333,0.0,0.16666666666666666,0.16666666666666666,0.25,-0.15833333333333321,0.0,18.933333333333337,6.34331111907959,3.0849625007211556,0.14745135896882602,0.0,0.25,0.25,1.4915554100224688,0.1111111111111111,trainPep,33
8,0.39719759336762717,0.125,0.049649699170953396,0.375,0.0,0.125,0.0,0.5,-0.7125,0.0,79.05,8.410110282897953,2.5,1.059190757804985,0.0,0.25,0.125,0.4474484744872277,0.046875,trainPep,34
14,0.7591026131903019,0.07142857142857142,0.05422161522787871,0.42857142857142855,0.21428571428571427,0.07142857142857142,0.0,0.2857142857142857,0.00714285714285715,0.21428571428571427,0.5999999999999999,8.750052070617677,2.9852281360342525,1.7712352978950097,0.4999988333360556,0.21428571428571427,0.2857142857142857,0.7106105958788231,0.03061224489795918,trainPep,35
19,0.46013645931759795,0.05263157894736842,0.024217708385136733,0.7894736842105263,0.10526315789473684,0.05263157894736842,0.0,0.10526315789473684,2.2263157894736842,0.10526315789473684,9.473684210526315,9.46507091522217,2.6078612261419973,0.5828387768731733,0.13333316444465837,0.5789473684210527,0.15789473684210525,0.9167448679104215,0.04155124653739612,trainPep,36
7,-1.0477492005722362,-0.14285714285714285,0.14967845722460518,0.2857142857142857,0.14285714285714285,0.14285714285714285,0.2857142857142857,0.14285714285714285,-1.0714285714285714,0.14285714285714285,55.142857142857146,4.532079887390137,2.5216406363433186,3.6671093671200423,0.499998250006125,0.2857142857142857,0.2857142857142857,0.4270657247082084,0.12244897959183672,trainPep,37
16,-0.20512441314491403,0.0,0.012820275821557127,0.4375,0.0625,0.0,0.0,0.125,1.1562499999999998,0.0625,69.11249999999998,5.5691640853881825,2.649397470347699,0.4688547298061354,0.14285681632727698,0.3125,0.0,0.8748574039768507,0.0,trainPep,38
10,1.0447040548339417,0.1,0.10447040548339417,0.6,0.3,0.1,0.0,0.1,1.05,0.2,38.309999999999995,9.181216621398928,2.6464393446710153,1.7411705227723648,0.49999916666805555,0.6,0.3,0.8956755351800343,0.06,trainPep,39
11,-0.24967761596886318,0.0,0.022697965088078472,0.45454545454545453,0.0,0.09090909090909091,0.09090909090909091,0.18181818181818182,1.118181818181818,0.0,3.445454545454546,5.828690910339356,2.845350936622437,0.5492895466944963,0.0,0.45454545454545453,0.18181818181818182,0.23548417072601813,0.08264462809917356,trainPep,40
12,1.7329793890561507,0.16666666666666666,0.14441494908801256,0.3333333333333333,0.08333333333333333,0.16666666666666666,0.0,0.3333333333333333,-0.06666666666666665,0.08333333333333333,52.38333333333333,11.000707817077636,3.2516291673878226,5.198922570400741,0.24999925000225,0.3333333333333333,0.25,0.8730919038731403,0.05555555555555555,trainPep,41
12,0.7619030752635112,0.08333333333333333,0.06349192293862593,0.4166666666666667,0.16666666666666666,0.16666666666666666,0.08333333333333333,0.25,-0.20000000000000018,0.16666666666666666,25.21666666666667,8.74786014556885,3.084962500721156,1.8285629920812458,0.39999904000230396,0.3333333333333333,0.3333333333333333,0.5293312074741066,0.10416666666666667,trainPep,42
11,0.7571046111922999,0.09090909090909091,0.06882769192657272,0.5454545454545454,0.18181818181818182,0.09090909090909091,0.0,0.0,0.5727272727272724,0.18181818181818182,18.881818181818183,8.49740047454834,2.413088436425758,1.3880225758111608,0.3333327222233426,0.5454545454545454,0.09090909090909091,1.3087252196407004,0.04958677685950413,trainPep,43
15,-1.061927087353105,-0.06666666666666667,0.07079513915687367,0.6,0.26666666666666666,0.06666666666666667,0.13333333333333333,0.06666666666666667,0.7,0.13333333333333333,30.4,6.003300285339355,3.189898095464287,1.7698755291292931,0.44444370370493824,0.5333333333333333,0.13333333333333333,0.42924639749451426,0.12,trainPep,44
9,2.7580936122913,0.3333333333333333,0.3064548458101444,0.4444444444444444,0.1111111111111111,0.3333333333333333,0.0,0.1111111111111111,-0.6222222222222222,0.1111111111111111,8.88888888888889,11.16626262664795,2.725480556997868,6.20569666483793,0.24999943750126563,0.2222222222222222,0.4444444444444444,1.4929963078830333,0.14814814814814814,trainPep,45
11,3.7560956102932983,0.36363636363636365,0.34146323729939076,0.5454545454545454,0.2727272727272727,0.36363636363636365,0.0,0.09090909090909091,-0.3636363636363637,0.2727272727272727,-3.4090909090909123,10.461623191833493,2.413088436425758,6.886162660906169,0.49999908333501386,0.5454545454545454,0.5454545454545454,1.132578423881871,0.1983471074380165,trainPep,46
9,0.794875586855086,0.1111111111111111,0.0883195096505651,0.8888888888888888,0.0,0.1111111111111111,0.0,0.0,1.8333333333333333,0.0,-0.5444444444444447,8.795051002502444,1.3516441151533922,0.8942340291986889,0.0,0.3333333333333333,0.1111111111111111,0.6947849350046666,0.09876543209876543,trainPep,47
10,-0.5497545308814108,0.0,0.05497545308814108,0.3,0.0,0.0,0.0,0.7,1.08,0.0,28.26,5.238076972961425,2.1219280948873624,1.832508994574721,0.0,0.3,0.1,0.23795931525204353,0.0,trainPep,48
10,0.794875586855086,0.1,0.0794875586855086,0.5,0.0,0.1,0.0,0.1,1.2900000000000003,0.0,2.7900000000000027,8.795051002502444,2.721928094887362,1.5897479942141834,0.0,0.3,0.1,1.0154491392251601,0.05,trainPep,49
13,-0.15272419755611044,0.0,0.011748015196623881,0.46153846153846156,0.07692307692307693,0.0,0.0,0.46153846153846156,0.3076923076923077,0.0,2.7,6.741127204895021,2.9689185639620974,0.3309017110845319,0.16666630555633796,0.38461538461538464,0.0,0.9598672178297623,0.0,trainPep,50
21,0.4904436975423341,0.047619047619047616,0.023354461787730194,0.5238095238095238,0.09523809523809523,0.047619047619047616,0.0,0.3333333333333333,1.4142857142857144,0.09523809523809523,29.857142857142854,7.999833488464356,3.172810733519864,0.9362998169175326,0.18181783471140642,0.5238095238095238,0.19047619047619047,1.0818416408006,0.024943310657596373,trainPep,51
8,1.758103612191301,0.25,0.21976295152391262,0.5,0.125,0.25,0.0,0.125,0.14999999999999997,0.125,28.275,10.002737236022949,2.75,3.5162001919822177,0.249999500001,0.375,0.375,1.2901961330422769,0.125,trainPep,52
7,-0.041471132421644796,0.0,0.005924447488806399,0.5714285714285714,0.2857142857142857,0.0,0.0,0.14285714285714285,1.0999999999999999,0.2857142857142857,-12.899999999999999,5.954987144470215,2.2359263506290326,0.07257435473275761,0.4999991250015312,0.5714285714285714,0.2857142857142857,0.07580278356094619,0.0,trainPep,53
14,0.7609040742645101,0.07142857142857142,0.05435029101889358,0.6428571428571429,0.21428571428571427,0.14285714285714285,0.07142857142857142,0.07142857142857142,0.9928571428571428,0.21428571428571427,5.5285714285714285,8.589912605285647,3.3248629576173574,1.1836267187698974,0.3333328148156213,0.5714285714285714,0.2857142857142857,1.4666195977013066,0.13775510204081634,trainPep,54
12,0.8472658025438885,0.08333333333333333,0.07060548354532405,0.4166666666666667,0.08333333333333333,0.08333333333333333,0.0,0.3333333333333333,-0.325,0.0,6.925000000000001,9.756532478332517,3.084962500721156,2.0334330458660226,0.19999952000115198,0.25,0.08333333333333333,1.3363861993020214,0.034722222222222224,trainPep,55
8,-0.15272419755611044,0.0,0.019090524694513805,0.875,0.125,0.0,0.0,0.0,2.6125000000000003,0.0,32.825,6.741127204895021,2.25,0.17454174058785127,0.14285697959202331,0.625,0.0,0.520332876681952,0.0,trainPep,56
11,0.7591026131903019,0.09090909090909091,0.06900932847184563,0.36363636363636365,0.0,0.09090909090909091,0.0,0.5454545454545454,-0.5363636363636364,0.0,86.9909090909091,8.750052070617677,2.663532754804255,2.087526445575605,0.0,0.36363636363636365,0.09090909090909091,1.5881976063632628,0.03305785123966942,trainPep,57
6,-0.2507983769087082,0.0,0.0417997294847847,0.6666666666666666,0.16666666666666666,0.0,0.0,0.3333333333333333,1.7166666666666668,0.16666666666666666,8.333333333333334,5.517440605163573,2.584962500721156,0.3761970010675607,0.2499996250005625,0.5,0.16666666666666666,0.9207484877955423,0.0,trainPep,58
7,1.7958545880540848,0.2857142857142857,0.25655065543629785,0.5714285714285714,0.2857142857142857,0.2857142857142857,0.0,0.14285714285714285,0.2571428571428571,0.2857142857142857,8.571428571428571,11.999967765808105,2.235926350629032,3.1427400292995973,0.4999991250015312,0.42857142857142855,0.5714285714285714,0.26845070283934785,0.16326530612244897,trainPep,59
11,-0.20412541214591307,0.0,0.01855685564962846,0.6363636363636364,0.0,0.0,0.0,0.0,2.536363636363636,0.0,12.59090909090909,5.57001667022705,2.413088436425758,0.32076800073671935,0.0,0.5454545454545454,0.0,0.5102049945340139,0.0,trainPep,60
9,1.7571046111922999,0.2222222222222222,0.19523384568803331,0.4444444444444444,0.1111111111111111,0.2222222222222222,0.0,0.3333333333333333,-0.5666666666666667,0.1111111111111111,45.111111111111114,9.703023719787598,2.725480556997868,3.9534764798605955,0.24999943750126563,0.4444444444444444,0.2222222222222222,1.110304174981267,0.09876543209876543,trainPep,61
9,-1.2387776248708526,-0.1111111111111111,0.13764195831898363,0.3333333333333333,0.1111111111111111,0.0,0.1111111111111111,0.4444444444444444,-0.011111111111111146,0.1111111111111111,100.51111111111112,4.0500284194946286,2.2810361125534233,3.7163217256473815,0.33333233333633333,0.1111111111111111,0.1111111111111111,0.5622219823948712,0.037037037037037035,trainPep,62
13,-1.496834850485445,-0.07692307692307693,0.11514114234503423,0.5384615384615384,0.0,0.0,0.07692307692307693,0.3076923076923077,0.7615384615384617,0.0,33.06153846153847,4.0500284194946286,2.7773627950641693,2.7798309883582766,0.0,0.23076923076923078,0.0,0.8706468731887859,0.04142011834319527,trainPep,63
9,0.5855308737979299,0.1111111111111111,0.06505898597754776,0.4444444444444444,0.2222222222222222,0.1111111111111111,0.0,0.2222222222222222,0.30000000000000004,0.1111111111111111,63.1,8.365949440002442,2.725480556997868,1.3174415018019634,0.49999887500253126,0.3333333333333333,0.1111111111111111,0.2011291118218842,0.04938271604938271,trainPep,64
16,0.45914745821859826,0.0625,0.02869671613866239,0.4375,0.1875,0.0625,0.0,0.3125,0.575,0.1875,28.14375,8.465101814270021,2.382856063692049,1.0494775056939258,0.42857044898183094,0.25,0.25,0.13827716167144877,0.02734375,trainPep,65
9,0.758103612191301,0.1111111111111111,0.08423373468792233,0.4444444444444444,0.1111111111111111,0.1111111111111111,0.0,0.3333333333333333,0.21111111111111108,0.1111111111111111,8.88888888888889,8.590879631042483,2.725480556997868,1.705729289539526,0.24999943750126563,0.2222222222222222,0.1111111111111111,0.6469166723403149,0.04938271604938271,trainPep,66
20,3.757084611392298,0.2,0.1878542305696149,0.5,0.15,0.2,0.0,0.2,0.10999999999999992,0.15000000000000002,39.065000000000005,11.097152519226071,3.341446071165522,7.514154194476206,0.29999940000119996,0.4,0.3,1.4185695611154285,0.1,trainPep,67
12,-0.23989838581069733,0.0,0.019991532150891445,0.4166666666666667,0.16666666666666666,0.0,0.0,0.3333333333333333,0.6916666666666668,0.16666666666666666,45.78333333333333,5.525000190734862,2.625814583693911,0.5757547441342877,0.39999904000230396,0.3333333333333333,0.16666666666666666,0.5379395080866074,0.0,trainPep,68
11,-0.2310381840947886,0.0,0.02100347128134442,0.2727272727272727,0.0,0.18181818181818182,0.18181818181818182,0.36363636363636365,-1.2727272727272727,0.0,79.40909090909092,6.282379722595215,2.7321588913645702,0.847136902178917,0.0,0.2727272727272727,0.18181818181818182,1.222315076955804,0.09917355371900825,trainPep,69
12,1.748202622092291,0.16666666666666666,0.14568355184102424,0.5833333333333334,0.0,0.16666666666666666,0.0,0.25,1.2083333333333335,0.0,9.166666666666668,9.314085960388184,2.6258145836939115,2.996913643163396,0.0,0.3333333333333333,0.25,1.3817927128467957,0.09722222222222222,trainPep,70
13,0.4904436975423341,0.07692307692307693,0.037726438272487235,0.38461538461538464,0.15384615384615385,0.07692307692307693,0.0,0.3076923076923077,0.6692307692307692,0.15384615384615385,45.969230769230776,7.999833488464356,3.180832987205441,1.2751502982192933,0.399998960002704,0.23076923076923078,0.3076923076923077,0.3144492888621281,0.02958579881656805,trainPep,71
9,1.845277800445888,0.2222222222222222,0.2050308667162098,0.5555555555555556,0.2222222222222222,0.2222222222222222,0.0,0.1111111111111111,-0.1666666666666667,0.1111111111111111,25.766666666666666,10.002801704406739,2.725480556997868,3.3214940621132865,0.3999992800012959,0.3333333333333333,0.3333333333333333,1.3203988921433105,0.12345679012345678,trainPep,72
9,-0.4996453124586552,0.0,0.05551614582873946,0.7777777777777778,0.2222222222222222,0.0,0.0,0.0,2.8555555555555556,0.2222222222222222,30.28888888888889,5.275022315979004,2.197159723424149,0.6424002900750408,0.28571391836781923,0.7777777777777778,0.2222222222222222,0.7746426434197243,0.0,trainPep,73
12,0.7329893889561515,0.08333333333333333,0.061082449079679295,0.5,0.0,0.08333333333333333,0.0,0.3333333333333333,0.8750000000000001,0.0,-12.058333333333334,8.720009803771973,2.355388542207534,1.465975845960611,0.0,0.3333333333333333,0.08333333333333333,0.892671211257057,0.041666666666666664,trainPep,74
7,0.7591026131903019,0.14285714285714285,0.10844323045575742,0.2857142857142857,0.2857142857142857,0.14285714285714285,0.0,0.14285714285714285,-0.42857142857142866,0.2857142857142857,60.028571428571425,8.750052070617677,1.8423709931771088,2.656849847191592,0.99999650001225,0.2857142857142857,0.42857142857142855,0.6465128012289894,0.04081632653061224,trainPep,75
27,3.846246801744886,0.14814814814814814,0.14245358524981058,0.48148148148148145,0.1111111111111111,0.14814814814814814,0.0,0.25925925925925924,0.14814814814814817,0.07407407407407407,34.46296296296296,11.999967765808105,3.5743577621291283,7.988342150913374,0.2307687514802854,0.2962962962962963,0.2222222222222222,1.629007511319287,0.07133058984910835,trainPep,76
10,-0.06555000930152344,0.0,0.006555000930152344,0.4,0.2,0.0,0.0,0.3,0.16000000000000006,0.0,44.64,6.917725944519043,2.5219280948873624,0.16387461356727467,0.49999875000312505,0.4,0.0,1.8178810207439486,0.0,trainPep,77
10,0.7619030752635112,0.1,0.07619030752635111,0.6,0.2,0.2,0.1,0.1,0.6599999999999999,0.2,25.380000000000003,8.74786014556885,2.6464393446710153,1.2698363423786148,0.33333277777870374,0.6,0.4,1.3799849165515654,0.18000000000000002,trainPep,78
20,1.4617413794680125,0.1,0.07308706897340063,0.35,0.25,0.2,0.1,0.1,-1.0950000000000002,0.25,56.720000000000006,9.51864414215088,3.246439344671016,4.176392008788583,0.7142836734752187,0.35,0.3,0.7216286607858012,0.10500000000000001,trainPep,79
22,0.7333546687786825,0.04545454545454547,0.03333430312630375,0.4090909090909091,0.045454545454545456,0.18181818181818182,0.13636363636363635,0.22727272727272727,0.02727272727272728,0.045454545454545456,3.4772727272727266,8.402245140075685,2.89740761970092,1.7926403638936677,0.11111083950683677,0.3181818181818182,0.22727272727272727,1.1356862782677226,0.13016528925619836,trainPep,80
13,-2.159251158288953,-0.15384615384615385,0.16609624294530406,0.38461538461538464,0.0,0.07692307692307693,0.23076923076923078,0.3076923076923077,-0.176923076923077,0.0,79.16923076923078,4.1375036239624015,3.0850551027564768,5.6140384150513984,0.0,0.3076923076923077,0.07692307692307693,1.642428103806401,0.1183431952662722,trainPep,81
14,1.844278799446887,0.14285714285714285,0.13173419996049193,0.2857142857142857,0.14285714285714285,0.14285714285714285,0.0,0.35714285714285715,-0.5285714285714286,0.07142857142857142,88.53571428571429,9.703152656555176,3.09306920777189,6.454953205727885,0.499998250006125,0.21428571428571427,0.14285714285714285,1.0925707896419745,0.04081632653061224,trainPep,82
10,-0.23989838581069733,0.0,0.023989838581069733,0.5,0.2,0.0,0.0,0.1,0.9400000000000001,0.2,63.71000000000001,5.525000190734862,2.4464393446710155,0.47979581202977056,0.3999992000016,0.3,0.2,0.8028797751646775,0.0,trainPep,83
10,-0.4526793525278141,0.0,0.04526793525278141,0.6,0.1,0.0,0.0,0.3,0.78,0.0,41.6,6.4564207077026365,2.121928094887362,0.7544643301058066,0.16666638888935187,0.4,0.0,0.5936006306368528,0.0,trainPep,84
9,-1.2352764628632777,-0.1111111111111111,0.13725294031814197,0.4444444444444444,0.0,0.1111111111111111,0.2222222222222222,0.2222222222222222,-0.21111111111111122,0.0,56.555555555555564,4.531397819519043,2.4193819456463714,2.7793657878693527,0.0,0.3333333333333333,0.1111111111111111,1.245358088660203,0.14814814814814814,trainPep,85
8,0.7492016230912921,0.125,0.09365020288641152,0.375,0.0,0.125,0.0,0.375,1.1875,0.0,8.75,8.22224941253662,2.75,1.997865667268333,0.0,0.375,0.25,1.3990239987652864,0.046875,trainPep,86
7,-1.2370879238374872,-0.14285714285714285,0.17672684626249818,0.5714285714285714,0.0,0.0,0.14285714285714285,0.14285714285714285,0.9428571428571428,0.0,-3.5571428571428574,4.0500284194946286,2.5216406363433186,2.164900078140466,0.0,0.42857142857142855,0.0,0.3112742437712735,0.08163265306122448,trainPep,87
11,1.759092613290301,0.18181818181818182,0.15991751029911827,0.45454545454545453,0.09090909090909091,0.18181818181818182,0.0,0.36363636363636365,0.23636363636363625,0.09090909090909091,9.09090909090909,11.000836753845213,2.7321588913645702,3.8699952352491453,0.19999956000096802,0.2727272727272727,0.2727272727272727,1.0016314075857504,0.08264462809917356,trainPep,88
13,0.8830387762086728,0.07692307692307693,0.06792605970835944,0.46153846153846156,0.23076923076923078,0.07692307692307693,0.0,0.23076923076923078,0.7153846153846152,0.15384615384615385,2.7,9.800370979309083,3.238901256602631,1.913246536417962,0.4999989166690139,0.38461538461538464,0.23076923076923078,1.1118418295505093,0.03550295857988166,trainPep,89
10,0.7570946112922987,0.1,0.07570946112922987,0.6,0.3,0.1,0.0,0.0,-0.1400000000000001,0.3,20.499999999999996,8.496562385559084,2.446439344671015,1.2618222491167492,0.49999916666805555,0.5,0.1,0.8618515193002356,0.06,trainPep,90
10,0.8472658025438885,0.1,0.08472658025438885,0.5,0.2,0.1,0.0,0.3,0.3599999999999999,0.1,13.230000000000002,9.756532478332517,2.9219280948873623,1.6945282160313448,0.3999992000016,0.4,0.2,1.001975131719177,0.05,trainPep,91
12,-1.222806631404088,-0.08333333333333333,0.10190055261700733,0.5,0.08333333333333333,0.0,0.08333333333333333,0.3333333333333333,1.3666666666666665,0.08333333333333333,-1.4583333333333304,4.0500284194946286,3.0220552088742005,2.4456083715914327,0.16666633333399997,0.3333333333333333,0.25,0.2711273971676225,0.041666666666666664,trainPep,92
8,1.758103612191301,0.25,0.21976295152391262,0.375,0.125,0.25,0.0,0.375,-0.5125,0.125,14.037500000000003,10.002737236022949,2.5,4.688263797140011,0.3333324444468148,0.25,0.375,1.4824034381282793,0.09375,trainPep,93
10,1.7600816143893008,0.2,0.17600816143893008,0.5,0.1,0.2,0.0,0.3,0.36999999999999994,0.1,110.22,11.999967765808105,2.4464393446710155,3.5201561884662245,0.1999996000008,0.3,0.3,1.492278492008453,0.1,trainPep,94
11,0.7958645879540859,0.09090909090909091,0.07235132617764417,0.6363636363636364,0.0,0.09090909090909091,0.0,0.18181818181818182,0.9636363636363637,0.0,1.3727272727272726,9.79502010345459,2.4040097573248604,1.250642387204098,0.0,0.18181818181818182,0.09090909090909091,0.9090887431525264,0.05785123966942149,trainPep,95
7,-0.23989838581069733,0.0,0.03427119797295676,0.8571428571428571,0.0,0.0,0.0,0.14285714285714285,2.0571428571428574,0.0,36.08571428571429,5.525000190734862,2.1280852788913944,0.27988112358450273,0.0,0.42857142857142855,0.0,1.2495274436004817,0.0,trainPep,96
9,1.7839655958570741,0.2222222222222222,0.1982183995396749,0.4444444444444444,0.1111111111111111,0.2222222222222222,0.0,0.2222222222222222,-0.11111111111111113,0.1111111111111111,38.84444444444444,9.315246391296387,2.94770277922009,4.0139135593729085,0.24999943750126563,0.2222222222222222,0.3333333333333333,0.07488446336047663,0.09876543209876543,trainPep,97
11,0.7492016230912921,0.09090909090909091,0.06810923846284474,0.36363636363636365,0.2727272727272727,0.09090909090909091,0.0,0.2727272727272727,0.6636363636363636,0.2727272727272727,1.3727272727272726,8.22224941253662,2.845350936622437,2.06029879767936,0.7499979375056718,0.36363636363636365,0.45454545454545453,1.397600381788328,0.03305785123966942,trainPep,98
15,0.4904436975423341,0.06666666666666667,0.032696246502822275,0.7333333333333333,0.0,0.06666666666666667,0.0,0.13333333333333333,2.433333333333333,0.0,29.986666666666668,7.999833488464356,2.6825887305018337,0.6687859483041625,0.0,0.5333333333333333,0.13333333333333333,0.5248839211495295,0.048888888888888885,trainPep,99
8,-0.2337952621893411,0.0,0.029224407773667638,0.375,0.125,0.25,0.25,0.0,-0.5875000000000001,0.125,52.35,6.192915153503418,3.0,0.6234523699652564,0.3333324444468148,0.375,0.375,0.2611986746285984,0.1875,trainPep,100
12,0.7619030752635112,0.08333333333333333,0.06349192293862593,0.3333333333333333,0.0,0.16666666666666666,0.08333333333333333,0.25,-0.1583333333333334,0.0,54.75833333333334,8.74786014556885,2.855388542207534,2.285702368683428,0.0,0.3333333333333333,0.16666666666666666,0.8985957891036925,0.08333333333333333,trainPep,101
20,1.7592143732311445,0.09999999999999999,0.08796071866155722,0.25,0.05,0.15,0.05,0.45,-0.775,0.05,-0.16999999999999993,9.994291877746583,3.4841837197791885,7.036829345607196,0.1999992000032,0.2,0.2,0.7791171220848686,0.05,trainPep,102
9,0.7590926132903006,0.1111111111111111,0.08434362369892229,0.5555555555555556,0.2222222222222222,0.1111111111111111,0.0,0.2222222222222222,-0.7444444444444445,0.2222222222222222,0.688888888888888,8.747602272033692,2.94770277922009,1.366364244466901,0.3999992800012959,0.2222222222222222,0.2222222222222222,1.1662228025371206,0.06172839506172839,trainPep,103
14,2.760727533140719,0.2142857142857143,0.19719482379576564,0.2857142857142857,0.0,0.35714285714285715,0.14285714285714285,0.14285714285714285,-1.0714285714285714,0.0,97.35000000000002,9.825642585754395,2.692380602454975,9.662512547198602,0.0,0.21428571428571427,0.35714285714285715,1.9367184162400917,0.14285714285714285,trainPep,104
10,2.7580936122913,0.3,0.27580936122913,0.5,0.0,0.3,0.0,0.2,0.2000000000000001,0.0,-25.89,11.16626262664795,2.9219280948873623,5.5161761922302155,0.0,0.4,0.3,1.7248989871618612,0.15,trainPep,105
7,1.7589160721665094,0.2857142857142857,0.25127372459521563,0.42857142857142855,0.14285714285714285,0.42857142857142855,0.14285714285714285,0.0,-1.2714285714285716,0.14285714285714285,-14.328571428571431,9.528249931335449,1.8423709931771088,4.104127925423363,0.3333325555573704,0.42857142857142855,0.42857142857142855,2.0695280729103525,0.24489795918367344,trainPep,106
9,-0.23627546386227882,0.0,0.026252829318030982,0.5555555555555556,0.0,0.2222222222222222,0.2222222222222222,0.0,0.4,0.0,60.24444444444444,6.142555809020995,2.2810361125534238,0.4252950694209769,0.0,0.4444444444444444,0.2222222222222222,0.8747038324274119,0.24691358024691357,trainPep,107
15,-0.24979937590970713,0.0,0.01665329172731381,0.6666666666666666,0.2,0.0,0.0,0.2,1.7466666666666668,0.2,42.966666666666654,5.518122673034666,3.0062389286533895,0.37469850181680797,0.299999550000675,0.4,0.26666666666666666,0.922631380218337,0.0,trainPep,108
14,1.758103612191301,0.14285714285714285,0.12557882944223578,0.5,0.07142857142857142,0.14285714285714285,0.0,0.14285714285714285,0.5857142857142856,0.07142857142857142,-4.9,10.002737236022949,2.7534343861887853,3.5162001919822177,0.14285685714342855,0.21428571428571427,0.21428571428571427,0.6936176369436682,0.07142857142857142,trainPep,109
14,2.7599050732655095,0.21428571428571427,0.19713607666182212,0.35714285714285715,0.14285714285714285,0.2857142857142857,0.07142857142857142,0.21428571428571427,-0.47142857142857153,0.14285714285714285,4.850000000000002,10.289686012268067,3.182005814760214,7.727712567548238,0.399998880003136,0.2857142857142857,0.42857142857142855,0.6308178311815174,0.12755102040816324,trainPep,110
8,1.847255802643888,0.25,0.230906975330486,0.5,0.25,0.25,0.0,0.125,-0.5,0.125,139.55,11.999967765808105,2.75,3.694504216279343,0.499999000002,0.25,0.375,1.125346747544504,0.125,trainPep,111
17,0.502156148615553,0.058823529411764705,0.02953859697738547,0.35294117647058826,0.0,0.11764705882352941,0.058823529411764705,0.17647058823529413,0.22941176470588237,0.0,22.511764705882356,8.498431968688966,3.028639311838575,1.4227717232241845,0.0,0.35294117647058826,0.11764705882352941,1.6579402219642745,0.06228373702422145,trainPep,112
10,0.7591026131903019,0.1,0.0759102613190302,0.5,0.1,0.1,0.0,0.2,0.82,0.1,35.959999999999994,8.750052070617677,3.121928094887362,1.518202189976224,0.1999996000008,0.4,0.2,1.1129659076670992,0.05,trainPep,113
19,1.7600816143893008,0.10526315789473684,0.09263587444154214,0.7368421052631579,0.15789473684210525,0.10526315789473684,0.0,0.05263157894736842,1.2473684210526317,0.15789473684210525,54.09473684210527,11.999967765808105,2.6755957776053108,2.3886789491783342,0.21428542346978244,0.42105263157894735,0.2631578947368421,1.1101398972987786,0.07756232686980609,trainPep,114
20,-0.2598969069325108,0.0,0.012994845346625539,0.45,0.2,0.05,0.05,0.2,0.37499999999999994,0.2,6.509999999999998,5.985964393615721,3.4086949695628417,0.5775473986335825,0.4444434567923183,0.3,0.2,1.290682131912713,0.045000000000000005,trainPep,115
10,0.7609040742645101,0.1,0.07609040742645101,0.3,0.1,0.2,0.1,0.2,-0.8700000000000001,0.1,53.339999999999996,8.589912605285647,3.321928094887362,2.5363384597535017,0.33333222222592596,0.3,0.2,0.8762003684073518,0.09000000000000001,trainPep,116
21,0.7393006329922822,0.047619047619047616,0.035204792047251535,0.5714285714285714,0.0,0.047619047619047616,0.0,0.3333333333333333,1.4428571428571433,0.0,2.9761904761904763,8.058370780944824,2.855904922469693,1.2937738436322674,0.0,0.38095238095238093,0.14285714285714285,1.0738265329468304,0.027210884353741492,trainPep,117
15,-0.15272419755611044,0.0,0.010181613170407363,0.6,0.13333333333333333,0.0,0.0,0.26666666666666666,1.4400000000000002,0.06666666666666667,3.673333333333333,6.741127204895021,2.606238928653389,0.254539905027009,0.22222185185246912,0.4,0.06666666666666667,0.910038406933682,0.0,trainPep,118
9,1.758103612191301,0.2222222222222222,0.19534484579903344,0.3333333333333333,0.0,0.2222222222222222,0.0,0.4444444444444444,-0.6888888888888889,0.0,-19.41111111111111,10.002737236022949,2.725480556997868,5.274295013688863,0.0,0.2222222222222222,0.2222222222222222,0.9918481432006678,0.07407407407407407,trainPep,119
8,-1.2387776248708526,-0.125,0.15484720310885658,0.625,0.125,0.0,0.125,0.25,0.9624999999999999,0.125,8.75,4.0500284194946286,2.4056390622295662,1.9820410285277186,0.199999680000512,0.25,0.125,0.6975929742551109,0.078125,trainPep,120
14,0.748202622092291,0.07142857142857142,0.05344304443516364,0.42857142857142855,0.14285714285714285,0.07142857142857142,0.0,0.2857142857142857,0.7785714285714285,0.14285714285714285,-14.292857142857144,8.197493553161618,3.3248629576173574,1.7458020446772418,0.3333325555573704,0.42857142857142855,0.21428571428571427,0.9271850381385839,0.03061224489795918,trainPep,121
16,1.7976660490282943,0.125,0.1123541280642684,0.4375,0.0625,0.1875,0.0625,0.25,0.28124999999999983,0.0625,17.531250000000004,10.835217475891113,3.1556390622295662,4.108941577341068,0.14285681632727698,0.375,0.25,0.503219587935466,0.109375,trainPep,122
9,-1.1613609203277977,-0.1111111111111111,0.12904010225864418,0.5555555555555556,0.1111111111111111,0.1111111111111111,0.2222222222222222,0.1111111111111111,0.8222222222222222,0.1111111111111111,42.25555555555556,4.531682014465332,2.725480556997868,2.0904458937874266,0.19999964000064796,0.5555555555555556,0.2222222222222222,0.5057727140106145,0.18518518518518517,trainPep,123
7,-0.23808692483648786,0.0,0.03401241783378398,0.5714285714285714,0.14285714285714285,0.14285714285714285,0.14285714285714285,0.14285714285714285,0.6285714285714287,0.14285714285714285,36.08571428571429,6.0014245986938475,2.807354922057604,0.4166513893239224,0.2499995625007656,0.42857142857142855,0.2857142857142857,0.6970967283272221,0.16326530612244897,trainPep,124
21,1.5001681465175527,0.09523809523809523,0.07143657840559775,0.47619047619047616,0.047619047619047616,0.14285714285714285,0.047619047619047616,0.14285714285714285,0.9571428571428574,0.047619047619047616,7.728571428571427,9.700251579284668,3.2009102795095274,3.150346491959228,0.099999790000441,0.42857142857142855,0.19047619047619047,0.544802478931195,0.09070294784580497,trainPep,125
6,-0.27591260014385743,0.0,0.04598543335730957,0.8333333333333334,0.3333333333333333,0.0,0.0,0.16666666666666666,3.5,0.3333333333333333,8.333333333333334,5.488964271545409,1.9182958340544893,0.33109472285896147,0.3999995200005759,0.8333333333333334,0.5,0.18333333333333332,0.0,trainPep,126
7,-0.23989838581069733,0.0,0.03427119797295676,0.5714285714285714,0.14285714285714285,0.0,0.0,0.14285714285714285,1.857142857142857,0.14285714285714285,8.571428571428571,5.525000190734862,2.2359263506290326,0.4198214404811995,0.2499995625007656,0.5714285714285714,0.14285714285714285,0.7308100835679484,0.0,trainPep,127
11,0.45914745821859826,0.09090909090909091,0.04174067801987257,0.45454545454545453,0.0,0.09090909090909091,0.0,0.36363636363636365,1.0545454545454547,0.0,1.3727272727272726,8.465101814270021,1.971747257128181,1.0101221858121074,0.0,0.45454545454545453,0.09090909090909091,0.9840634912257208,0.04132231404958678,trainPep,128
9,-1.2387776248708526,-0.1111111111111111,0.13764195831898363,0.5555555555555556,0.0,0.0,0.1111111111111111,0.3333333333333333,0.3333333333333333,0.0,8.88888888888889,4.0500284194946286,2.058813890331201,2.2297957111352544,0.0,0.1111111111111111,0.0,0.1262360082538026,0.06172839506172839,trainPep,129
7,-0.2627089484967007,0.0,0.03752984978524295,0.7142857142857143,0.14285714285714285,0.14285714285714285,0.14285714285714285,0.0,1.6857142857142857,0.14285714285714285,9.957142857142857,6.057297325134278,2.1280852788913944,0.3677920129865627,0.19999972000039198,0.7142857142857143,0.2857142857142857,0.7339660547223907,0.20408163265306123,trainPep,130
8,-0.540852541781402,0.0,0.06760656772267525,0.75,0.25,0.0,0.0,0.125,1.2375,0.25,-1.8625000000000003,5.23978214263916,2.4056390622295662,0.7211357608608547,0.3333328888894815,0.375,0.125,0.293532452437347,0.0,trainPep,131
7,-0.16517038330000888,0.0,0.02359576904285841,0.5714285714285714,0.14285714285714285,0.14285714285714285,0.14285714285714285,0.14285714285714285,0.28571428571428564,0.14285714285714285,-3.5571428571428574,6.099585533142089,2.1280852788913944,0.2890476649416019,0.2499995625007656,0.5714285714285714,0.14285714285714285,0.3976526422945275,0.16326530612244897,trainPep,132
9,0.7619030752635112,0.1111111111111111,0.08465589725150124,0.3333333333333333,0.0,0.2222222222222222,0.1111111111111111,0.2222222222222222,-0.4222222222222223,0.0,51.6888888888889,8.74786014556885,2.94770277922009,2.285702368683428,0.0,0.3333333333333333,0.2222222222222222,2.08662947849627,0.1111111111111111,trainPep,133
12,-1.2013149501727027,-0.08333333333333333,0.10010957918105856,0.5833333333333334,0.0,0.0,0.08333333333333333,0.3333333333333333,1.0250000000000001,0.0,73.36666666666667,4.0500284194946286,2.6258145836939115,2.059393527050015,0.0,0.3333333333333333,0.0,1.0629362477930377,0.04861111111111111,trainPep,134
25,-0.23989838581069733,0.0,0.009595935432427894,0.44,0.0,0.0,0.0,0.0,1.3040000000000003,0.0,26.860000000000003,5.525000190734862,1.8552419173638843,0.5452223649734826,0.0,0.36,0.0,0.5245708482325934,0.0,trainPep,135
13,1.8820297753096709,0.15384615384615385,0.14477152117766698,0.38461538461538464,0.3076923076923077,0.15384615384615385,0.0,0.3076923076923077,-1.0923076923076924,0.23076923076923078,30.11538461538462,10.835217475891113,3.238901256602631,4.893264693316942,0.799997920005408,0.15384615384615385,0.3076923076923077,0.6446456546233955,0.0591715976331361,trainPep,136
9,1.7609040742645101,0.2222222222222222,0.19565600825161222,0.3333333333333333,0.0,0.3333333333333333,0.1111111111111111,0.2222222222222222,-1.1777777777777778,0.0,45.111111111111114,9.994291877746583,2.725480556997868,5.282696374704407,0.0,0.2222222222222222,0.3333333333333333,1.182351660021627,0.14814814814814814,trainPep,137
7,-0.539853540782401,0.0,0.07712193439748585,0.5714285714285714,0.0,0.0,0.0,0.42857142857142855,1.3857142857142857,0.0,8.571428571428571,5.240009498596191,1.950212064914747,0.9447420430706264,0.0,0.2857142857142857,0.0,0.4054883472597949,0.0,trainPep,138
8,0.45914745821859826,0.125,0.05739343227732478,0.375,0.125,0.125,0.0,0.375,0.2125,0.125,79.1,8.465101814270021,2.75,1.2243899568763772,0.3333324444468148,0.25,0.25,0.6215510355682865,0.046875,trainPep,139
12,-0.23989838581069733,0.0,0.019991532150891445,0.75,0.08333333333333333,0.0,0.0,0.16666666666666666,2.45,0.08333333333333333,18.14166666666667,5.525000190734862,2.751629167387823,0.31986408792881255,0.11111096296316049,0.5833333333333334,0.08333333333333333,0.4925521897409997,0.0,trainPep,140
7,1.7590826133902997,0.2857142857142857,0.25129751619861423,0.42857142857142855,0.14285714285714285,0.2857142857142857,0.0,0.14285714285714285,-1.2285714285714289,0.14285714285714285,54.11428571428572,10.835024070739745,2.521640636343318,4.104516520705485,0.3333325555573704,0.2857142857142857,0.2857142857142857,1.1870357409333148,0.12244897959183672,trainPep,141
13,-0.23908592583548893,0.0,0.01839122506426838,0.46153846153846156,0.15384615384615385,0.07692307692307693,0.07692307692307693,0.3076923076923077,0.3230769230769231,0.15384615384615385,24.04615384615385,6.000685691833495,3.180832987205441,0.5180183836037282,0.3333326111126759,0.38461538461538464,0.15384615384615385,1.3971017459754773,0.07100591715976332,trainPep,142
12,-0.23808692483648786,0.0,0.01984057706970732,0.5,0.0,0.08333333333333333,0.08333333333333333,0.25,-1.850371707708594e-17,0.0,9.166666666666668,6.0014245986938475,2.617492461184755,0.47617289732718104,0.0,0.08333333333333333,0.08333333333333333,0.4763886488469385,0.08333333333333333,trainPep,143
6,-0.16262518765512024,0.0,0.02710419794252004,0.6666666666666666,0.3333333333333333,0.0,0.0,0.16666666666666666,2.3666666666666667,0.16666666666666666,81.56666666666666,6.731919288635253,2.251629167387823,0.243937415576557,0.499999250001125,0.6666666666666666,0.3333333333333333,1.1424875394409246,0.0,trainPep,144
9,0.7501906241902918,0.1111111111111111,0.08335451379892131,0.5555555555555556,0.0,0.1111111111111111,0.0,0.3333333333333333,1.622222222222222,0.0,8.88888888888889,8.249712944030762,2.6416041678685933,1.3503406929292778,0.0,0.5555555555555556,0.2222222222222222,1.5254875213757746,0.06172839506172839,trainPep,145
11,-0.26601161004484764,0.0,0.024182873640440694,0.8181818181818182,0.0,0.0,0.0,0.09090909090909091,2.890909090909091,0.0,9.09090909090909,5.494989204406737,1.8676338909712125,0.3251249037910424,0.0,0.7272727272727273,0.0,0.7898882013783592,0.0,trainPep,146
9,0.7600916142893016,0.1111111111111111,0.0844546238099224,0.6666666666666666,0.0,0.1111111111111111,0.0,0.0,1.9333333333333336,0.0,13.166666666666666,9.750021171569824,2.4193819456463714,1.1401357112303856,0.0,0.5555555555555556,0.1111111111111111,1.4741693977079402,0.07407407407407407,trainPep,147
14,-0.25167561796686533,0.0,0.017976829854776093,0.5,0.14285714285714285,0.07142857142857142,0.07142857142857142,0.2857142857142857,0.10714285714285718,0.14285714285714285,62.37142857142859,5.827326774597168,3.182005814760214,0.5033502292332721,0.2857137142868571,0.2857142857142857,0.14285714285714285,1.2730482263723444,0.07142857142857142,trainPep,148
11,2.499661345093488,0.2727272727272727,0.22724194046304438,0.36363636363636365,0.18181818181818182,0.36363636363636365,0.09090909090909091,0.09090909090909091,-0.9818181818181819,0.18181818181818182,16.954545454545453,9.82448215484619,2.7321588913645707,6.874049795370156,0.4999986250037813,0.2727272727272727,0.45454545454545453,1.1506993184948275,0.16528925619834714,trainPep,149
16,1.8019143276967846,0.125,0.11261964548104904,0.5625,0.0625,0.1875,0.0625,0.0625,0.38124999999999987,0.0625,-13.025000000000002,9.994936561584474,2.899397470347699,3.2033975543097424,0.11111091358059808,0.375,0.25,0.7487051549297963,0.140625,trainPep,150
20,-0.15272419755611044,0.0,0.007636209877805522,0.3,0.05,0.0,0.0,0.35,0.24499999999999994,0.0,71.355,6.741127204895021,2.9282129458410013,0.5090789615904963,0.16666611111296298,0.3,0.0,1.2837811494877531,0.0,trainPep,151
20,-3.2348464019577983,-0.15,0.1617423200978899,0.5,0.05,0.0,0.15,0.2,0.5449999999999999,0.05,25.190000000000005,4.0500284194946286,2.946439344671015,6.469679864555867,0.0999998000004,0.25,0.05,1.2188541013395684,0.075,trainPep,152
9,-0.20412541214591307,0.0,0.022680601349545897,0.6666666666666666,0.1111111111111111,0.0,0.0,0.3333333333333333,1.8444444444444446,0.1111111111111111,30.28888888888889,5.57001667022705,2.725480556997868,0.3061876589373812,0.16666641666704166,0.4444444444444444,0.1111111111111111,0.6753953164425114,0.0,trainPep,153
8,0.748202622092291,0.125,0.09352532776153638,0.375,0.125,0.125,0.0,0.5,-0.21250000000000002,0.125,38.35,8.197493553161618,3.0,1.9952016717083183,0.3333324444468148,0.25,0.25,0.7874733159497939,0.046875,trainPep,154
21,-0.5407307818405582,0.0,0.02574908484955039,0.42857142857142855,0.09523809523809523,0.047619047619047616,0.047619047619047616,0.38095238095238093,0.5238095238095237,0.09523809523809523,10.685714285714282,5.552567100524903,3.4992275417233567,1.2617022136561376,0.2222217037049136,0.3333333333333333,0.09523809523809523,1.113477748842625,0.04081632653061224,trainPep,155
13,0.44924646811958846,0.07692307692307693,0.03455742062458373,0.46153846153846156,0.0,0.07692307692307693,0.0,0.46153846153846156,0.8307692307692307,0.0,9.230769230769232,7.940844917297363,2.6612262562697895,0.9733652386344246,0.0,0.38461538461538464,0.15384615384615385,0.76402412573073,0.03550295857988166,trainPep,156
8,0.7600916142893016,0.125,0.0950114517861627,0.5,0.125,0.125,0.0,0.375,0.7125,0.125,8.75,9.750021171569824,2.75,1.5201801882182266,0.249999500001,0.5,0.25,0.9956356559538868,0.0625,trainPep,157
7,0.7976660490282939,0.14285714285714285,0.1139522927183277,0.42857142857142855,0.14285714285714285,0.2857142857142857,0.14285714285714285,0.14285714285714285,-1.6714285714285713,0.14285714285714285,140.32857142857145,8.790344810485841,2.521640636343318,1.8612164382276633,0.3333325555573704,0.2857142857142857,0.2857142857142857,1.4153050044370072,0.18367346938775508,trainPep,158
9,-0.2621003869317948,0.0,0.02912226521464387,0.4444444444444444,0.2222222222222222,0.2222222222222222,0.2222222222222222,0.0,-0.6444444444444444,0.2222222222222222,54.72222222222222,6.040757179260253,2.94770277922009,0.5897245437163151,0.49999887500253126,0.3333333333333333,0.4444444444444444,0.3545718439912555,0.19753086419753085,trainPep,159
8,0.8480882624190982,0.125,0.10601103280238727,0.5,0.375,0.25,0.125,0.0,-0.36249999999999993,0.25,27.737499999999997,8.598486900329593,2.5,1.6961731324919314,0.749998500003,0.375,0.5,1.2691061285414031,0.1875,trainPep,160
13,-1.173950612459174,-0.07692307692307693,0.09030389326609031,0.5384615384615384,0.07692307692307693,0.07692307692307693,0.15384615384615385,0.15384615384615385,0.6769230769230768,0.07692307692307693,66.13076923076925,4.370429801940918,3.180832987205441,2.180189945642853,0.14285687755151313,0.38461538461538464,0.15384615384615385,0.8293377181271605,0.1242603550295858,trainPep,161
20,3.846070260621094,0.2,0.1923035130310547,0.4,0.1,0.25,0.05,0.2,-0.72,0.05,50.335,10.446795463562012,3.384183719779189,9.615151613673701,0.24999937500156252,0.35,0.25,1.2039059338250644,0.12,trainPep,162
7,-0.23989838581069733,0.0,0.03427119797295676,0.5714285714285714,0.14285714285714285,0.0,0.0,0.14285714285714285,1.2857142857142854,0.14285714285714285,8.571428571428571,5.525000190734862,2.5216406363433186,0.4198214404811995,0.2499995625007656,0.42857142857142855,0.14285714285714285,0.09970625488685163,0.0,trainPep,163
13,0.7311131468989935,0.07692307692307693,0.05623947283838412,0.46153846153846156,0.15384615384615385,0.15384615384615385,0.07692307692307693,0.23076923076923078,-0.3923076923076923,0.15384615384615385,-3.7076923076923096,8.40198726654053,3.085055102756477,1.584075052785205,0.3333326111126759,0.46153846153846156,0.15384615384615385,0.9770656615694878,0.10650887573964499,trainPep,164
7,1.759092613290301,0.2857142857142857,0.2512989447557573,0.42857142857142855,0.0,0.2857142857142857,0.0,0.14285714285714285,-0.0285714285714286,0.0,-3.5571428571428574,11.000836753845213,2.807354922057604,4.104539853751044,0.0,0.2857142857142857,0.2857142857142857,0.9483007609074156,0.12244897959183672,trainPep,165
14,-1.5337504171610452,-0.07142857142857142,0.10955360122578894,0.5714285714285714,0.07142857142857142,0.07142857142857142,0.14285714285714285,0.21428571428571427,0.2214285714285714,0.07142857142857142,46.32857142857143,4.66684513092041,3.1820058147602133,2.6840585329293964,0.1249997812503828,0.42857142857142855,0.07142857142857142,0.5072624261220215,0.12244897959183672,trainPep,166
10,1.847255802643888,0.2,0.1847255802643888,0.6,0.2,0.2,0.0,0.0,1.0300000000000002,0.1,50.059999999999995,11.999967765808105,2.321928094887362,3.0787545398155802,0.33333277777870374,0.6,0.3,1.2613695365208533,0.12,trainPep,167
7,1.759092613290301,0.2857142857142857,0.2512989447557573,0.7142857142857143,0.2857142857142857,0.2857142857142857,0.0,0.0,1.0,0.2857142857142857,8.571428571428571,11.000836753845213,2.521640636343318,2.462726210789726,0.39999944000078397,0.5714285714285714,0.5714285714285714,1.9672600099874524,0.20408163265306123,trainPep,168
10,-0.16517038330000888,0.0,0.01651703833000089,0.3,0.2,0.1,0.1,0.4,-1.0699999999999998,0.2,9.591000000000001,6.099585533142089,2.9219280948873623,0.5505661091129993,0.6666644444518519,0.3,0.2,0.7522375224639288,0.06,trainPep,169
12,-0.23284964506899786,0.0,0.019404137089083156,0.5,0.16666666666666666,0.08333333333333333,0.08333333333333333,0.25,-0.30833333333333335,0.16666666666666666,-3.858333333333331,6.217469596862792,2.8553885422075336,0.4656983587412782,0.33333266666799993,0.3333333333333333,0.25,0.8494837774894534,0.08333333333333333,trainPep,170
18,-1.5918224429776187,-0.05555555555555555,0.08843458016542326,0.3333333333333333,0.0,0.1111111111111111,0.16666666666666666,0.3333333333333333,-0.3944444444444443,0.0,59.87777777777779,4.929441261291502,3.169925001442312,4.775453002573849,0.0,0.2777777777777778,0.1111111111111111,1.57240059719651,0.09259259259259259,trainPep,171
12,0.8462668015448875,0.08333333333333333,0.07052223346207397,0.5833333333333334,0.3333333333333333,0.08333333333333333,0.0,0.25,0.05833333333333327,0.25,72.95083333333334,8.75482273101807,2.8553885422075336,1.450740601378776,0.5714275918384139,0.3333333333333333,0.25,0.769558193484936,0.04861111111111111,trainPep,172
8,1.7600816143893008,0.25,0.2200102017986626,0.5,0.0,0.25,0.0,0.25,0.3750000000000001,0.0,127.25,11.999967765808105,2.5,3.5201561884662245,0.0,0.5,0.25,1.2264401261855513,0.125,trainPep,173
10,-1.2370879238374872,-0.1,0.12370879238374873,0.5,0.2,0.0,0.1,0.1,0.9399999999999998,0.2,28.26,4.0500284194946286,2.721928094887362,2.4741708993331755,0.3999992000016,0.5,0.2,0.5832124173194165,0.05,trainPep,174
9,-0.23709792373748817,0.0,0.026344213748609797,0.7777777777777778,0.1111111111111111,0.1111111111111111,0.1111111111111111,0.0,2.022222222222222,0.1111111111111111,48.27777777777778,6.0021066665649405,2.4193819456463714,0.30483979572560455,0.14285695918390962,0.6666666666666666,0.2222222222222222,1.7546070997121164,0.1728395061728395,trainPep,175
8,0.793876585856085,0.125,0.09923457323201063,0.875,0.125,0.125,0.0,0.0,0.7000000000000001,0.125,8.75,8.63491153717041,1.061278124459133,0.9072864897938231,0.14285697959202331,0.125,0.125,1.0238496108982251,0.109375,trainPep,176
7,0.7671403550310012,0.14285714285714285,0.10959147929014303,0.5714285714285714,0.14285714285714285,0.2857142857142857,0.14285714285714285,0.0,-0.38571428571428573,0.14285714285714285,84.31428571428572,8.748246955871583,2.807354922057604,1.3424932719410263,0.2499995625007656,0.2857142857142857,0.42857142857142855,1.3867279071247673,0.24489795918367344,trainPep,177
11,-0.26601161004484764,0.0,0.024182873640440694,0.7272727272727273,0.0,0.0,0.0,0.18181818181818182,2.372727272727273,0.0,11.163636363636364,5.494989204406737,2.481714572986073,0.36576546088415673,0.0,0.5454545454545454,0.0,0.47257161334733533,0.0,trainPep,178
9,-0.2623886880964288,0.0,0.029154298677380976,0.3333333333333333,0.0,0.2222222222222222,0.2222222222222222,0.2222222222222222,-0.3444444444444445,0.0,97.1,6.113113212585449,2.5032583347756456,0.787163702798178,0.0,0.3333333333333333,0.2222222222222222,1.0960542784871052,0.14814814814814814,trainPep,179
6,-0.23989838581069733,0.0,0.03998306430178289,0.8333333333333334,0.16666666666666666,0.0,0.0,0.16666666666666666,2.783333333333333,0.16666666666666666,53.26666666666666,5.525000190734862,1.9182958340544893,0.28787771751957575,0.19999976000028796,0.8333333333333334,0.16666666666666666,1.05,0.0,trainPep,180
6,0.7319903879571505,0.16666666666666666,0.12199839799285843,0.6666666666666666,0.16666666666666666,0.16666666666666666,0.0,0.0,1.2166666666666666,0.16666666666666666,-46.68333333333333,8.56148204803467,2.2516291673878226,1.0979839349598235,0.2499996250005625,0.6666666666666666,0.16666666666666666,1.4807092894960847,0.1111111111111111,trainPep,181
15,4.921531997802463,0.3333333333333333,0.32810213318683085,0.4,0.2,0.3333333333333333,0.0,0.13333333333333333,-0.8866666666666668,0.06666666666666667,-1.8800000000000001,11.10559787750244,3.0565647621309537,12.30379923500807,0.49999875000312505,0.2,0.4666666666666667,1.422906828082554,0.13333333333333333,trainPep,182
9,1.759092613290301,0.2222222222222222,0.19545473481003345,0.5555555555555556,0.1111111111111111,0.2222222222222222,0.0,0.1111111111111111,1.0555555555555551,0.1111111111111111,32.47777777777778,11.000836753845213,2.94770277922009,3.1663610044727335,0.19999964000064796,0.5555555555555556,0.3333333333333333,0.9904454539336182,0.12345679012345678,trainPep,183
19,1.7627155352387196,0.10526315789473684,0.09277450185466946,0.3684210526315789,0.0,0.21052631578947367,0.10526315789473684,0.2631578947368421,-0.22105263157894725,0.0,67.16315789473684,9.699800300598145,3.286629486786195,4.7845006091463,0.0,0.3157894736842105,0.21052631578947367,1.084691910673015,0.11634349030470913,trainPep,184
8,-0.24979937590970713,0.0,0.03122492198871339,0.75,0.125,0.0,0.0,0.125,2.2875,0.125,53.06249999999999,5.518122673034666,2.4056390622295662,0.3330653904590889,0.16666644444474074,0.375,0.25,0.6409239284703901,0.0,trainPep,185
14,1.8820397752096722,0.14285714285714285,0.1344314125149766,0.42857142857142855,0.14285714285714285,0.14285714285714285,0.0,0.2857142857142857,-0.0357142857142857,0.07142857142857142,28.542857142857137,11.001030158996581,3.182005814760214,4.391415895518813,0.3333325555573704,0.21428571428571427,0.21428571428571427,0.4405806338037987,0.06122448979591836,trainPep,186
18,5.719438653394256,0.3333333333333333,0.31774659185523646,0.2777777777777778,0.1111111111111111,0.3333333333333333,0.0,0.2222222222222222,-0.25,0.1111111111111111,62.13333333333333,10.663215827941894,2.4885548621928453,20.589905028561223,0.39999856000518397,0.2777777777777778,0.6111111111111112,1.9464331133283892,0.09259259259259259,trainPep,187
9,-0.20412541214591307,0.0,0.022680601349545897,0.7777777777777778,0.1111111111111111,0.0,0.0,0.0,2.1333333333333337,0.1111111111111111,3.733333333333333,5.57001667022705,2.197159723424149,0.2624466210419469,0.14285695918390962,0.4444444444444444,0.1111111111111111,0.763802231561075,0.0,trainPep,188
27,1.7609040742645101,0.07407407407407407,0.06521866941720408,0.5925925925925926,0.07407407407407407,0.1111111111111111,0.037037037037037035,0.1111111111111111,1.0592592592592596,0.07407407407407407,-11.370370370370372,9.994291877746583,3.422510892865799,2.97152061088033,0.12499978906285596,0.4074074074074074,0.18518518518518517,0.977319101788424,0.0877914951989026,trainPep,189
28,0.8830387762086728,0.03571428571428571,0.03153709915030974,0.6428571428571429,0.17857142857142858,0.03571428571428571,0.0,0.17857142857142858,1.35,0.14285714285714285,26.35357142857143,9.800370979309083,3.0131109592887646,1.3736137373698993,0.2777773456796845,0.42857142857142855,0.17857142857142858,1.0977179966264288,0.02295918367346939,trainPep,190
6,1.7329793890561507,0.3333333333333333,0.2888298981760251,0.5,0.0,0.3333333333333333,0.0,0.16666666666666666,0.16666666666666674,0.0,-5.816666666666667,11.000707817077636,2.2516291673878226,3.4659518462086085,0.0,0.5,0.3333333333333333,1.4903392604072103,0.16666666666666666,trainPep,191
7,0.7619030752635112,0.14285714285714285,0.10884329646621589,0.5714285714285714,0.0,0.2857142857142857,0.14285714285714285,0.0,0.6714285714285714,0.0,-3.5571428571428574,8.74786014556885,2.2359263506290326,1.33332804838706,0.0,0.5714285714285714,0.2857142857142857,0.7993984799434635,0.24489795918367344,trainPep,192
13,0.7647035373367204,0.07692307692307693,0.05882334902590157,0.46153846153846156,0.07692307692307693,0.23076923076923078,0.15384615384615385,0.15384615384615385,-0.03076923076923073,0.07692307692307693,27.77692307692308,8.74566822052002,3.0269868333592873,1.6568540743790663,0.16666630555633796,0.38461538461538464,0.3076923076923077,1.2419447879829182,0.1775147928994083,trainPep,193
15,-0.21402640224492286,0.0,0.014268426816328192,0.7333333333333333,0.2,0.0,0.0,0.06666666666666667,2.6600000000000006,0.2,-1.3533333333333335,5.561547660827636,2.606238928653389,0.2918537868970036,0.27272690082695344,0.6666666666666666,0.26666666666666666,0.5087926446831662,0.0,trainPep,194
8,-0.539853540782401,0.0,0.06748169259780012,0.5,0.125,0.0,0.0,0.375,0.5874999999999999,0.125,3.4250000000000025,5.240009498596191,2.75,1.0797049221549577,0.249999500001,0.375,0.125,1.6151567787238454,0.0,trainPep,195
9,-0.2397766258698535,0.0,0.02664184731887261,0.5555555555555556,0.0,0.1111111111111111,0.1111111111111111,0.1111111111111111,1.1333333333333333,0.0,-19.41111111111111,5.835682106018066,2.6416041678685933,0.43159714969086677,0.0,0.5555555555555556,0.1111111111111111,0.5524570473749129,0.12345679012345678,trainPep,196
9,0.45914745821859826,0.1111111111111111,0.05101638424651092,0.5555555555555556,0.1111111111111111,0.1111111111111111,0.0,0.3333333333333333,0.7777777777777778,0.1111111111111111,42.25555555555556,8.465101814270021,2.4193819456463714,0.82646393715839,0.19999964000064796,0.4444444444444444,0.2222222222222222,0.4613803625400919,0.06172839506172839,trainPep,197
9,0.45914745821859826,0.1111111111111111,0.05101638424651092,0.4444444444444444,0.2222222222222222,0.1111111111111111,0.0,0.3333333333333333,0.3555555555555556,0.2222222222222222,35.2,8.465101814270021,2.6416041678685933,1.033079456563069,0.49999887500253126,0.3333333333333333,0.3333333333333333,0.5600916521123439,0.04938271604938271,trainPep,198
11,-0.23989838581069733,0.0,0.021808944164608848,0.36363636363636365,0.09090909090909091,0.0,0.0,0.5454545454545454,0.33636363636363625,0.09090909090909091,88.46363636363637,5.525000190734862,2.5949066182439395,0.6597187467528641,0.24999931250189064,0.36363636363636365,0.09090909090909091,0.6406052705414864,0.0,trainPep,199
7,1.7571046111922999,0.2857142857142857,0.25101494445604283,0.5714285714285714,0.2857142857142857,0.2857142857142857,0.0,0.0,0.3285714285714286,0.2857142857142857,-27.814285714285713,9.703023719787598,2.2359263506290326,3.07492768846307,0.4999991250015312,0.5714285714285714,0.42857142857142855,0.8296156401129806,0.16326530612244897,trainPep,200
7,2.4993256868423406,0.42857142857142855,0.35704652669176296,0.42857142857142855,0.2857142857142857,0.42857142857142855,0.0,0.0,-0.8,0.2857142857142857,66.24285714285715,11.711342811584473,2.1280852788913944,5.831746328557362,0.6666651111147408,0.42857142857142855,0.5714285714285714,0.35786366930903224,0.18367346938775508,trainPep,201
10,0.7671403550310012,0.1,0.07671403550310012,0.5,0.1,0.2,0.1,0.1,0.5999999999999996,0.1,30.23,8.748246955871583,3.121928094887362,1.5342776415067192,0.1999996000008,0.5,0.3,1.0680062344556807,0.15000000000000002,trainPep,202
15,-1.2348664017578002,-0.06666666666666668,0.08232442678385335,0.3333333333333333,0.0,0.13333333333333333,0.2,0.26666666666666666,-0.3266666666666666,0.0,58.64666666666666,4.558112144470216,3.373557262275186,3.7045880915091263,0.0,0.26666666666666666,0.13333333333333333,1.0313701375242688,0.11111111111111112,trainPep,203
13,-0.20412541214591307,0.0,0.01570195478045485,1.0,0.15384615384615385,0.0,0.0,0.0,2.9384615384615382,0.15384615384615385,-8.861538461538462,5.57001667022705,2.353533948577482,0.20412520802070505,0.15384600000015386,0.6153846153846154,0.15384615384615385,0.6927442570101431,0.0,trainPep,204
14,1.8462668015448882,0.14285714285714285,0.13187620011034915,0.5,0.07142857142857142,0.14285714285714285,0.0,0.21428571428571427,0.4,0.0,17.771428571428572,11.000836753845213,3.182005814760214,3.69252621803734,0.14285685714342855,0.35714285714285715,0.14285714285714285,1.3943454932783237,0.07142857142857142,trainPep,205
15,-1.238655864930009,-0.06666666666666667,0.0825770576620006,0.6,0.0,0.06666666666666667,0.13333333333333333,0.2,0.68,0.0,-6.346666666666666,4.207813453674317,2.7329145639793975,2.0644230008450135,0.0,0.26666666666666666,0.06666666666666667,1.719148233887543,0.12,trainPep,206
14,-0.509546302557665,0.0,0.03639616446840464,0.6428571428571429,0.0,0.0,0.0,0.2857142857142857,2.2500000000000004,0.0,17.65714285714286,5.27274875640869,2.8073549220576037,0.7926263487820473,0.0,0.5,0.07142857142857142,0.8182098958535075,0.0,trainPep,207
17,4.759885073465506,0.29411764705882354,0.279993239615618,0.4117647058823529,0.0,0.35294117647058826,0.058823529411764705,0.058823529411764705,-0.3058823529411764,0.0,47.047058823529404,11.733971214294431,3.0130709291038453,11.559692819162242,0.0,0.29411764705882354,0.35294117647058826,0.941839075004211,0.16955017301038064,trainPep,208
11,0.7339783900551512,0.09090909090909091,0.06672530818683192,0.6363636363636364,0.0,0.09090909090909091,0.0,0.2727272727272727,1.2545454545454546,0.0,78.67272727272726,9.72004337310791,2.845350936622437,1.1533928004694083,0.0,0.5454545454545454,0.09090909090909091,0.2580623206617447,0.05785123966942149,trainPep,209
7,1.7571046111922999,0.2857142857142857,0.25101494445604283,0.42857142857142855,0.2857142857142857,0.2857142857142857,0.0,0.14285714285714285,-0.8142857142857143,0.2857142857142857,30.27142857142857,9.703023719787598,2.521640636343318,4.099901193012583,0.6666651111147408,0.42857142857142855,0.42857142857142855,0.11208010021463462,0.12244897959183672,trainPep,210
19,6.756075610493296,0.3684210526315789,0.3555829268680682,0.42105263157894735,0.15789473684210525,0.3684210526315789,0.0,0.21052631578947367,-1.194736842105263,0.15789473684210525,82.78421052631576,11.999967765808105,3.010570934268483,16.045641466523097,0.3749991093771153,0.2631578947368421,0.5263157894736842,1.7390755265162923,0.15512465373961218,trainPep,211
13,0.7958645879540859,0.07692307692307693,0.06122035291954507,0.7692307692307693,0.0,0.07692307692307693,0.0,0.07692307692307693,2.2384615384615385,0.0,9.230769230769232,9.79502010345459,2.199687794731328,1.0346226193309065,0.0,0.6153846153846154,0.07692307692307693,1.1261364188929994,0.0591715976331361,trainPep,212
7,1.757094611292299,0.2857142857142857,0.25101351589889986,0.5714285714285714,0.2857142857142857,0.2857142857142857,0.0,0.14285714285714285,-1.5571428571428572,0.2857142857142857,26.2,9.699800300598145,2.2359263506290326,3.074910188668693,0.4999991250015312,0.2857142857142857,0.2857142857142857,1.4438598839602101,0.16326530612244897,trainPep,213
14,1.7580936122913,0.14285714285714285,0.1255781151636643,0.35714285714285715,0.14285714285714285,0.14285714285714285,0.0,0.42857142857142855,-0.542857142857143,0.14285714285714285,-13.578571428571427,9.994291877746583,3.3248629576173574,4.922648331000313,0.399998880003136,0.2857142857142857,0.21428571428571427,1.62053387249237,0.05102040816326531,trainPep,214
9,0.7591026131903019,0.1111111111111111,0.08434473479892243,0.5555555555555556,0.0,0.1111111111111111,0.0,0.3333333333333333,0.9888888888888889,0.0,25.72222222222222,8.750052070617677,2.725480556997868,1.3663822442545037,0.0,0.5555555555555556,0.1111111111111111,1.1668488810109234,0.06172839506172839,trainPep,215
10,0.3981865944666271,0.1,0.039818659446662706,0.5,0.1,0.1,0.0,0.3,0.9399999999999998,0.1,95.31,9.410143852233887,2.921928094887362,0.7963715961900617,0.1999996000008,0.4,0.2,0.7979117387771331,0.05,trainPep,216
10,-0.23989838581069733,0.0,0.023989838581069733,0.8,0.0,0.0,0.0,0.2,2.8500000000000005,0.0,19.770000000000003,5.525000190734862,2.1219280948873624,0.29987260742261235,0.0,0.7,0.0,0.2664219406308355,0.0,trainPep,217
9,-0.20412541214591307,0.0,0.022680601349545897,0.5555555555555556,0.1111111111111111,0.0,0.0,0.3333333333333333,0.7222222222222219,0.1111111111111111,8.88888888888889,5.57001667022705,2.725480556997868,0.3674250804974986,0.19999964000064796,0.3333333333333333,0.1111111111111111,0.5533567200627003,0.0,trainPep,218
24,-1.2469889139364971,-0.041666666666666664,0.051957871414020716,0.4166666666666667,0.041666666666666664,0.0,0.041666666666666664,0.3333333333333333,0.4416666666666667,0.041666666666666664,56.483333333333334,4.0500284194946286,3.4591479170272454,2.9927662108086874,0.09999976000057599,0.16666666666666666,0.08333333333333333,0.9078080113417069,0.017361111111111112,trainPep,219
9,-0.23978662576985488,0.0,0.026642958418872764,0.6666666666666666,0.2222222222222222,0.1111111111111111,0.1111111111111111,0.1111111111111111,0.7111111111111111,0.2222222222222222,0.5111111111111111,5.835682106018066,2.6416041678685933,0.35967939913568364,0.3333328333340833,0.6666666666666666,0.2222222222222222,0.1288618327955996,0.14814814814814814,trainPep,220
9,-0.23808692483648786,0.0,0.02645410275960976,0.3333333333333333,0.1111111111111111,0.1111111111111111,0.1111111111111111,0.4444444444444444,-0.20000000000000004,0.1111111111111111,112.47777777777779,6.0014245986938475,2.6416041678685933,0.7142586317335685,0.33333233333633333,0.3333333333333333,0.2222222222222222,0.6915696521757296,0.07407407407407407,trainPep,221
9,-0.23709792373748817,0.0,0.026344213748609797,0.4444444444444444,0.0,0.1111111111111111,0.1111111111111111,0.2222222222222222,0.2666666666666666,0.0,130.71111111111114,6.0021066665649405,2.94770277922009,0.5334691281038102,0.0,0.4444444444444444,0.1111111111111111,0.19307460403253682,0.09876543209876543,trainPep,222
14,1.761386273939446,0.14285714285714285,0.12581330528138898,0.5,0.14285714285714285,0.21428571428571427,0.07142857142857142,0.14285714285714285,-0.7928571428571428,0.14285714285714285,80.15714285714286,9.696641349792483,3.2359263506290334,3.522765502347887,0.2857137142868571,0.35714285714285715,0.21428571428571427,0.7329278326282312,0.14285714285714285,trainPep,223
10,-1.2300391830957875,-0.1,0.12300391830957876,0.4,0.1,0.1,0.2,0.3,-0.41000000000000003,0.1,31.490000000000002,4.856573677062988,2.721928094887362,3.075090270013794,0.24999937500156252,0.4,0.2,0.7409026006319629,0.12000000000000002,trainPep,224
18,2.499335686742342,0.16666666666666666,0.13885198259679676,0.4444444444444444,0.2222222222222222,0.16666666666666666,0.0,0.2777777777777778,0.3055555555555555,0.2222222222222222,23.155555555555555,11.999967765808105,3.0168756957665637,5.623492642311825,0.49999887500253126,0.2777777777777778,0.3888888888888889,1.4059865741551687,0.07407407407407407,trainPep,225
12,-1.0485616605474446,-0.08333333333333333,0.08738013837895371,0.6666666666666666,0.0,0.0,0.08333333333333333,0.16666666666666666,2.1166666666666667,0.0,66.86666666666667,4.0500284194946286,2.292481250360578,1.5728401315609695,0.0,0.6666666666666666,0.08333333333333333,1.1937178893672529,0.05555555555555555,trainPep,226
17,-2.159427699412744,-0.11764705882352941,0.12702515878898496,0.47058823529411764,0.11764705882352941,0.11764705882352941,0.23529411764705882,0.11764705882352941,-0.09999999999999991,0.11764705882352941,22.08235294117647,4.407431983947753,3.41041725276052,4.588774110107098,0.2499994687511289,0.4117647058823529,0.17647058823529413,1.9393997466937185,0.16608996539792387,trainPep,227
10,-0.23709792373748817,0.0,0.023709792373748817,0.4,0.2,0.1,0.1,0.1,0.2699999999999999,0.2,36.91,6.0021066665649405,2.9219280948873623,0.5927433274854017,0.49999875000312505,0.4,0.3,0.13153097390781154,0.08000000000000002,trainPep,228
9,0.7339783900551512,0.1111111111111111,0.08155315445057236,0.6666666666666666,0.2222222222222222,0.1111111111111111,0.0,0.1111111111111111,1.4999999999999998,0.2222222222222222,8.88888888888889,9.72004337310791,2.725480556997868,1.1009659336338264,0.3333328333340833,0.5555555555555556,0.3333333333333333,0.5108466755354539,0.07407407407407407,trainPep,229
13,0.8480782625190972,0.07692307692307693,0.06523678942454594,0.5384615384615384,0.15384615384615385,0.15384615384615385,0.07692307692307693,0.0,0.3307692307692308,0.07692307692307693,4.7769230769230795,8.597262001037599,3.334679141051595,1.5749995625362787,0.28571375510302627,0.46153846153846156,0.15384615384615385,1.1478279652772367,0.1242603550295858,trainPep,230
8,0.7591026131903019,0.125,0.09488782664878774,0.5,0.25,0.125,0.0,0.125,0.6125,0.25,12.787500000000003,8.750052070617677,2.75,1.518202189976224,0.499999000002,0.375,0.375,0.9073108869639379,0.0625,trainPep,231
11,0.48536078272121397,0.09090909090909091,0.04412370752011036,0.5454545454545454,0.2727272727272727,0.09090909090909091,0.0,0.09090909090909091,1.1727272727272726,0.18181818181818182,12.954545454545455,9.4395414352417,2.845350936622437,0.8898264703070301,0.49999908333501386,0.5454545454545454,0.2727272727272727,0.8922979577475947,0.04958677685950413,trainPep,232
16,0.7986650500272949,0.0625,0.04991656562670593,0.5625,0.0,0.125,0.0625,0.25,0.64375,0.0,68.625,9.64371280670166,2.827819531114783,1.4198464536548288,0.0,0.4375,0.125,1.574180984359735,0.10546875,trainPep,233
8,0.7591026131903019,0.125,0.09488782664878774,0.625,0.0,0.125,0.0,0.125,1.2874999999999999,0.0,-1.8625000000000003,8.750052070617677,2.5,1.2145622378049026,0.0,0.375,0.125,0.8085033243343094,0.078125,trainPep,234
10,-1.2370879238374872,-0.1,0.12370879238374873,0.3,0.0,0.0,0.1,0.6,-0.06999999999999995,0.0,39.03,4.0500284194946286,2.3219280948873626,4.123612667416067,0.0,0.2,0.0,1.0016147063492773,0.03,trainPep,235
20,-0.23989838581069733,0.0,0.011994919290534867,0.55,0.0,0.0,0.0,0.4,0.93,0.0,28.76,5.525000190734862,2.8841837197791884,0.43617809024110377,0.0,0.35,0.0,1.1400001101619577,0.0,trainPep,236
14,0.7329893889561515,0.07142857142857142,0.05235638492543939,0.5714285714285714,0.14285714285714285,0.07142857142857142,0.0,0.21428571428571427,1.2142857142857142,0.14285714285714285,47.621428571428574,8.720009803771973,3.3787834934861767,1.2827291858971899,0.2499995625007656,0.5,0.21428571428571427,0.832727593318809,0.04081632653061224,trainPep,237
11,0.48536078272121397,0.09090909090909091,0.04412370752011036,0.45454545454545453,0.09090909090909091,0.09090909090909091,0.0,0.36363636363636365,-0.03636363636363648,0.0,19.745454545454546,9.4395414352417,2.845350936622437,1.0677913728456505,0.19999956000096802,0.36363636363636365,0.09090909090909091,0.6578908055692779,0.04132231404958678,trainPep,238
15,0.49935568654234397,0.06666666666666667,0.03329037910282293,0.6666666666666666,0.13333333333333333,0.06666666666666667,0.0,0.2,2.086666666666667,0.13333333333333333,16.513333333333335,8.500108146667483,2.973557262275185,0.7490324062649065,0.19999970000045,0.6,0.2,1.0419345678553784,0.04444444444444444,trainPep,239
13,-0.23989838581069733,0.0,0.018453721985438258,0.5384615384615384,0.0,0.0,0.0,0.15384615384615385,1.1615384615384614,0.0,82.15384615384616,5.525000190734862,2.873140679513133,0.4455247462453377,0.0,0.46153846153846156,0.0,1.071397695865962,0.0,trainPep,240
7,0.45023546921858815,0.14285714285714285,0.06431935274551259,0.2857142857142857,0.14285714285714285,0.14285714285714285,0.0,0.5714285714285714,0.3428571428571428,0.14285714285714285,36.08571428571429,7.964827156066894,2.5216406363433186,1.5758186268998646,0.499998250006125,0.2857142857142857,0.42857142857142855,1.4579393053579943,0.04081632653061224,trainPep,241
10,0.7339783900551512,0.1,0.07339783900551512,0.5,0.2,0.1,0.0,0.2,1.1499999999999997,0.2,9.0,9.72004337310791,2.9219280948873623,1.4679538442026139,0.3999992000016,0.5,0.3,1.1760741781255546,0.05,trainPep,242
11,-0.23989838581069733,0.0,0.021808944164608848,0.6363636363636364,0.0,0.0,0.0,0.18181818181818182,1.8181818181818186,0.0,-21.78181818181818,5.525000190734862,1.9362600275315274,0.3769825853013189,0.0,0.36363636363636365,0.0,0.25046999438022727,0.0,trainPep,243
8,0.7591026131903019,0.125,0.09488782664878774,0.375,0.0,0.125,0.0,0.0,1.2,0.0,2.9499999999999993,8.750052070617677,2.1556390622295662,2.024268237125506,0.0,0.375,0.125,1.3134116601735761,0.046875,trainPep,244
13,2.7579170711675087,0.23076923076923078,0.21214746701288528,0.38461538461538464,0.15384615384615385,0.3076923076923077,0.07692307692307693,0.07692307692307693,-1.0923076923076924,0.15384615384615385,18.076923076923077,9.825642585754395,2.5654483718208256,7.1705657415645945,0.399998960002704,0.3076923076923077,0.38461538461538464,1.344096452083851,0.14792899408284024,trainPep,245
7,-0.23908592583548893,0.0,0.03415513226221271,0.42857142857142855,0.2857142857142857,0.14285714285714285,0.14285714285714285,0.14285714285714285,-0.8,0.2857142857142857,-2.2,6.000685691833495,2.807354922057604,0.5578658585958042,0.6666651111147408,0.42857142857142855,0.2857142857142857,1.7410125900654283,0.12244897959183672,trainPep,246
15,0.45914745821859826,0.06666666666666667,0.03060983054790655,0.4666666666666667,0.0,0.06666666666666667,0.0,0.4,0.786666666666667,0.0,8.933333333333334,8.465101814270021,3.00623892865339,0.9838853021427775,0.0,0.3333333333333333,0.06666666666666667,0.8215875089611697,0.03111111111111111,trainPep,247
9,-0.6016916455925294,0.0,0.06685462728805883,0.4444444444444444,0.2222222222222222,0.1111111111111111,0.1111111111111111,0.3333333333333333,-0.3111111111111111,0.2222222222222222,71.42222222222223,5.49828586578369,3.169925001442312,1.353803156526089,0.49999887500253126,0.4444444444444444,0.2222222222222222,0.8937019711184347,0.09876543209876543,trainPep,248
10,0.7959863478949296,0.1,0.07959863478949296,0.6,0.1,0.2,0.1,0.1,0.39,0.1,19.03,8.792665672302245,2.9219280948873623,1.3266417020887125,0.16666638888935187,0.4,0.3,1.1275475269082857,0.18000000000000002,trainPep,249
7,0.39719759336762717,0.14285714285714285,0.05674251333823245,0.42857142857142855,0.14285714285714285,0.14285714285714285,0.0,0.2857142857142857,0.7285714285714285,0.14285714285714285,-3.5571428571428574,8.410110282897953,2.5216406363433186,0.9267922220092788,0.3333325555573704,0.42857142857142855,0.2857142857142857,0.8930666506782907,0.06122448979591836,trainPep,250
11,-0.5397317808415572,0.0,0.04906652553105065,0.5454545454545454,0.18181818181818182,0.09090909090909091,0.09090909090909091,0.18181818181818182,0.809090909090909,0.18181818181818182,-8.790909090909091,5.552794456481934,3.277613436819116,0.9895064507810284,0.3333327222233426,0.45454545454545453,0.2727272727272727,0.16595025441083483,0.09917355371900825,trainPep,251
7,-0.26601161004484764,0.0,0.03800165857783538,0.8571428571428571,0.0,0.0,0.0,0.14285714285714285,2.1142857142857143,0.0,-2.2,5.494989204406737,1.8423709931771088,0.3103465163147199,0.0,0.42857142857142855,0.0,0.7705366679514726,0.0,trainPep,252
7,-1.196077670405213,-0.14285714285714285,0.17086823862931613,0.5714285714285714,0.0,0.0,0.14285714285714285,0.14285714285714285,0.8714285714285713,0.0,55.142857142857146,4.599093055725096,2.2359263506290326,2.093132260227667,0.0,0.2857142857142857,0.0,0.3907946337292673,0.08163265306122448,trainPep,253
10,-0.24979937590970713,0.0,0.024979937590970714,0.8,0.3,0.0,0.0,0.1,2.95,0.3,28.26,5.518122673034666,1.6854752972273344,0.3122488295760969,0.3749995312505859,0.8,0.4,0.23180958587115139,0.0,trainPep,254
10,-0.5380520797081929,0.0,0.053805207970819294,0.5,0.2,0.1,0.1,0.2,0.06000000000000005,0.2,63.21100000000001,5.718195915222168,3.121928094887362,1.0761020072123713,0.3999992000016,0.4,0.2,1.1993341010525147,0.1,trainPep,255
9,-0.23989838581069733,0.0,0.02665537620118859,0.5555555555555556,0.0,0.0,0.0,0.3333333333333333,1.3777777777777778,0.0,-0.5444444444444447,5.525000190734862,2.197159723424149,0.4318163171898842,0.0,0.3333333333333333,0.0,0.20133411576094098,0.0,trainPep,256
8,0.794875586855086,0.125,0.09935944835688575,0.875,0.0,0.125,0.0,0.0,1.8375000000000001,0.0,-1.8625000000000003,8.795051002502444,1.4056390622295665,0.9084282039164366,0.0,0.375,0.125,0.7550869155269478,0.109375,trainPep,257
9,0.7329893889561515,0.1111111111111111,0.0814432654395724,0.4444444444444444,0.0,0.1111111111111111,0.0,0.3333333333333333,-0.13333333333333341,0.0,-17.244444444444444,8.720009803771973,2.725480556997868,1.6492224144009087,0.0,0.3333333333333333,0.1111111111111111,0.13568779455788071,0.04938271604938271,trainPep,258
19,0.9370639117478929,0.05263157894736842,0.0493191532498891,0.3684210526315789,0.21052631578947367,0.15789473684210525,0.10526315789473684,0.2631578947368421,-0.8105263157894737,0.10526315789473684,20.694736842105257,8.5117769241333,3.616348566075164,2.5434522853737924,0.5714270204123733,0.3157894736842105,0.21052631578947367,1.1202077284370644,0.09695290858725761,trainPep,259
10,-0.0778744351045777,0.0,0.00778744351045777,0.3,0.3,0.2,0.2,0.2,-1.69,0.2,-22.06,6.848098182678222,3.121928094887362,0.25958058507997545,0.9999966666777779,0.3,0.3,0.3563868816583811,0.12,trainPep,260
9,-0.178715661849417,0.0,0.019857295761046334,0.5555555555555556,0.1111111111111111,0.1111111111111111,0.1111111111111111,0.1111111111111111,0.6111111111111112,0.0,-7.811111111111111,6.713844490051269,2.725480556997868,0.3216876122912485,0.19999964000064796,0.3333333333333333,0.1111111111111111,0.9698149453793778,0.12345679012345678,trainPep,261
8,-0.23989838581069733,0.0,0.029987298226337167,0.375,0.0,0.0,0.0,0.5,0.5,0.0,-1.8625000000000003,5.525000190734862,2.75,0.6397273228889986,0.0,0.25,0.0,0.42287857299094095,0.0,trainPep,262
18,0.758103612191301,0.05555555555555555,0.04211686734396117,0.6666666666666666,0.2222222222222222,0.05555555555555555,0.0,0.1111111111111111,1.3555555555555554,0.2222222222222222,30.933333333333337,8.590879631042483,3.3082708345352603,1.1371537125563826,0.3333328333340833,0.5555555555555556,0.2222222222222222,1.5568306332861481,0.037037037037037035,trainPep,263
10,2.7580936122913,0.3,0.27580936122913,0.4,0.0,0.3,0.0,0.2,-0.26999999999999996,0.0,19.770000000000003,11.16626262664795,3.121928094887362,6.895216792686268,0.0,0.3,0.3,1.28111644131589,0.12,trainPep,264
11,-2.1691521483879628,-0.1818181818181818,0.19719564985345117,0.45454545454545453,0.09090909090909091,0.09090909090909091,0.2727272727272727,0.18181818181818182,0.5272727272727273,0.09090909090909091,63.53636363636363,4.137446784973144,3.0957952550009344,4.772124227780218,0.19999956000096802,0.45454545454545453,0.2727272727272727,0.7100384444964761,0.1652892561983471,trainPep,265
6,0.7591026131903019,0.16666666666666666,0.12651710219838366,0.8333333333333334,0.3333333333333333,0.16666666666666666,0.0,0.0,1.9166666666666667,0.3333333333333333,-5.816666666666667,8.750052070617677,2.251629167387823,0.910922042721911,0.3999995200005759,0.6666666666666666,0.5,1.3273825539174624,0.1388888888888889,trainPep,266
21,-1.263089388030795,-0.047619047619047616,0.06014711371575214,0.7142857142857143,0.047619047619047616,0.047619047619047616,0.09523809523809523,0.09523809523809523,1.5190476190476192,0.047619047619047616,35.1,4.370145606994629,3.1368637096073178,1.7683226675913781,0.06666657333346399,0.5238095238095238,0.047619047619047616,1.291301909308135,0.10204081632653061,trainPep,267
9,-0.23989838581069733,0.0,0.02665537620118859,0.4444444444444444,0.0,0.0,0.0,0.3333333333333333,0.6555555555555554,0.0,-19.41111111111111,5.525000190734862,2.503258334775646,0.5397701535912235,0.0,0.2222222222222222,0.0,0.4644940285979786,0.0,trainPep,268
24,0.8490772635180983,0.041666666666666664,0.0353782193132541,0.4166666666666667,0.125,0.08333333333333333,0.041666666666666664,0.3333333333333333,0.3416666666666665,0.08333333333333333,16.554166666666664,8.755016136169434,3.605388542207534,2.0377805417701356,0.299999280001728,0.3333333333333333,0.16666666666666666,1.0655761910483024,0.052083333333333336,trainPep,269
13,0.7600916142893016,0.07692307692307693,0.05846858571456166,0.38461538461538464,0.0,0.07692307692307693,0.0,0.3076923076923077,0.38461538461538475,0.0,-10.361538461538462,9.750021171569824,2.873140679513133,1.976233058946231,0.0,0.23076923076923078,0.07692307692307693,1.1833784452242653,0.02958579881656805,trainPep,270
15,3.8462368018448845,0.26666666666666666,0.256415786789659,0.3333333333333333,0.2,0.26666666666666666,0.0,0.3333333333333333,-1.7533333333333332,0.13333333333333333,27.90666666666667,11.999967765808105,2.9232314287976204,11.538675789507286,0.5999982000054,0.2,0.3333333333333333,0.5761077508484577,0.08888888888888888,trainPep,271
13,1.8838512361838817,0.15384615384615385,0.14491163355260628,0.3076923076923077,0.23076923076923078,0.23076923076923078,0.07692307692307693,0.3076923076923077,-1.4615384615384615,0.15384615384615385,12.276923076923076,9.995001029968265,3.238901256602631,6.122496619483602,0.7499975625079219,0.23076923076923078,0.38461538461538464,1.3416088958602528,0.09467455621301776,trainPep,272
19,2.757094611292299,0.15789473684210525,0.1451102426995947,0.42105263157894735,0.10526315789473684,0.15789473684210525,0.0,0.3157894736842105,-0.368421052631579,0.10526315789473684,52.22105263157894,10.289686012268067,3.4316235658474303,6.5480841501193545,0.24999940625141018,0.3684210526315789,0.21052631578947367,1.5414503249274671,0.06648199445983378,trainPep,273
9,-1.2368444039558,-0.1111111111111111,0.1374271559950889,0.3333333333333333,0.1111111111111111,0.2222222222222222,0.3333333333333333,0.1111111111111111,-0.8888888888888888,0.1111111111111111,13.588888888888892,4.558112144470216,2.725480556997868,3.7105220803011596,0.33333233333633333,0.3333333333333333,0.3333333333333333,0.7871706363765081,0.18518518518518517,trainPep,274
18,1.7572263711331437,0.1111111111111111,0.09762368728517465,0.4444444444444444,0.16666666666666666,0.16666666666666666,0.05555555555555555,0.16666666666666666,-0.07777777777777782,0.16666666666666666,-17.683333333333334,9.528249931335449,3.3082708345352603,3.953750439111086,0.37499915625189845,0.3333333333333333,0.2777777777777778,0.6454484701867211,0.09876543209876543,trainPep,275
9,0.5364206563741754,0.1111111111111111,0.05960229515268615,0.3333333333333333,0.3333333333333333,0.1111111111111111,0.0,0.4444444444444444,0.055555555555555504,0.2222222222222222,91.21111111111112,7.96785717010498,2.725480556997868,1.6092571413511023,0.999997000009,0.2222222222222222,0.4444444444444444,0.965369645417499,0.037037037037037035,trainPep,276
17,-1.5352316178349814,-0.058823529411764705,0.09030774222558714,0.23529411764705882,0.0,0.058823529411764705,0.11764705882352941,0.47058823529411764,-0.6647058823529413,0.0,-7.5176470588235285,4.529237937927246,3.057476076289932,6.524706645795426,0.0,0.11764705882352941,0.058823529411764705,0.9348269282759291,0.04152249134948097,trainPep,277
12,0.7329893889561515,0.08333333333333333,0.061082449079679295,0.5833333333333334,0.16666666666666666,0.08333333333333333,0.0,0.3333333333333333,0.8750000000000001,0.16666666666666666,-3.358333333333333,8.720009803771973,2.688721875540867,1.2565510841229726,0.2857137959192069,0.5,0.25,0.7836073840990168,0.04861111111111111,trainPep,278
6,0.7591026131903019,0.16666666666666666,0.12651710219838366,0.6666666666666666,0.3333333333333333,0.16666666666666666,0.0,0.16666666666666666,1.0833333333333333,0.3333333333333333,-18.383333333333336,8.750052070617677,2.2516291673878226,1.1386522118071352,0.499999250001125,0.6666666666666666,0.5,1.3179318815646142,0.1111111111111111,trainPep,279
15,-0.23989838581069733,0.0,0.015993225720713156,0.5333333333333333,0.0,0.0,0.0,0.4,1.0333333333333334,0.0,22.173333333333336,5.525000190734862,2.9232314287976204,0.4498086300038762,0.0,0.4,0.0,1.1400001101619577,0.0,trainPep,280
11,0.48717224369542356,0.09090909090909091,0.04428838579049305,0.36363636363636365,0.09090909090909091,0.18181818181818182,0.09090909090909091,0.2727272727272727,-0.5272727272727272,0.0,3.445454545454546,8.439314460754396,3.459431618637298,1.3397199859324536,0.24999931250189064,0.2727272727272727,0.18181818181818182,1.3369502400366444,0.09917355371900825,trainPep,281
8,-0.24979937590970713,0.0,0.03122492198871339,0.5,0.0,0.0,0.0,0.5,1.9124999999999996,0.0,80.975,5.518122673034666,1.4056390622295665,0.499597752623909,0.0,0.5,0.125,1.2256727983645297,0.0,trainPep,282
16,0.8472658025438885,0.0625,0.05295411265899303,0.75,0.1875,0.0625,0.0,0.0,1.9437500000000005,0.125,17.0875,9.756532478332517,2.125,1.1296862304768773,0.2499996666671111,0.625,0.1875,1.240544989651356,0.046875,trainPep,283
15,1.7948655869550851,0.13333333333333333,0.11965770579700567,0.4666666666666667,0.06666666666666667,0.13333333333333333,0.0,0.26666666666666666,-0.09333333333333332,0.06666666666666667,27.30666666666666,11.001030158996581,2.9735572622751847,3.8461323017631073,0.14285683673534985,0.2,0.2,0.5729881840847573,0.06222222222222222,trainPep,284
10,-2.2458681529966524,-0.2,0.22458681529966523,0.5,0.0,0.0,0.2,0.3,0.76,0.0,72.2,4.0500284194946286,2.9219280948873623,4.49172732253866,0.0,0.3,0.1,0.6305553297829805,0.1,trainPep,285
8,0.7591026131903019,0.125,0.09488782664878774,0.625,0.0,0.125,0.0,0.125,1.125,0.0,-12.475000000000001,8.750052070617677,2.5,1.2145622378049026,0.0,0.375,0.125,1.0194082449878306,0.078125,trainPep,286
9,-0.041471132421644796,0.0,0.0046079036024049775,0.7777777777777778,0.1111111111111111,0.0,0.0,0.0,2.266666666666667,0.1111111111111111,51.6888888888889,5.954987144470215,1.6577427265048887,0.053319958845024794,0.14285695918390962,0.6666666666666666,0.1111111111111111,1.0377613065350249,0.0,trainPep,287
13,-1.2030046512060686,-0.07692307692307693,0.09253881932354374,0.46153846153846156,0.07692307692307693,0.0,0.07692307692307693,0.23076923076923078,0.8846153846153848,0.07692307692307693,55.776923076923076,4.0500284194946286,3.0269868333592873,2.606504430186883,0.16666630555633796,0.38461538461538464,0.07692307692307693,0.4004994384603002,0.03550295857988166,trainPep,288
17,1.8371332772491376,0.11764705882352941,0.10806666336759632,0.35294117647058826,0.11764705882352941,0.23529411764705882,0.11764705882352941,0.29411764705882354,-0.37058823529411766,0.11764705882352941,11.770588235294117,9.531279945373537,2.939829017466402,5.205196204149978,0.3333323888915648,0.35294117647058826,0.35294117647058826,1.2222134888132739,0.1245674740484429,trainPep,289
11,3.758083612391299,0.36363636363636365,0.34164396476284536,0.45454545454545453,0.0,0.36363636363636365,0.0,0.0,0.13636363636363644,0.0,34.50909090909091,11.999967765808105,2.7321588913645702,8.267765758176191,0.0,0.2727272727272727,0.36363636363636365,0.2945435674520667,0.1652892561983471,trainPep,290
8,0.8472658025438885,0.125,0.10590822531798606,0.375,0.25,0.125,0.0,0.25,0.16249999999999987,0.125,-4.212499999999999,9.756532478332517,2.75,2.2593694484651734,0.6666648888936296,0.375,0.25,0.2594134621297343,0.046875,trainPep,291
9,0.7600916142893016,0.1111111111111111,0.0844546238099224,0.6666666666666666,0.1111111111111111,0.1111111111111111,0.0,0.1111111111111111,0.9111111111111112,0.1111111111111111,21.911111111111115,9.750021171569824,2.4193819456463714,1.1401357112303856,0.16666641666704166,0.4444444444444444,0.2222222222222222,1.780411570586427,0.07407407407407407,trainPep,292
12,1.7938765858560854,0.16666666666666666,0.14948971548800713,0.4166666666666667,0.08333333333333333,0.16666666666666666,0.0,0.25,0.2583333333333333,0.08333333333333333,-24.583333333333336,10.003317451477052,3.084962500721156,4.305293473350269,0.19999952000115198,0.3333333333333333,0.25,0.455033833309326,0.06944444444444445,trainPep,293
6,1.7319803880571496,0.3333333333333333,0.28866339800952495,0.6666666666666666,0.16666666666666666,0.3333333333333333,0.0,0.0,0.5333333333333334,0.16666666666666666,-18.383333333333336,9.993969535827638,2.2516291673878226,2.5979666851356966,0.2499996250005625,0.6666666666666666,0.3333333333333333,1.223837316712388,0.2222222222222222,trainPep,294
17,0.7981782484032331,0.058823529411764705,0.04695166167077842,0.47058823529411764,0.11764705882352941,0.11764705882352941,0.058823529411764705,0.11764705882352941,0.7411764705882352,0.11764705882352941,-5.570588235294118,8.635233879089355,3.0574760762899316,1.6961251735908767,0.2499994687511289,0.35294117647058826,0.23529411764705882,1.1834822714426527,0.08304498269896193,trainPep,295
16,1.7571046111922999,0.125,0.10981903819951874,0.4375,0.125,0.125,0.0,0.375,-0.36875,0.125,48.099999999999994,9.703023719787598,3.202819531114783,4.016229931342557,0.28571363265455396,0.375,0.1875,1.4170315504417295,0.0546875,trainPep,296
6,-0.2408973868096983,0.0,0.04014956446828305,0.6666666666666666,0.3333333333333333,0.0,0.0,0.16666666666666666,0.9333333333333332,0.3333333333333333,8.333333333333334,5.524318122863768,2.584962500721156,0.36134553819624016,0.499999250001125,0.6666666666666666,0.16666666666666666,1.220996860492824,0.0,trainPep,297
10,-1.2112159402717126,-0.1,0.12112159402717126,0.5,0.0,0.0,0.1,0.3,0.97,0.0,72.2,4.0500284194946286,2.6464393446710157,2.4224270356893536,0.0,0.2,0.1,0.6908366581237124,0.05,trainPep,298
8,-0.17883742179026074,0.0,0.022354677723782593,0.75,0.375,0.0,0.0,0.0,0.8249999999999998,0.25,5.387500000000001,6.711116218566894,2.25,0.23844957778757728,0.4999993333342222,0.25,0.25,0.381710508473944,0.0,trainPep,299
6,-0.11695122389132617,0.0,0.01949187064855436,0.6666666666666666,0.3333333333333333,0.0,0.0,0.16666666666666666,0.9833333333333333,0.16666666666666666,-16.716666666666665,6.786086845397949,2.584962500721156,0.17542657269713022,0.499999250001125,0.5,0.16666666666666666,1.4952703211571257,0.0,trainPep,300
8,-2.234277461864277,-0.25,0.27928468273303464,0.5,0.0,0.0,0.25,0.0,0.6749999999999999,0.0,-0.675,4.0500284194946286,1.9056390622295665,4.468545986636581,0.0,0.375,0.0,1.1185306009930296,0.125,trainPep,301
14,0.7645269962129291,0.07142857142857142,0.05460907115806636,0.42857142857142855,0.14285714285714285,0.2857142857142857,0.21428571428571427,0.07142857142857142,-1.0571428571428574,0.14285714285714285,9.285714285714286,8.43080463409424,2.9852281360342525,1.7838921620817898,0.3333325555573704,0.35714285714285715,0.35714285714285715,0.6331249033629242,0.21428571428571427,trainPep,302
7,0.73903912869885,0.14285714285714285,0.10557701838555,0.5714285714285714,0.14285714285714285,0.2857142857142857,0.14285714285714285,0.0,-0.014285714285714362,0.14285714285714285,-26.457142857142856,8.469034385681152,2.5216406363433186,1.2933162119196167,0.2499995625007656,0.5714285714285714,0.2857142857142857,0.7179705524990018,0.24489795918367344,trainPep,303
13,-0.1537231985551114,0.0,0.011824861427316261,0.46153846153846156,0.23076923076923078,0.0,0.0,0.46153846153846156,0.31538461538461526,0.15384615384615385,74.94615384615386,6.740160942077638,2.7773627950641693,0.3330662085592895,0.4999989166690139,0.46153846153846156,0.07692307692307693,0.46522600428873506,0.0,trainPep,304
8,-0.23989838581069733,0.0,0.029987298226337167,0.625,0.0,0.0,0.0,0.0,2.2750000000000004,0.0,24.175,5.525000190734862,1.4056390622295665,0.38383680315823065,0.0,0.625,0.0,1.317462120245875,0.0,trainPep,305
18,1.7602033743301446,0.1111111111111111,0.0977890763516747,0.5,0.1111111111111111,0.16666666666666666,0.05555555555555555,0.16666666666666666,0.27222222222222225,0.1111111111111111,35.33333333333334,10.835024070739745,3.5724312513221195,3.5203997078608733,0.22222177777866664,0.3888888888888889,0.2777777777777778,0.9109126163138188,0.1111111111111111,trainPep,306
11,-0.24967761596886318,0.0,0.022697965088078472,0.5454545454545454,0.0,0.09090909090909091,0.09090909090909091,0.09090909090909091,1.581818181818182,0.0,16.263636363636362,5.828690910339356,2.8453509366224368,0.45774145675024513,0.0,0.45454545454545453,0.18181818181818182,0.24287322234499262,0.09917355371900825,trainPep,307
12,-0.23989838581069733,0.0,0.019991532150891445,0.5833333333333334,0.08333333333333333,0.0,0.0,0.16666666666666666,1.3333333333333333,0.08333333333333333,-4.983333333333334,5.525000190734862,2.5220552088742005,0.4112536706691885,0.14285689795960346,0.25,0.08333333333333333,0.4049899596780429,0.0,trainPep,308
9,0.752991086263501,0.1111111111111111,0.0836656762515001,0.3333333333333333,0.1111111111111111,0.2222222222222222,0.1111111111111111,0.3333333333333333,-0.6888888888888887,0.1111111111111111,30.28888888888889,8.249712944030762,2.94770277922009,2.2589664818910578,0.33333233333633333,0.3333333333333333,0.4444444444444444,1.7458344002108879,0.1111111111111111,trainPep,309
10,-0.2632111479716386,0.0,0.02632111479716386,0.5,0.0,0.1,0.1,0.1,0.78,0.0,37.15,5.972209358215332,3.121928094887362,0.526421243100791,0.0,0.4,0.1,0.8291514456665288,0.1,trainPep,310
9,0.49935568654234397,0.1111111111111111,0.05548396517137155,0.5555555555555556,0.0,0.1111111111111111,0.0,0.1111111111111111,1.0555555555555554,0.0,-0.5444444444444447,8.500108146667483,2.725480556997868,0.8988386178667069,0.0,0.3333333333333333,0.1111111111111111,0.1938332791636982,0.06172839506172839,trainPep,311
7,-0.6018034056333719,0.0,0.0859719150904817,0.8571428571428571,0.14285714285714285,0.0,0.0,0.14285714285714285,2.6000000000000005,0.14285714285714285,8.571428571428571,5.1849893569946275,2.521640636343318,0.7021031541185874,0.16666647222244907,0.5714285714285714,0.14285714285714285,0.5194299699454642,0.0,trainPep,312
13,0.7976760489282952,0.07692307692307693,0.06135969607140733,0.46153846153846156,0.15384615384615385,0.15384615384615385,0.07692307692307693,0.23076923076923078,-0.015384615384615441,0.15384615384615385,32.330769230769235,8.792794609069826,3.5465935642949384,1.7282943613735233,0.3333326111126759,0.38461538461538464,0.3076923076923077,0.9252334717757069,0.10650887573964499,trainPep,313
11,-0.2507983769087082,0.0,0.022799852446246202,0.5454545454545454,0.18181818181818182,0.0,0.0,0.2727272727272727,1.2363636363636366,0.18181818181818182,22.9,5.517440605163573,3.027169118440619,0.45979618137296585,0.3333327222233426,0.2727272727272727,0.18181818181818182,0.2717304922477517,0.0,trainPep,314
9,1.7948555870550837,0.2222222222222222,0.19942839856167596,0.4444444444444444,0.1111111111111111,0.2222222222222222,0.0,0.2222222222222222,-0.19999999999999998,0.1111111111111111,3.122222222222225,10.835217475891113,2.725480556997868,4.038415984437974,0.24999943750126563,0.3333333333333333,0.2222222222222222,1.521420195562198,0.09876543209876543,trainPep,315
6,0.758103612191301,0.16666666666666666,0.1263506020318835,0.6666666666666666,0.16666666666666666,0.16666666666666666,0.0,0.0,1.2666666666666666,0.16666666666666666,-19.96666666666667,8.590879631042483,2.251629167387823,1.1371537125563826,0.2499996250005625,0.6666666666666666,0.16666666666666666,2.002706502045004,0.1111111111111111,trainPep,316
9,0.9344399907984754,0.1111111111111111,0.10382666564427505,0.2222222222222222,0.3333333333333333,0.1111111111111111,0.0,0.3333333333333333,-1.0111111111111113,0.1111111111111111,8.88888888888889,9.762914848327636,2.4193819456463714,4.204961036268476,1.4999932500303748,0.1111111111111111,0.2222222222222222,0.9803511817285285,0.024691358024691357,trainPep,317
13,-0.23796516489564423,0.0,0.018305012684280326,0.38461538461538464,0.0,0.15384615384615385,0.15384615384615385,0.15384615384615385,-0.076923076923077,0.0,3.0615384615384587,6.069006156921386,2.873140679513133,0.6187078200883428,0.0,0.38461538461538464,0.15384615384615385,1.2239540830335713,0.1183431952662722,trainPep,318
8,1.7580936122913,0.25,0.2197617015364125,0.5,0.25,0.25,0.0,0.0,-0.4875,0.25,-6.475,9.994291877746583,3.0,3.5161801922222153,0.499999000002,0.375,0.375,1.0148475225413363,0.125,trainPep,319
15,-2.151960533109169,-0.1333333333333333,0.14346403554061127,0.3333333333333333,0.06666666666666667,0.2,0.3333333333333333,0.06666666666666667,-1.5933333333333333,0.06666666666666667,112.7,4.652408027648925,2.6825887305018328,6.455862231740813,0.19999940000180003,0.13333333333333333,0.26666666666666666,0.9035627368844772,0.17777777777777776,trainPep,320
8,0.7592243731311454,0.125,0.09490304664139318,0.5,0.125,0.25,0.125,0.125,0.2624999999999999,0.125,-12.475000000000001,8.59094409942627,2.1556390622295662,1.518445709370872,0.249999500001,0.5,0.375,0.31198012645628226,0.1875,trainPep,321
7,1.759092613290301,0.2857142857142857,0.2512989447557573,0.42857142857142855,0.14285714285714285,0.2857142857142857,0.0,0.2857142857142857,-0.17142857142857146,0.14285714285714285,-3.5571428571428574,11.000836753845213,2.807354922057604,4.104539853751044,0.3333325555573704,0.42857142857142855,0.42857142857142855,2.079834340489755,0.12244897959183672,trainPep,322
9,0.45914745821859826,0.1111111111111111,0.05101638424651092,0.5555555555555556,0.1111111111111111,0.1111111111111111,0.0,0.1111111111111111,1.4444444444444444,0.1111111111111111,48.27777777777778,8.465101814270021,2.94770277922009,0.82646393715839,0.19999964000064796,0.4444444444444444,0.2222222222222222,0.776172683414079,0.06172839506172839,trainPep,323
6,-0.539853540782401,0.0,0.08997559013040017,0.8333333333333334,0.3333333333333333,0.0,0.0,0.16666666666666666,2.816666666666667,0.3333333333333333,8.333333333333334,5.240009498596191,1.9182958340544893,0.6478234715507153,0.3999995200005759,0.8333333333333334,0.3333333333333333,0.8833333333333333,0.0,trainPep,324
18,0.730388643992272,0.05555555555555555,0.04057714688845956,0.6111111111111112,0.05555555555555555,0.05555555555555555,0.0,0.2222222222222222,2.261111111111111,0.05555555555555555,24.527777777777782,7.966890144348144,3.127986806877675,1.1951794616936895,0.09090894214900375,0.5,0.2777777777777778,0.8995121726692211,0.033950617283950615,trainPep,325
8,-0.539853540782401,0.0,0.06748169259780012,0.5,0.0,0.0,0.0,0.25,1.4874999999999998,0.0,24.175,5.240009498596191,2.5,1.0797049221549577,0.0,0.375,0.0,0.8046607753803681,0.0,trainPep,326
8,-0.23908592583548893,0.0,0.029885740729436117,0.375,0.125,0.125,0.125,0.25,-1.0625,0.125,22.212500000000006,6.000685691833495,2.5,0.6375607687325873,0.3333324444468148,0.375,0.125,0.5487882879107303,0.09375,trainPep,327
20,1.758103612191301,0.1,0.08790518060956505,0.4,0.2,0.1,0.0,0.25,0.23499999999999988,0.2,42.715,10.002737236022949,2.9841837197791885,4.395248042358147,0.49999875000312505,0.35,0.3,0.6632553826555959,0.04000000000000001,trainPep,328
11,1.759092613290301,0.18181818181818182,0.15991751029911827,0.45454545454545453,0.36363636363636365,0.18181818181818182,0.0,0.09090909090909091,0.08181818181818168,0.36363636363636365,42.22727272727273,11.000836753845213,2.5949066182439395,3.8699952352491453,0.7999982400038721,0.36363636363636365,0.5454545454545454,0.9464129605708677,0.08264462809917356,trainPep,329
25,-0.23989838581069733,0.0,0.009595935432427894,0.44,0.0,0.0,0.0,0.0,1.3040000000000003,0.0,18.528,5.525000190734862,1.8552419173638843,0.5452223649734826,0.0,0.36,0.0,0.4203897723327573,0.0,trainPep,330
7,1.7599150731655104,0.2857142857142857,0.25141643902364436,0.42857142857142855,0.0,0.42857142857142855,0.14285714285714285,0.0,-0.4428571428571429,0.0,59.21428571428571,9.703023719787598,1.8423709931771088,4.1064589223153725,0.0,0.42857142857142855,0.42857142857142855,2.5248637374641336,0.24489795918367344,trainPep,331
12,-0.23989838581069733,0.0,0.019991532150891445,0.8333333333333334,0.0,0.0,0.0,0.16666666666666666,2.9250000000000003,0.0,-4.983333333333334,5.525000190734862,2.2841591278514217,0.28787771751957575,0.0,0.75,0.0,1.091587111457246,0.0,trainPep,332
6,-0.23989838581069733,0.0,0.03998306430178289,0.5,0.0,0.0,0.0,0.3333333333333333,1.0333333333333332,0.0,8.333333333333334,5.525000190734862,2.251629167387823,0.47979581202977056,0.0,0.16666666666666666,0.0,1.0837178804672571,0.0,trainPep,333
10,-1.1777166608504162,-0.1,0.11777166608504161,0.6,0.2,0.0,0.1,0.2,0.7600000000000001,0.1,52.94,5.075574302673339,3.121928094887362,1.9628578299876436,0.33333277777870374,0.5,0.1,0.3085303466992431,0.06,trainPep,334
6,-0.2408973868096983,0.0,0.04014956446828305,1.0,0.16666666666666666,0.0,0.0,0.0,2.7499999999999996,0.16666666666666666,-4.233333333333333,5.524318122863768,1.9182958340544893,0.2408971459125524,0.16666650000016667,0.8333333333333334,0.0,0.4500000000000004,0.0,trainPep,335
8,-0.5380420798081915,0.0,0.06725525997602394,0.375,0.0,0.125,0.125,0.375,-0.07499999999999996,0.0,46.2875,5.718195915222168,2.75,1.4347750534217016,0.0,0.375,0.125,0.6138466585097184,0.09375,trainPep,336
10,0.758103612191301,0.1,0.0758103612191301,0.5,0.2,0.1,0.0,0.2,0.3099999999999999,0.2,8.4,8.590879631042483,3.121928094887362,1.516204191974218,0.3999992000016,0.5,0.2,0.45670393377568574,0.05,trainPep,337
11,-0.19852448799949496,0.0,0.018047680727226813,0.5454545454545454,0.0,0.18181818181818182,0.18181818181818182,0.09090909090909091,-0.3272727272727272,0.0,66.54545454545455,6.188481712341309,2.3685225277282065,0.3639608940707683,0.0,0.18181818181818182,0.18181818181818182,0.8123904855549249,0.1983471074380165,trainPep,338
11,-1.2370879238374872,-0.09090909090909091,0.11246253853068065,0.45454545454545453,0.0,0.0,0.09090909090909091,0.2727272727272727,0.4454545454545453,0.0,44.10909090909091,4.0500284194946286,2.368522527728207,2.721587444950093,0.0,0.36363636363636365,0.0,1.2279801172757099,0.04132231404958678,trainPep,339
9,1.7600816143893008,0.2222222222222222,0.19556462382103343,0.3333333333333333,0.0,0.2222222222222222,0.0,0.3333333333333333,-0.17777777777777773,0.0,30.28888888888889,11.999967765808105,2.5032583347756456,5.280229002480896,0.0,0.3333333333333333,0.2222222222222222,1.6139867577390812,0.07407407407407407,trainPep,340
7,0.3882856043676173,0.14285714285714285,0.05546937205251675,0.2857142857142857,0.0,0.14285714285714285,0.0,0.5714285714285714,0.3000000000000001,0.0,71.34285714285714,7.909900093078613,2.5216406363433186,1.3589948588046548,0.0,0.14285714285714285,0.2857142857142857,0.19081053488134572,0.04081632653061224,trainPep,341
9,-0.26601161004484764,0.0,0.029556845560538628,0.5555555555555556,0.1111111111111111,0.0,0.0,0.3333333333333333,1.2555555555555555,0.1111111111111111,93.93333333333332,5.494989204406737,2.725480556997868,0.4788200362046605,0.19999964000064796,0.5555555555555556,0.1111111111111111,0.9717796805386715,0.0,trainPep,342
7,1.759092613290301,0.2857142857142857,0.2512989447557573,0.42857142857142855,0.0,0.2857142857142857,0.0,0.2857142857142857,0.0,0.0,-3.5571428571428574,11.000836753845213,2.521640636343318,4.104539853751044,0.0,0.2857142857142857,0.2857142857142857,1.7135969854185849,0.12244897959183672,trainPep,343
8,-0.23989838581069733,0.0,0.029987298226337167,0.5,0.0,0.0,0.0,0.375,1.6749999999999998,0.0,-1.8625000000000003,5.525000190734862,2.25,0.47979581202977056,0.0,0.5,0.0,0.7579913586076532,0.0,trainPep,344
21,-0.24096216789264702,0.0,0.011474388947268906,0.5238095238095238,0.19047619047619047,0.09523809523809523,0.09523809523809523,0.19047619047619047,0.20952380952380953,0.19047619047619047,23.00523809523809,6.066846275329589,3.2728043273346206,0.4600178059428784,0.36363566942281284,0.42857142857142855,0.14285714285714285,0.8314113545312526,0.09977324263038549,trainPep,345
18,0.7492016230912921,0.05555555555555555,0.04162231239396067,0.5555555555555556,0.05555555555555555,0.05555555555555555,0.0,0.2222222222222222,1.7833333333333334,0.05555555555555555,62.111111111111114,8.22224941253662,3.127986806877675,1.348560494155436,0.09999982000032398,0.3888888888888889,0.16666666666666666,1.2237615082645528,0.030864197530864196,trainPep,346
7,1.758103612191301,0.2857142857142857,0.25115765888447156,0.5714285714285714,0.14285714285714285,0.2857142857142857,0.0,0.0,1.0142857142857142,0.14285714285714285,7.714285714285715,10.002737236022949,2.521640636343318,3.0766759371518866,0.2499995625007656,0.5714285714285714,0.42857142857142855,0.5631468073527065,0.16326530612244897,trainPep,347
12,1.7600816143893008,0.16666666666666666,0.14667346786577506,0.5833333333333334,0.16666666666666666,0.16666666666666666,0.0,0.25,0.4416666666666666,0.16666666666666666,9.166666666666668,11.999967765808105,2.8553885422075336,3.017277595048638,0.2857137959192069,0.5,0.3333333333333333,0.6367315914817715,0.09722222222222222,trainPep,348
19,1.844278799446887,0.10526315789473684,0.09706730523404668,0.3157894736842105,0.10526315789473684,0.10526315789473684,0.0,0.3157894736842105,-0.07368421052631585,0.05263157894736842,67.86842105263158,9.703152656555176,3.0311161724560196,5.840197704289079,0.3333322777811204,0.2631578947368421,0.10526315789473684,1.0925707896419745,0.03324099722991689,trainPep,349
16,1.759092613290301,0.125,0.10994328833064382,0.5,0.0625,0.125,0.0,0.3125,0.44999999999999996,0.0625,-19.41875,11.000836753845213,3.202819531114783,3.5181781902242215,0.1249997500005,0.3125,0.1875,0.9658587165461353,0.0625,trainPep,350
7,1.7491916231912912,0.2857142857142857,0.24988451759875588,0.42857142857142855,0.2857142857142857,0.2857142857142857,0.0,0.2857142857142857,0.11428571428571425,0.2857142857142857,8.571428571428571,9.507748985290526,2.5216406363433186,4.081437597425286,0.6666651111147408,0.2857142857142857,0.7142857142857143,0.10584504797972949,0.12244897959183672,trainPep,351
15,4.757074611492296,0.3333333333333333,0.31713830743281973,0.4666666666666667,0.2,0.3333333333333333,0.0,0.06666666666666667,-0.3400000000000001,0.2,18.080000000000002,11.733971214294431,3.189898095464287,10.193709466677491,0.4285705102060496,0.4,0.4666666666666667,0.9185707300659753,0.15555555555555556,trainPep,352
7,-0.2352864627632787,0.0,0.033612351823325524,0.2857142857142857,0.14285714285714285,0.2857142857142857,0.2857142857142857,0.14285714285714285,-1.657142857142857,0.14285714285714285,55.142857142857146,6.14323787689209,2.5216406363433186,0.8234997374223946,0.499998250006125,0.2857142857142857,0.42857142857142855,2.019947920941129,0.16326530612244897,trainPep,353
10,-0.23809692473648925,0.0,0.023809692473648926,0.4,0.1,0.1,0.1,0.2,0.38,0.1,52.94,6.00136775970459,2.9219280948873623,0.5952408237391638,0.24999937500156252,0.4,0.1,0.3540879709737587,0.08000000000000002,trainPep,354
11,0.7958645879540859,0.09090909090909091,0.07235132617764417,0.8181818181818182,0.0,0.09090909090909091,0.0,0.0,2.4000000000000004,0.0,26.6,9.79502010345459,2.1180782093497093,0.9727221963945315,0.0,0.5454545454545454,0.09090909090909091,0.9028847133092154,0.0743801652892562,trainPep,355
12,0.7329793890561502,0.08333333333333333,0.061081615754679186,0.75,0.16666666666666666,0.08333333333333333,0.0,0.16666666666666666,1.2666666666666666,0.16666666666666666,38.66666666666667,8.717624473571778,2.355388542207534,0.9773045490021349,0.22222192592632098,0.4166666666666667,0.16666666666666666,0.5252561526229832,0.0625,trainPep,356
9,-0.5999919446591626,0.0,0.06666577162879585,0.3333333333333333,0.0,0.1111111111111111,0.1111111111111111,0.3333333333333333,-0.2222222222222221,0.0,12.47777777777778,5.663630485534668,2.725480556997868,1.799970434066186,0.0,0.1111111111111111,0.1111111111111111,0.4412890532688121,0.07407407407407407,trainPep,357
10,-0.28581359024286734,0.0,0.028581359024286733,0.5,0.1,0.0,0.0,0.4,1.81,0.1,4.740000000000002,5.483109855651855,2.6464393446710153,0.5716260372336602,0.1999996000008,0.4,0.3,0.7914171422051968,0.0,trainPep,358
9,1.758103612191301,0.2222222222222222,0.19534484579903344,0.2222222222222222,0.0,0.2222222222222222,0.0,0.4444444444444444,-0.8444444444444446,0.0,74.54444444444445,10.002737236022949,2.725480556997868,7.911430653422914,0.0,0.1111111111111111,0.2222222222222222,0.7864931405382551,0.04938271604938271,trainPep,359
8,-0.23808692483648786,0.0,0.029760865604560982,0.5,0.125,0.125,0.125,0.125,0.36249999999999993,0.125,-1.8625000000000003,6.0014245986938475,2.4056390622295662,0.47617289732718104,0.249999500001,0.5,0.25,0.6404909790407753,0.125,trainPep,360
9,0.7948655869550849,0.1111111111111111,0.08831839855056499,0.5555555555555556,0.1111111111111111,0.1111111111111111,0.0,0.3333333333333333,0.44444444444444464,0.1111111111111111,-0.5444444444444447,8.792601203918458,2.5032583347756456,1.4307554811592866,0.19999964000064796,0.3333333333333333,0.1111111111111111,0.6502619157222362,0.06172839506172839,trainPep,361
9,1.3961985923686266,0.2222222222222222,0.1551331769298474,0.4444444444444444,0.1111111111111111,0.2222222222222222,0.0,0.2222222222222222,0.5777777777777777,0.1111111111111111,-26.677777777777777,10.000545310974118,2.725480556997868,3.14143976458994,0.24999943750126563,0.4444444444444444,0.3333333333333333,0.15093817620960104,0.09876543209876543,trainPep,362
14,1.7948655869550851,0.14285714285714285,0.12820468478250607,0.5,0.07142857142857142,0.14285714285714285,0.0,0.2857142857142857,-0.07142857142857142,0.07142857142857142,34.607142857142854,11.001030158996581,2.950212064914748,3.5897239944621813,0.14285685714342855,0.21428571428571427,0.21428571428571427,0.5729881840847573,0.07142857142857142,trainPep,363
8,-0.20412541214591307,0.0,0.025515676518239133,0.75,0.0,0.0,0.0,0.125,2.4875000000000003,0.0,8.75,5.57001667022705,1.75,0.272166853305413,0.0,0.5,0.0,0.8333985768489036,0.0,trainPep,364
7,-0.23808692483648786,0.0,0.03401241783378398,0.42857142857142855,0.0,0.14285714285714285,0.14285714285714285,0.2857142857142857,0.45714285714285713,0.0,36.08571428571429,6.0014245986938475,2.2359263506290326,0.5555348617037944,0.0,0.42857142857142855,0.14285714285714285,0.9964385214423463,0.12244897959183672,trainPep,365
10,-0.20412541214591307,0.0,0.020412541214591306,0.8,0.0,0.0,0.0,0.2,1.5400000000000005,0.0,0.5099999999999998,5.57001667022705,1.1567796494470395,0.25515644623683353,0.0,0.1,0.0,0.24,0.0,trainPep,366
7,0.9575298665793545,0.14285714285714285,0.13678998093990777,0.2857142857142857,0.2857142857142857,0.14285714285714285,0.0,0.42857142857142855,-0.31428571428571433,0.2857142857142857,63.60000000000001,9.179991722106934,2.2359263506290326,3.3513428033279293,0.99999650001225,0.2857142857142857,0.42857142857142855,0.7409352200902511,0.04081632653061224,trainPep,367
11,2.7938665859560845,0.2727272727272727,0.2539878714505531,0.2727272727272727,0.0,0.2727272727272727,0.0,0.36363636363636365,-1.0454545454545454,0.0,40.800000000000004,11.166391563415527,3.095795255000934,10.244139919992605,0.0,0.18181818181818182,0.2727272727272727,1.2567673876116066,0.07438016528925619,trainPep,368
7,-0.03965967144743532,0.0,0.005665667349633617,0.42857142857142855,0.0,0.14285714285714285,0.14285714285714285,0.14285714285714285,0.3,0.0,-3.5571428571428574,6.426239204406738,2.5216406363433186,0.09253901745297503,0.0,0.42857142857142855,0.14285714285714285,0.7437735022087028,0.12244897959183672,trainPep,369
8,-0.051372122520654595,0.0,0.006421515315081824,0.5,0.25,0.0,0.0,0.25,1.275,0.25,-10.0375,5.9099138259887685,2.5,0.10274403955323008,0.499999000002,0.5,0.375,0.13180605755870936,0.0,trainPep,370
14,1.4591374583185974,0.14285714285714285,0.1042241041656141,0.35714285714285715,0.0,0.14285714285714285,0.0,0.42857142857142855,0.3357142857142858,0.0,24.671428571428578,11.000192070007323,2.8962915290459286,4.085573443686431,0.0,0.35714285714285715,0.14285714285714285,1.5501611429417148,0.05102040816326531,trainPep,371
21,1.7620148353043539,0.09523809523809523,0.08390546834782638,0.3333333333333333,0.0,0.19047619047619047,0.09523809523809523,0.23809523809523808,-0.39523809523809517,0.0,8.852380952380951,9.98616886138916,3.463280517810811,5.286028647827119,0.0,0.2857142857142857,0.19047619047619047,1.3105395090893441,0.09523809523809523,trainPep,372
9,1.758103612191301,0.2222222222222222,0.19534484579903344,0.5555555555555556,0.2222222222222222,0.2222222222222222,0.0,0.2222222222222222,0.9333333333333331,0.2222222222222222,30.28888888888889,10.002737236022949,2.5032583347756456,3.164580805698891,0.3999992800012959,0.5555555555555556,0.4444444444444444,0.5479464088639374,0.12345679012345678,trainPep,373
10,-0.539853540782401,0.0,0.0539853540782401,0.4,0.1,0.0,0.0,0.5,0.30999999999999994,0.1,24.000000000000004,5.240009498596191,2.6464393446710153,1.3496304778798078,0.24999937500156252,0.3,0.1,1.5056488198074913,0.0,trainPep,374
7,1.73099138695815,0.2857142857142857,0.24728448385116428,0.5714285714285714,0.14285714285714285,0.2857142857142857,0.0,0.14285714285714285,0.04285714285714277,0.14285714285714285,-14.328571428571431,9.702507972717285,2.2359263506290326,3.0292296260249167,0.2499995625007656,0.5714285714285714,0.2857142857142857,1.6196855989212735,0.16326530612244897,trainPep,375
17,0.4322449499947778,0.058823529411764705,0.025426173529104576,0.35294117647058826,0.11764705882352941,0.11764705882352941,0.058823529411764705,0.47058823529411764,0.4058823529411764,0.11764705882352941,34.26470588235294,7.696079063415529,3.292770193936991,1.2246905550286311,0.3333323888915648,0.23529411764705882,0.4117647058823529,1.3824554657841264,0.06228373702422145,trainPep,376
14,1.8328316147019899,0.14285714285714285,0.130916543907285,0.5,0.14285714285714285,0.21428571428571427,0.07142857142857142,0.14285714285714285,-0.021428571428571384,0.14285714285714285,-2.7285714285714286,9.531279945373537,3.3248629576173565,3.6656558980921834,0.2857137142868571,0.42857142857142855,0.2857142857142857,1.8662085732411036,0.14285714285714285,trainPep,377
10,3.7598850734655067,0.4,0.37598850734655065,0.3,0.2,0.5,0.1,0.1,-2.23,0.2,68.63,11.000256538391113,2.6464393446710153,12.532908468523463,0.6666644444518519,0.3,0.6,1.2186804128664013,0.18,trainPep,378
10,-0.23989838581069733,0.0,0.023989838581069733,0.7,0.2,0.0,0.0,0.2,1.36,0.2,17.65,5.525000190734862,2.446439344671015,0.3427114901417246,0.28571387755160355,0.4,0.2,0.8339746691225948,0.0,trainPep,379
13,0.7617265341397195,0.07692307692307693,0.05859434877997842,0.5384615384615384,0.07692307692307693,0.23076923076923078,0.15384615384615385,0.07692307692307693,-0.42307692307692313,0.07692307692307693,-3.1000000000000005,8.431126976013186,2.5654483718208256,1.414632364799373,0.14285687755151313,0.23076923076923078,0.23076923076923078,0.7328690035993717,0.20710059171597633,trainPep,380
9,2.7571046111923003,0.3333333333333333,0.3063449567991445,0.3333333333333333,0.2222222222222222,0.3333333333333333,0.0,0.2222222222222222,-0.47777777777777786,0.2222222222222222,-17.244444444444444,10.302063941955566,2.197159723424149,8.271289019709842,0.6666646666726667,0.3333333333333333,0.5555555555555556,1.1316579226912067,0.1111111111111111,trainPep,381
6,-1.2486786149698625,-0.16666666666666666,0.20811310249497708,0.5,0.16666666666666666,0.0,0.16666666666666666,0.16666666666666666,1.6166666666666665,0.16666666666666666,40.43333333333334,4.0500284194946286,2.584962500721156,2.4973522352352546,0.33333266666799993,0.5,0.3333333333333333,1.7302055112359083,0.08333333333333333,trainPep,382
9,-0.24979937590970713,0.0,0.027755486212189682,0.2222222222222222,0.0,0.0,0.0,0.5555555555555556,-0.4444444444444444,0.0,57.71111111111111,5.518122673034666,2.4193819456463714,1.1240921331790827,0.0,0.2222222222222222,0.1111111111111111,0.6160950996519255,0.0,trainPep,383
7,0.45914745821859826,0.14285714285714285,0.06559249403122833,0.2857142857142857,0.14285714285714285,0.14285714285714285,0.0,0.42857142857142855,0.0428571428571428,0.14285714285714285,-12.899999999999999,8.465101814270021,2.5216406363433186,1.6070104792284168,0.499998250006125,0.14285714285714285,0.2857142857142857,0.8074098674895741,0.04081632653061224,trainPep,384
10,1.8462668015448882,0.2,0.18462668015448883,0.4,0.2,0.2,0.0,0.1,0.32999999999999996,0.1,4.740000000000002,11.000836753845213,2.9219280948873623,4.615655464723559,0.49999875000312505,0.4,0.3,0.9043949214309903,0.08000000000000002,trainPep,385
14,-0.24979937590970713,0.0,0.01784281256497908,0.7142857142857143,0.21428571428571427,0.0,0.0,0.07142857142857142,2.721428571428572,0.21428571428571427,-2.1642857142857146,5.518122673034666,2.4137995646056805,0.34971863666749864,0.29999958000058796,0.7142857142857143,0.2857142857142857,0.5087926446831662,0.0,trainPep,386
10,2.7590826133903,0.3,0.27590826133903,0.6,0.1,0.3,0.0,0.1,0.5799999999999998,0.1,77.24000000000001,11.999967765808105,2.321928094887362,4.5984633582115695,0.16666638888935187,0.6,0.4,0.4150068935818133,0.18,trainPep,387
8,0.7591026131903019,0.125,0.09488782664878774,0.5,0.0,0.125,0.0,0.375,0.44999999999999996,0.0,-1.8625000000000003,8.750052070617677,2.25,1.518202189976224,0.0,0.25,0.125,1.0446207034661383,0.0625,trainPep,388
22,2.7946790459312925,0.13636363636363635,0.12703086572414965,0.5,0.045454545454545456,0.18181818181818182,0.045454545454545456,0.18181818181818182,-0.018181818181818077,0.045454545454545456,23.96818181818181,9.997450828552246,3.1358218241480356,5.589346913168758,0.09090890909127272,0.2727272727272727,0.18181818181818182,0.7762106163737699,0.11363636363636365,trainPep,389
10,2.751982085364499,0.30000000000000004,0.2751982085364499,0.3,0.0,0.4,0.1,0.2,-0.9700000000000001,0.0,33.11,10.763593101501463,2.6464393446710153,9.173243040404863,0.0,0.2,0.5,0.9305873061482203,0.15,trainPep,390
7,0.7600916142893016,0.14285714285714285,0.10858451632704309,0.2857142857142857,0.0,0.14285714285714285,0.0,0.5714285714285714,-0.18571428571428572,0.0,36.08571428571429,9.750021171569824,2.1280852788913944,2.66031133892287,0.0,0.14285714285714285,0.14285714285714285,0.8491844672191193,0.04081632653061224,trainPep,391
12,2.8462468017448854,0.25,0.23718723347874046,0.4166666666666667,0.25,0.25,0.0,0.25,-1.2333333333333332,0.16666666666666666,16.333333333333336,11.711342811584473,2.8553885422075336,6.8309759298454935,0.599998560003456,0.25,0.3333333333333333,0.5538240331417623,0.10416666666666667,trainPep,392
16,2.7299723861591465,0.1875,0.17062327413494666,0.4375,0.25,0.1875,0.0,0.25,-0.89375,0.25,-4.09375,9.992744636535647,3.0306390622295662,6.239922619969204,0.5714272653091079,0.4375,0.25,0.9868955630571452,0.08203125,trainPep,393
8,1.758103612191301,0.25,0.21976295152391262,0.375,0.125,0.25,0.0,0.375,-0.5875,0.125,-20.7125,10.002737236022949,2.75,4.688263797140011,0.3333324444468148,0.375,0.375,1.3971617943206223,0.09375,trainPep,394
9,-1.1777166608504162,-0.1111111111111111,0.13085740676115734,0.6666666666666666,0.2222222222222222,0.0,0.1111111111111111,0.1111111111111111,1.2333333333333334,0.1111111111111111,57.71111111111111,5.075574302673339,2.94770277922009,1.7665723414171122,0.3333328333340833,0.5555555555555556,0.1111111111111111,0.8299705759474751,0.07407407407407407,trainPep,395
18,-0.4508678915536046,0.0,0.02504821619742248,0.4444444444444444,0.16666666666666666,0.05555555555555555,0.05555555555555555,0.3333333333333333,0.36111111111111094,0.1111111111111111,-0.9555555555555559,6.467049598693847,3.503258334775645,1.0144504734820452,0.37499915625189845,0.3333333333333333,0.16666666666666666,0.5565208203308489,0.04938271604938271,trainPep,396
20,1.3881090632438262,0.09999999999999999,0.06940545316219131,0.3,0.05,0.15,0.05,0.45,-0.635,0.05,25.96,9.18579387664795,3.3086949695628425,4.62701478743013,0.16666611111296298,0.15,0.25,1.3533190475933141,0.06,trainPep,397
7,1.845277800445888,0.2857142857142857,0.2636111143494126,0.42857142857142855,0.14285714285714285,0.2857142857142857,0.0,0.14285714285714285,0.1428571428571428,0.0,59.21428571428571,10.002801704406739,2.2359263506290326,4.305638154551379,0.3333325555573704,0.42857142857142855,0.2857142857142857,1.6815860711550326,0.12244897959183672,trainPep,398
19,2.7561056101932992,0.15789473684210525,0.14505819001017364,0.5263157894736842,0.15789473684210525,0.15789473684210525,0.0,0.2631578947368421,0.41052631578947374,0.15789473684210525,-13.58421052631579,10.00138339996338,3.2608281712244542,5.23659070984492,0.299999430001083,0.42105263157894735,0.2631578947368421,1.2151052913649638,0.08310249307479224,trainPep,399
15,1.8480682626190963,0.13333333333333336,0.12320455084127309,0.5333333333333333,0.13333333333333333,0.2,0.06666666666666667,0.0,0.2400000000000001,0.06666666666666667,18.313333333333336,9.98623332977295,3.3232314287976212,3.4651214953080016,0.2499995312508789,0.4666666666666667,0.2,1.1478279652772367,0.14222222222222222,trainPep,400
15,0.9575298665793545,0.06666666666666667,0.06383532443862364,0.6,0.06666666666666667,0.06666666666666667,0.0,0.26666666666666666,0.7466666666666666,0.06666666666666667,22.566666666666666,9.179991722106934,3.056564762130954,1.5958804511648388,0.11111092592623456,0.4666666666666667,0.13333333333333333,1.5472117165422645,0.04,trainPep,401
8,-0.20412541214591307,0.0,0.025515676518239133,0.625,0.125,0.0,0.0,0.25,1.5875,0.125,46.2875,5.57001667022705,2.5,0.3266001368732419,0.199999680000512,0.375,0.125,0.6830681301372102,0.0,trainPep,402
7,0.7591026131903019,0.14285714285714285,0.10844323045575742,0.42857142857142855,0.2857142857142857,0.14285714285714285,0.0,0.42857142857142855,-0.31428571428571433,0.2857142857142857,3.299999999999998,8.750052070617677,2.2359263506290326,1.7712352978950097,0.6666651111147408,0.42857142857142855,0.42857142857142855,0.669261898590049,0.06122448979591836,trainPep,403
12,-0.2632111479716386,0.0,0.021934262330969883,0.5,0.0,0.08333333333333333,0.08333333333333333,0.25,0.3416666666666666,0.0,101.65833333333333,5.972209358215332,3.084962500721156,0.526421243100791,0.0,0.3333333333333333,0.08333333333333333,0.9004425506461616,0.08333333333333333,trainPep,404
8,0.45914745821859826,0.125,0.05739343227732478,0.5,0.0,0.125,0.0,0.25,0.9624999999999999,0.0,49.5,8.465101814270021,2.5,0.9182930798510368,0.0,0.25,0.125,1.1679112773927562,0.0625,trainPep,405
9,-0.23989838581069733,0.0,0.02665537620118859,0.3333333333333333,0.0,0.0,0.0,0.6666666666666666,0.26666666666666683,0.0,51.6888888888889,5.525000190734862,1.5304930567574826,0.7196929983530971,0.0,0.3333333333333333,0.0,0.4785186704876514,0.0,trainPep,406
25,0.8285515485494006,0.04000000000000001,0.033142061941976025,0.4,0.08,0.16,0.12,0.28,0.08,0.08,10.071999999999997,8.249390602111816,3.2732696895151077,2.071373692939269,0.19999950000125,0.36,0.28,1.4231158506827541,0.11200000000000002,trainPep,407
11,2.845267800545887,0.2727272727272727,0.2586607091405352,0.45454545454545453,0.18181818181818182,0.2727272727272727,0.0,0.09090909090909091,-0.06363636363636366,0.09090909090909091,77.24545454545455,11.16626262664795,2.845350936622437,6.259575390135094,0.39999912000193605,0.36363636363636365,0.36363636363636365,0.6430168739509295,0.12396694214876032,trainPep,408
13,-0.6018034056333719,0.0,0.046292569664105526,0.6153846153846154,0.0,0.0,0.0,0.3076923076923077,1.130769230769231,0.0,24.04615384615385,5.1849893569946275,1.8919954870390203,0.9779289450196935,0.0,0.15384615384615385,0.0,1.0679991271781901,0.0,trainPep,409
13,2.7618730755635075,0.23076923076923078,0.21245177504334672,0.5384615384615384,0.15384615384615385,0.3076923076923077,0.07692307692307693,0.07692307692307693,-0.3923076923076923,0.15384615384615385,-0.5230769230769216,11.539018821716308,2.7773627950641693,5.12918332899176,0.28571375510302627,0.46153846153846156,0.38461538461538464,1.1026532758020378,0.20710059171597633,trainPep,410
12,-0.23908592583548893,0.0,0.019923827152957412,0.5833333333333334,0.25,0.08333333333333333,0.08333333333333333,0.16666666666666666,0.5499999999999999,0.25,18.14166666666667,6.000685691833495,3.2516291673878226,0.4098608845278932,0.42857069387881047,0.4166666666666667,0.25,0.6757938948407157,0.09722222222222222,trainPep,411
11,1.7948655869550851,0.18181818181818182,0.16316959881409865,0.5454545454545454,0.09090909090909091,0.18181818181818182,0.0,0.18181818181818182,0.12727272727272726,0.09090909090909091,-6.345454545454546,11.001030158996581,2.7321588913645707,3.290580876686049,0.1666663611116713,0.18181818181818182,0.2727272727272727,0.27773690526563993,0.09917355371900825,trainPep,412
9,-0.23989838581069733,0.0,0.02665537620118859,0.7777777777777778,0.1111111111111111,0.0,0.0,0.2222222222222222,2.088888888888889,0.1111111111111111,30.28888888888889,5.525000190734862,2.4193819456463714,0.3084403851904013,0.14285695918390962,0.4444444444444444,0.1111111111111111,0.3462002965977896,0.0,trainPep,413
10,0.7590926132903006,0.1,0.07590926132903006,0.7,0.2,0.1,0.0,0.1,1.17,0.2,0.5099999999999998,8.747602272033692,2.9219280948873623,1.0844164698197583,0.28571387755160355,0.5,0.2,1.0796524093022246,0.06999999999999999,trainPep,414
11,0.39900905434183676,0.09090909090909091,0.03627355039471243,0.36363636363636365,0.0,0.18181818181818182,0.09090909090909091,0.36363636363636365,-0.29090909090909095,0.0,18.881818181818183,8.256675529479981,2.9139770731827523,1.0972718819423757,0.0,0.2727272727272727,0.18181818181818182,0.3732856810031798,0.09917355371900825,trainPep,415
9,0.7491916231912907,0.1111111111111111,0.0832435136879212,0.4444444444444444,0.1111111111111111,0.1111111111111111,0.0,0.4444444444444444,-0.13333333333333336,0.1111111111111111,-8.922222222222224,8.221991539001465,2.94770277922009,1.6856773594063457,0.24999943750126563,0.3333333333333333,0.2222222222222222,1.3161524481445013,0.04938271604938271,trainPep,416
8,0.7591026131903019,0.125,0.09488782664878774,0.625,0.125,0.125,0.0,0.25,1.0375,0.125,-11.287500000000001,8.750052070617677,2.1556390622295662,1.2145622378049026,0.199999680000512,0.625,0.25,1.798301667809388,0.078125,trainPep,417
16,1.759092613290301,0.125,0.10994328833064382,0.5625,0.1875,0.125,0.0,0.125,0.9999999999999999,0.1875,18.5125,11.000836753845213,2.6556390622295662,3.1272701973690733,0.3333327407417942,0.4375,0.3125,0.2942596381671813,0.0703125,trainPep,418
9,0.7590926132903006,0.1111111111111111,0.08434362369892229,0.5555555555555556,0.2222222222222222,0.1111111111111111,0.0,0.2222222222222222,0.044444444444444314,0.2222222222222222,-6.311111111111109,8.747602272033692,2.725480556997868,1.366364244466901,0.3999992800012959,0.4444444444444444,0.2222222222222222,1.6937363848952045,0.06172839506172839,trainPep,419
12,-0.5380420798081915,0.0,0.04483683998401596,0.3333333333333333,0.0,0.08333333333333333,0.08333333333333333,0.4166666666666667,0.12499999999999996,0.0,-11.266666666666667,5.718195915222168,2.792481250360578,1.6141213970603836,0.0,0.3333333333333333,0.08333333333333333,0.7968826620197671,0.05555555555555555,trainPep,420
19,-1.5960707216461087,-0.05263157894736842,0.08400372219190046,0.3684210526315789,0.0,0.10526315789473684,0.15789473684210525,0.3684210526315789,-0.21052631578947373,0.0,50.9578947368421,4.675598335266113,3.2608281712244547,4.332180199978896,0.0,0.3157894736842105,0.10526315789473684,1.2456050755515884,0.09695290858725761,trainPep,421
7,-0.23989838581069733,0.0,0.03427119797295676,0.7142857142857143,0.0,0.0,0.0,0.0,2.4285714285714284,0.0,-3.5571428571428574,5.525000190734862,1.950212064914747,0.33585726993479836,0.0,0.5714285714285714,0.0,0.039858344366495206,0.0,trainPep,422
7,-1.2387776248708526,-0.14285714285714285,0.17696823212440752,0.5714285714285714,0.2857142857142857,0.0,0.14285714285714285,0.0,1.2714285714285711,0.2857142857142857,15.42857142857143,4.0500284194946286,1.950212064914747,2.167857049774155,0.4999991250015312,0.5714285714285714,0.2857142857142857,0.1398344447624494,0.08163265306122448,trainPep,423
8,-1.201193190231859,-0.125,0.1501491487789824,0.5,0.125,0.125,0.25,0.125,-0.7375000000000002,0.125,62.15,4.37037296295166,2.75,2.402381575700567,0.249999500001,0.25,0.25,0.3411836015989046,0.1875,trainPep,424
9,0.7510130840655012,0.1111111111111111,0.08344589822950013,0.3333333333333333,0.2222222222222222,0.2222222222222222,0.1111111111111111,0.3333333333333333,-0.10000000000000003,0.2222222222222222,13.588888888888892,8.197751426696776,2.725480556997868,2.2530324930990244,0.6666646666726667,0.3333333333333333,0.5555555555555556,0.6369825910979429,0.1111111111111111,trainPep,425
8,0.46013645931759795,0.125,0.05751705741469974,0.5,0.25,0.125,0.0,0.125,0.6375,0.25,-1.8625000000000003,9.46507091522217,2.5,0.9202710780930397,0.499999000002,0.375,0.375,0.5075133554405715,0.0625,trainPep,426
20,1.5001681465175527,0.09999999999999999,0.07500840732587763,0.25,0.1,0.15,0.05,0.4,-0.51,0.1,31.265,9.700251579284668,3.408694969562842,6.000648583475877,0.3999984000064,0.2,0.25,1.0976538167247138,0.05,trainPep,427
13,-0.23908592583548893,0.0,0.01839122506426838,0.38461538461538464,0.07692307692307693,0.07692307692307693,0.07692307692307693,0.3076923076923077,-0.13076923076923072,0.07692307692307693,-5.315384615384616,6.000685691833495,3.392747410448785,0.6216217909556148,0.199999480001352,0.3076923076923077,0.07692307692307693,0.6620103694358382,0.0591715976331361,trainPep,428
16,0.75991507316551,0.0625,0.047494692072844374,0.3125,0.0625,0.125,0.0625,0.5,-0.85625,0.0625,61.875,8.497593879699707,3.0306390622295662,2.431720452624184,0.19999936000204802,0.3125,0.125,0.558229570679934,0.05859375,trainPep,429
7,-0.4978338514844458,0.0,0.07111912164063512,0.42857142857142855,0.0,0.14285714285714285,0.14285714285714285,0.14285714285714285,0.25714285714285723,0.0,23.957142857142863,5.752981376647949,2.521640636343318,1.1616096097079511,0.0,0.2857142857142857,0.14285714285714285,0.9657120482369255,0.12244897959183672,trainPep,430
9,0.7600916142893016,0.1111111111111111,0.0844546238099224,0.5555555555555556,0.0,0.1111111111111111,0.0,0.3333333333333333,0.8222222222222221,0.0,66.51111111111112,9.750021171569824,2.058813890331201,1.3681624430283452,0.0,0.4444444444444444,0.1111111111111111,0.9956348451654606,0.06172839506172839,trainPep,431
12,-0.539853540782401,0.0,0.044987795065200085,0.3333333333333333,0.0,0.0,0.0,0.6666666666666666,0.1583333333333334,0.0,57.31666666666667,5.240009498596191,2.054585169337799,1.6195557636799123,0.0,0.3333333333333333,0.0,0.5688938892347812,0.0,trainPep,432
23,-3.1430602906557925,-0.13043478260869565,0.13665479524590401,0.34782608695652173,0.043478260869565216,0.08695652173913043,0.21739130434782608,0.2608695652173913,-0.47391304347826096,0.0,36.08695652173913,4.5018415451049805,3.22467921775583,9.036272356352379,0.1249996406260332,0.34782608695652173,0.08695652173913043,1.1306786624126424,0.10586011342155009,trainPep,433
15,0.836641077674201,0.06666666666666668,0.055776071844946734,0.4666666666666667,0.13333333333333333,0.2,0.13333333333333333,0.06666666666666667,-0.24666666666666678,0.13333333333333333,25.006666666666668,8.594038581848146,2.9232314287976204,1.7927984675908575,0.2857136734706997,0.26666666666666666,0.3333333333333333,1.2350665449514358,0.15555555555555559,trainPep,434
13,-0.23989838581069733,0.0,0.018453721985438258,0.9230769230769231,0.23076923076923078,0.0,0.0,0.0,2.715384615384615,0.23076923076923078,2.7,5.525000190734862,2.353533948577482,0.25988963641448265,0.24999972916696006,0.6153846153846154,0.23076923076923078,0.509146612955453,0.0,trainPep,435
9,0.39719759336762717,0.1111111111111111,0.04413306592973635,0.7777777777777778,0.2222222222222222,0.1111111111111111,0.0,0.1111111111111111,2.1333333333333333,0.2222222222222222,5.688888888888889,8.410110282897953,2.4193819456463714,0.5106819634529962,0.28571391836781923,0.6666666666666666,0.3333333333333333,1.0216595508017972,0.08641975308641975,trainPep,436
10,-0.24177462786785542,0.0,0.024177462786785543,0.5,0.2,0.1,0.1,0.2,-0.4600000000000001,0.2,0.6699999999999982,5.834261131286621,2.7219280948873625,0.4835482886391335,0.3999992000016,0.5,0.1,0.856713134858164,0.1,trainPep,437
15,-0.2372744648612799,0.0,0.01581829765741866,0.2,0.06666666666666667,0.13333333333333333,0.13333333333333333,0.3333333333333333,-1.0133333333333332,0.06666666666666667,58.75333333333333,6.1418169021606435,3.2402239289418517,1.186366392474437,0.3333316666749999,0.13333333333333333,0.13333333333333333,0.7355785884500442,0.05333333333333334,trainPep,438
22,0.5464334065140279,0.045454545454545456,0.024837882114274,0.5,0.09090909090909091,0.09090909090909091,0.045454545454545456,0.2727272727272727,0.24090909090909077,0.045454545454545456,31.26818181818182,8.333844184875488,3.390805482076982,1.0928646272988012,0.18181781818254544,0.4090909090909091,0.09090909090909091,1.428103464738514,0.06818181818181818,trainPep,439
9,1.7599150731655104,0.2222222222222222,0.19554611924061227,0.3333333333333333,0.2222222222222222,0.3333333333333333,0.1111111111111111,0.1111111111111111,-0.8222222222222222,0.2222222222222222,24.099999999999998,9.703023719787598,2.4193819456463714,5.279729380308391,0.6666646666726667,0.3333333333333333,0.5555555555555556,0.5376333607264747,0.14814814814814814,trainPep,440
11,2.4541524532235934,0.2727272727272727,0.22310476847487212,0.5454545454545454,0.36363636363636365,0.2727272727272727,0.0,0.18181818181818182,-0.9181818181818181,0.36363636363636365,28.90909090909091,9.699542427062987,2.413088436425758,4.499271248912632,0.6666654444466852,0.45454545454545453,0.36363636363636365,0.8200089865590235,0.14876033057851237,trainPep,441
13,-1.1497919756420563,-0.07692307692307693,0.08844553658785048,0.3076923076923077,0.07692307692307693,0.07692307692307693,0.15384615384615385,0.3076923076923077,-0.353846153846154,0.0,14.384615384615381,5.3206071853637695,3.180832987205441,3.7368117761984103,0.24999918750264064,0.3076923076923077,0.07692307692307693,1.0555342632177296,0.07100591715976332,trainPep,442
7,-0.20412541214591307,0.0,0.029160773163701866,0.7142857142857143,0.14285714285714285,0.0,0.0,0.2857142857142857,1.0,0.14285714285714285,55.142857142857146,5.57001667022705,1.9502120649147465,0.2857751769190306,0.19999972000039198,0.42857142857142855,0.14285714285714285,0.6912117468915246,0.0,trainPep,443
12,0.7958645879540859,0.08333333333333333,0.06632204899617382,0.75,0.0,0.08333333333333333,0.0,0.08333333333333333,2.1333333333333333,0.0,61.833333333333336,9.79502010345459,2.3553885422075336,1.061151369070289,0.0,0.5,0.08333333333333333,1.1282928685946756,0.0625,trainPep,444
9,-1.158560458254588,-0.1111111111111111,0.12872893980606534,0.4444444444444444,0.0,0.2222222222222222,0.3333333333333333,0.0,-0.24444444444444458,0.0,17.65555555555556,4.786434364318848,2.4193819456463714,2.6067551658737003,0.0,0.4444444444444444,0.2222222222222222,1.753562402903555,0.24691358024691357,trainPep,445
12,-0.23808692483648786,0.0,0.01984057706970732,0.5,0.0,0.08333333333333333,0.08333333333333333,0.3333333333333333,0.32500000000000007,0.0,61.833333333333336,6.0014245986938475,2.9182958340544896,0.47617289732718104,0.0,0.3333333333333333,0.08333333333333333,1.456228478667793,0.08333333333333333,trainPep,446
9,-0.11695122389132617,0.0,0.012994580432369575,0.6666666666666666,0.1111111111111111,0.0,0.0,0.2222222222222222,1.2999999999999998,0.0,35.2,6.786086845397949,2.4193819456463714,0.17542657269713022,0.16666641666704166,0.4444444444444444,0.0,1.1594469688483064,0.0,trainPep,447
18,-0.2653856910934316,0.0,0.014743649505190644,0.3888888888888889,0.16666666666666666,0.1111111111111111,0.1111111111111111,0.2222222222222222,-0.827777777777778,0.16666666666666666,10.750000000000002,6.111180686950683,3.0860486123130375,0.6824185937352973,0.42857032653344607,0.3333333333333333,0.1111111111111111,0.5717476999935012,0.08641975308641975,trainPep,448
12,0.836375811345879,0.08333333333333333,0.06969798427882325,0.4166666666666667,0.16666666666666666,0.08333333333333333,0.0,0.25,0.5083333333333333,0.08333333333333333,37.141666666666666,8.231146049499515,3.2516291673878226,2.0072971297169984,0.39999904000230396,0.25,0.25,1.0600374543930509,0.034722222222222224,trainPep,449
9,0.8348296166999916,0.1111111111111111,0.09275884629999906,0.5555555555555556,0.1111111111111111,0.2222222222222222,0.1111111111111111,0.1111111111111111,0.0,0.1111111111111111,-0.5444444444444447,8.688807106018068,2.4193819456463714,1.5026906052168953,0.19999964000064796,0.2222222222222222,0.3333333333333333,0.9539400985575897,0.18518518518518517,trainPep,450
7,-1.2370879238374872,-0.14285714285714285,0.17672684626249818,0.8571428571428571,0.0,0.0,0.14285714285714285,0.0,2.385714285714286,0.0,71.34285714285714,4.0500284194946286,1.9502120649147465,1.4432675606649144,0.0,0.5714285714285714,0.0,0.48830284647573957,0.12244897959183672,trainPep,451
20,2.4874366946453303,0.15,0.12437183473226651,0.45,0.1,0.15,0.0,0.3,0.10500000000000002,0.1,33.74,9.782061958312983,3.384183719779189,5.527624815601144,0.22222172839615914,0.4,0.2,1.8760330025204774,0.0675,trainPep,452
7,-0.539853540782401,0.0,0.07712193439748585,0.7142857142857143,0.0,0.0,0.0,0.2857142857142857,2.314285714285714,0.0,59.21428571428571,5.240009498596191,2.2359263506290326,0.7557938989839028,0.0,0.7142857142857143,0.0,0.6339184727978427,0.0,trainPep,453
16,3.7570746114922966,0.25,0.23481716321826854,0.625,0.125,0.25,0.0,0.0625,0.16874999999999996,0.125,31.768749999999997,11.000256538391113,2.7806390622295662,6.0113097602920575,0.199999680000512,0.4375,0.25,1.551106594976929,0.15625,trainPep,454
15,0.8470892614200971,0.06666666666666667,0.05647261742800647,0.4666666666666667,0.2,0.13333333333333333,0.06666666666666667,0.26666666666666666,-0.1666666666666668,0.13333333333333333,75.73333333333332,8.505136680603027,3.1898980954642875,1.8151873847843836,0.4285705102060496,0.3333333333333333,0.2,1.4753926269150561,0.09333333333333334,trainPep,455
6,0.7329893889561515,0.16666666666666666,0.12216489815935859,0.6666666666666666,0.16666666666666666,0.16666666666666666,0.0,0.16666666666666666,0.7666666666666666,0.16666666666666666,-5.816666666666667,8.720009803771973,2.2516291673878226,1.099482434210576,0.2499996250005625,0.5,0.3333333333333333,1.2414149633024048,0.1111111111111111,trainPep,456
9,-0.23989838581069733,0.0,0.02665537620118859,0.4444444444444444,0.2222222222222222,0.0,0.0,0.1111111111111111,0.8444444444444446,0.2222222222222222,69.67777777777779,5.525000190734862,2.4193819456463714,0.5397701535912235,0.49999887500253126,0.3333333333333333,0.2222222222222222,1.0814716077009427,0.0,trainPep,457
10,-0.23989838581069733,0.0,0.023989838581069733,0.3,0.2,0.0,0.0,0.5,0.1999999999999999,0.2,39.03,5.525000190734862,2.4464393446710155,0.7996586205069228,0.6666644444518519,0.3,0.2,0.5037380456675968,0.0,trainPep,458
7,-0.2507983769087082,0.0,0.035828339558386886,0.5714285714285714,0.14285714285714285,0.0,0.0,0.14285714285714285,1.457142857142857,0.14285714285714285,108.42857142857144,5.517440605163573,2.5216406363433186,0.4388963915215542,0.2499995625007656,0.42857142857142855,0.14285714285714285,1.315332026465695,0.0,trainPep,459
13,-0.5451426078339923,0.0,0.041934046756460945,0.3076923076923077,0.0,0.15384615384615385,0.15384615384615385,0.3076923076923077,0.12307692307692306,0.0,36.5,5.86154384613037,3.0269868333592873,1.7717077174103932,0.0,0.3076923076923077,0.23076923076923078,0.6698183818816246,0.09467455621301776,trainPep,460
9,-0.26601161004484764,0.0,0.029556845560538628,0.5555555555555556,0.1111111111111111,0.0,0.0,0.3333333333333333,1.811111111111111,0.1111111111111111,42.25555555555556,5.494989204406737,2.4193819456463714,0.4788200362046605,0.19999964000064796,0.5555555555555556,0.1111111111111111,0.5533817483791297,0.0,trainPep,461
12,1.7483143821331337,0.16666666666666669,0.14569286517776114,0.3333333333333333,0.08333333333333333,0.25,0.08333333333333333,0.25,-0.5583333333333333,0.08333333333333333,24.875000000000004,9.196044349670409,3.418295834054489,5.244927411617167,0.24999925000225,0.3333333333333333,0.3333333333333333,0.5694654538440499,0.1111111111111111,trainPep,462
10,0.8462768014448888,0.1,0.08462768014448888,0.4,0.2,0.1,0.0,0.2,0.15999999999999986,0.1,61.400000000000006,8.757208061218265,3.121928094887362,2.115686714395436,0.49999875000312505,0.4,0.2,0.9046875438876596,0.04000000000000001,trainPep,463
13,0.46013645931759795,0.07692307692307693,0.03539511225519984,0.46153846153846156,0.0,0.07692307692307693,0.0,0.46153846153846156,0.06153846153846159,0.0,38.861538461538466,9.46507091522217,2.71929452566698,0.9969601684410972,0.0,0.15384615384615385,0.07692307692307693,0.9794583276036815,0.03550295857988166,trainPep,464
11,-0.23989838581069733,0.0,0.021808944164608848,0.6363636363636364,0.09090909090909091,0.0,0.0,0.2727272727272727,1.5909090909090908,0.09090909090909091,49.03636363636363,5.525000190734862,2.845350936622437,0.3769825853013189,0.1428569183676997,0.36363636363636365,0.09090909090909091,0.866073609670785,0.0,trainPep,465
10,0.7492016230912921,0.1,0.0749201623091292,0.4,0.1,0.1,0.0,0.4,0.7299999999999999,0.1,-14.52,8.22224941253662,2.6464393446710153,1.8729993752297922,0.24999937500156252,0.4,0.3,0.058911383076608294,0.04000000000000001,trainPep,466
7,-0.25067661696786425,0.0,0.03581094528112346,0.2857142857142857,0.14285714285714285,0.14285714285714285,0.14285714285714285,0.2857142857142857,-0.4428571428571428,0.14285714285714285,20.114285714285717,5.828008842468263,2.807354922057604,0.8773650886097148,0.499998250006125,0.2857142857142857,0.2857142857142857,1.1500771964013814,0.08163265306122448,trainPep,467
8,0.40098705653983613,0.125,0.050123382067479516,0.375,0.125,0.25,0.125,0.125,-0.3125,0.125,95.775,9.260125923156735,2.75,1.0692959659836538,0.3333324444468148,0.25,0.375,1.0519041634478585,0.140625,trainPep,468
13,-1.2279394209569445,-0.07692307692307693,0.09445687853514959,0.46153846153846156,0.07692307692307693,0.15384615384615385,0.23076923076923078,0.15384615384615385,-0.45384615384615395,0.07692307692307693,92.41538461538462,4.935523033142089,3.238901256602631,2.660529647592477,0.16666630555633796,0.3076923076923077,0.23076923076923078,0.6042729388435626,0.1775147928994083,trainPep,469
10,0.46108067913365147,0.09999999999999998,0.04610806791336515,0.4,0.0,0.3,0.2,0.1,-0.14999999999999997,0.0,2.7900000000000027,8.220315361022951,2.046439344671015,1.1526988160870886,0.0,0.4,0.3,0.7090244772513973,0.2,trainPep,470
10,0.7609040742645101,0.1,0.07609040742645101,0.4,0.1,0.2,0.1,0.3,-0.9199999999999999,0.1,40.26,8.589912605285647,3.121928094887362,1.9022554300227004,0.24999937500156252,0.4,0.2,1.4458709556585931,0.12000000000000002,trainPep,471
8,-0.21402640224492286,0.0,0.026753300280615358,0.75,0.25,0.0,0.0,0.25,1.8250000000000002,0.25,63.675,5.561547660827636,1.75,0.28536815583568936,0.3333328888894815,0.25,0.375,0.5329706980976857,0.0,trainPep,472
14,1.0366145257091408,0.07142857142857142,0.07404389469351005,0.42857142857142855,0.14285714285714285,0.14285714285714285,0.07142857142857142,0.21428571428571427,0.5642857142857142,0.07142857142857142,3.5071428571428584,8.60544948577881,3.182005814760214,2.4187615828776354,0.3333325555573704,0.42857142857142855,0.2857142857142857,1.1050069960156625,0.09183673469387754,trainPep,473
9,0.7609140741645111,0.1111111111111111,0.08454600824050124,0.4444444444444444,0.0,0.2222222222222222,0.1111111111111111,0.2222222222222222,0.12222222222222223,0.0,-9.977777777777778,8.591073036193851,2.725480556997868,1.712052814751317,0.0,0.3333333333333333,0.2222222222222222,0.3624137776431008,0.14814814814814814,trainPep,474
16,2.8318326137029888,0.1875,0.1769895383564368,0.5,0.125,0.25,0.0625,0.125,-0.024999999999999967,0.125,-6.4437500000000005,9.82660961151123,3.202819531114783,5.663653900098177,0.249999500001,0.4375,0.3125,1.8662085732411036,0.15625,trainPep,475
10,-0.23989838581069733,0.0,0.023989838581069733,0.8,0.1,0.0,0.0,0.0,2.4200000000000004,0.1,66.78,5.525000190734862,1.5709505944546687,0.29987260742261235,0.12499984375019531,0.7,0.1,0.7357773303727979,0.0,trainPep,476
7,-0.539853540782401,0.0,0.07712193439748585,0.7142857142857143,0.2857142857142857,0.0,0.0,0.14285714285714285,2.242857142857143,0.2857142857142857,71.34285714285714,5.240009498596191,2.521640636343318,0.7557938989839028,0.39999944000078397,0.7142857142857143,0.2857142857142857,1.2008682883337387,0.0,trainPep,477
19,1.7609040742645101,0.10526315789473684,0.09267916180339526,0.47368421052631576,0.10526315789473684,0.15789473684210525,0.05263157894736842,0.2631578947368421,0.18421052631578946,0.10526315789473684,16.252631578947366,9.994291877746583,3.43162356584743,3.7174563088173143,0.22222175308741016,0.3684210526315789,0.2631578947368421,0.8043625174764721,0.09972299168975068,trainPep,478
7,0.7501906241902918,0.14285714285714285,0.10717008917004169,0.5714285714285714,0.0,0.14285714285714285,0.0,0.2857142857142857,1.0999999999999999,0.0,36.08571428571429,8.249712944030762,2.1280852788913944,1.3128312948782446,0.0,0.42857142857142855,0.2857142857142857,0.2110102203855267,0.08163265306122448,trainPep,479
9,0.3961985923686262,0.1111111111111111,0.044022065818736245,0.5555555555555556,0.1111111111111111,0.1111111111111111,0.0,0.2222222222222222,0.7222222222222222,0.1111111111111111,-0.5444444444444447,8.255644035339355,2.94770277922009,0.7131561825823984,0.19999964000064796,0.4444444444444444,0.1111111111111111,0.7308827982580506,0.06172839506172839,trainPep,480
7,2.397177593567625,0.42857142857142855,0.34245394193823214,0.42857142857142855,0.14285714285714285,0.42857142857142855,0.0,0.14285714285714285,-0.25714285714285723,0.14285714285714285,14.071428571428571,11.999967765808105,2.2359263506290326,5.593401333721347,0.3333325555573704,0.42857142857142855,0.5714285714285714,1.0135611449251598,0.18367346938775508,trainPep,481
12,0.45914745821859826,0.08333333333333333,0.03826228818488319,0.5,0.16666666666666666,0.08333333333333333,0.0,0.3333333333333333,0.2333333333333333,0.16666666666666666,6.091666666666668,8.465101814270021,2.584962500721156,0.9182930798510368,0.33333266666799993,0.16666666666666666,0.25,0.2034420462092643,0.041666666666666664,trainPep,482
24,-1.151603436616266,-0.041666666666666664,0.04798347652567775,0.5,0.08333333333333333,0.0,0.041666666666666664,0.25,0.9791666666666665,0.041666666666666664,22.1625,5.076711082458496,3.5220552088742005,2.303202266827998,0.16666633333399997,0.3333333333333333,0.041666666666666664,0.6209654850635433,0.020833333333333332,trainPep,483
14,-1.2370879238374872,-0.07142857142857142,0.08836342313124909,0.35714285714285715,0.21428571428571427,0.0,0.07142857142857142,0.42857142857142855,0.22142857142857134,0.21428571428571427,30.071428571428573,4.0500284194946286,2.7534343861887853,3.463836488002798,0.599998320004704,0.35714285714285715,0.21428571428571427,0.7831006242292368,0.025510204081632654,trainPep,484
7,-0.23989838581069733,0.0,0.03427119797295676,0.8571428571428571,0.14285714285714285,0.0,0.0,0.14285714285714285,2.042857142857143,0.14285714285714285,8.571428571428571,5.525000190734862,1.8423709931771084,0.27988112358450273,0.16666647222244907,0.5714285714285714,0.14285714285714285,0.961874553365082,0.0,trainPep,485
18,-1.2617099474976998,-0.05555555555555555,0.07009499708320555,0.5555555555555556,0.0,0.0,0.05555555555555555,0.2222222222222222,1.3722222222222222,0.0,-14.138888888888891,4.299324226379395,2.6835423624332306,2.271073817562988,0.0,0.3333333333333333,0.0,0.7179455688723806,0.030864197530864196,trainPep,486
10,0.9504293385535538,0.1,0.09504293385535538,0.3,0.1,0.2,0.1,0.2,-0.11000000000000001,0.1,19.760000000000005,8.638263893127444,3.321928094887362,3.16808723488773,0.33333222222592596,0.3,0.4,0.16940471632015042,0.09000000000000001,trainPep,487
13,0.3882856043676173,0.07692307692307693,0.029868123412893636,0.6153846153846154,0.0,0.07692307692307693,0.0,0.23076923076923078,1.5615384615384615,0.0,-8.861538461538462,7.909900093078613,2.9689185639620974,0.6309630817823701,0.0,0.38461538461538464,0.15384615384615385,0.9325307024534474,0.04733727810650888,trainPep,488
13,0.7976760489282952,0.07692307692307693,0.06135969607140733,0.38461538461538464,0.07692307692307693,0.15384615384615385,0.07692307692307693,0.38461538461538464,-0.9230769230769231,0.07692307692307693,50.51538461538462,8.792794609069826,3.0269868333592873,2.0739523349374966,0.199999480001352,0.3076923076923077,0.23076923076923078,1.0958533536544346,0.08875739644970415,trainPep,489
8,-1.151603436616266,-0.125,0.14395042957703325,0.625,0.25,0.0,0.125,0.125,0.8624999999999999,0.125,63.675,5.076711082458496,3.0,1.8425625504859446,0.399999360001024,0.5,0.125,0.6956970021741034,0.078125,trainPep,490
9,0.7591026131903019,0.1111111111111111,0.08434473479892243,0.6666666666666666,0.1111111111111111,0.1111111111111111,0.0,0.1111111111111111,0.8999999999999999,0.1111111111111111,-21.500000000000004,8.750052070617677,2.725480556997868,1.1386522118071352,0.16666641666704166,0.3333333333333333,0.2222222222222222,1.0007328705206993,0.07407407407407407,trainPep,491
10,-1.256889904035507,-0.1,0.1256889904035507,0.6,0.1,0.0,0.1,0.2,2.2800000000000002,0.1,20.720000000000002,4.0500284194946286,2.6464393446710157,2.0948130153708195,0.16666638888935187,0.5,0.3,0.5326863858854153,0.06,trainPep,492
8,-1.2387776248708526,-0.125,0.15484720310885658,0.625,0.0,0.0,0.125,0.0,1.6750000000000003,0.0,11.600000000000001,4.0500284194946286,2.1556390622295662,1.9820410285277186,0.0,0.5,0.0,0.7484918322294184,0.078125,trainPep,493
9,-0.23709792373748817,0.0,0.026344213748609797,0.4444444444444444,0.2222222222222222,0.1111111111111111,0.1111111111111111,0.1111111111111111,0.47777777777777763,0.2222222222222222,-8.922222222222224,6.0021066665649405,2.725480556997868,0.5334691281038102,0.49999887500253126,0.4444444444444444,0.3333333333333333,0.19641952437724358,0.09876543209876543,trainPep,494
8,-0.26421014897063966,0.0,0.03302626862132996,0.625,0.125,0.125,0.125,0.125,0.75,0.125,-11.287500000000001,5.971584129333496,2.5,0.4227355619761243,0.199999680000512,0.625,0.125,1.7569124483818472,0.15625,trainPep,495
11,-0.24979937590970713,0.0,0.02270903417360974,0.5454545454545454,0.09090909090909091,0.0,0.0,0.2727272727272727,1.481818181818182,0.09090909090909091,58.82727272727272,5.518122673034666,2.663532754804255,0.4579646828992111,0.1666663611116713,0.2727272727272727,0.18181818181818182,1.0677294310203864,0.0,trainPep,496
12,1.759905073265509,0.16666666666666669,0.1466587561054591,0.4166666666666667,0.08333333333333333,0.25,0.08333333333333333,0.25,-0.7166666666666668,0.08333333333333333,2.091666666666667,9.699800300598145,3.084962500721156,4.223762038808329,0.19999952000115198,0.3333333333333333,0.25,1.3127896894560733,0.1388888888888889,trainPep,497
11,-1.2370879238374872,-0.09090909090909091,0.11246253853068065,0.45454545454545453,0.0,0.0,0.09090909090909091,0.2727272727272727,0.6454545454545454,0.0,18.881818181818183,4.0500284194946286,2.663532754804255,2.721587444950093,0.0,0.18181818181818182,0.0,0.42524207893749444,0.04132231404958678,trainPep,498
7,-0.6117043957323818,0.0,0.08738634224748311,0.2857142857142857,0.0,0.0,0.0,0.5714285714285714,1.2142857142857142,0.0,-3.5571428571428574,5.183511543273924,2.521640636343318,2.1409578917107157,0.0,0.2857142857142857,0.14285714285714285,0.3820476670858885,0.0,trainPep,499
7,-1.2397766258698537,-0.14285714285714285,0.17711094655283624,0.2857142857142857,0.14285714285714285,0.0,0.14285714285714285,0.0,0.3428571428571429,0.14285714285714285,43.785714285714285,4.0500284194946286,2.2359263506290326,4.339203003333977,0.499998250006125,0.2857142857142857,0.0,0.5056434646525013,0.04081632653061224,randPep,random_peptide_0001
16,0.7510130840655012,0.0625,0.04693831775409382,0.1875,0.0625,0.125,0.0625,0.5,-1.2125,0.0625,91.525,8.197751426696776,3.327819531114783,4.00538175297999,0.33333155556503696,0.0,0.25,0.7082680521527968,0.03515625,randPep,random_peptide_0002
3,-0.1631823812020079,0.0,0.054394127067335964,0.0,0.0,0.3333333333333333,0.3333333333333333,0.3333333333333333,-3.8333333333333335,0.0,6.666666666666667,6.101802253723143,1.584962500721156,163182.3812020079,0.0,0.0,0.3333333333333333,0.333333333333333,0.0,randPep,random_peptide_0003
21,0.8442787994468868,0.047619047619047616,0.04020375235461365,0.42857142857142855,0.2857142857142857,0.047619047619047616,0.0,0.2857142857142857,-0.09523809523809523,0.23809523809523808,27.576190476190472,8.504878807067872,3.7849418274376423,1.9699792687577755,0.6666651111147408,0.38095238095238093,0.19047619047619047,1.2341888760675739,0.02040816326530612,randPep,random_peptide_0004
8,-0.16350242871327736,0.0,0.02043780358915967,0.25,0.25,0.125,0.125,0.25,-1.1000000000000003,0.125,53.06249999999999,6.733567619323731,3.0,0.6540070988247142,0.9999960000160001,0.25,0.25,1.1644653252947461,0.0625,randPep,random_peptide_0005
12,-0.514629217378785,0.0,0.04288576811489875,0.25,0.25,0.0,0.0,0.5,-0.9500000000000001,0.16666666666666666,4.16666666666667,6.40151424407959,3.188721875540867,2.058508635480598,0.9999960000160001,0.08333333333333333,0.16666666666666666,0.18264056303532586,0.0,randPep,random_peptide_0006
5,1.759092613290301,0.4,0.35181852265806024,0.0,0.0,0.4,0.0,0.2,-2.08,0.0,55.28,11.000836753845213,2.321928094887362,1759092.613290301,0.0,0.0,0.4,1.5855080738116423,0.0,randPep,random_peptide_0007
6,0.7591026131903019,0.16666666666666666,0.12651710219838366,0.6666666666666666,0.16666666666666666,0.16666666666666666,0.0,0.16666666666666666,1.7,0.16666666666666666,-5.816666666666667,8.750052070617677,2.2516291673878226,1.1386522118071352,0.2499996250005625,0.6666666666666666,0.3333333333333333,1.64646085083531,0.1111111111111111,randPep,random_peptide_0008
30,-0.07282707845111602,0.0,0.0024275692817038673,0.16666666666666666,0.13333333333333333,0.06666666666666667,0.06666666666666667,0.5,-1.1900000000000004,0.06666666666666667,18.513333333333332,6.91312198638916,3.628072996388509,0.4369598489476025,0.7999952000287999,0.16666666666666666,0.13333333333333333,1.3415022760273059,0.02222222222222222,randPep,random_peptide_0009
23,-1.5045264947821875,-0.043478260869565216,0.0654141954253125,0.2608695652173913,0.21739130434782608,0.13043478260869565,0.17391304347826086,0.30434782608695654,-1.065217391304348,0.17391304347826086,36.526086956521745,5.5681978225707995,3.5555331514269954,5.767329455235474,0.8333301389011343,0.17391304347826086,0.30434782608695654,0.6757731113545267,0.07939508506616258,randPep,random_peptide_0010
4,-0.23660572416255166,0.0,0.059151431040637914,0.25,0.25,0.25,0.25,0.25,-3.2,0.25,-34.775,6.086967277526854,2.0,0.9464191109737629,0.9999960000160001,0.25,0.25,0.6041522986797285,0.125,randPep,random_peptide_0011
5,-0.13675320408934588,0.0,0.027350640817869178,0.4,0.4,0.0,0.0,0.4,1.2799999999999998,0.2,161.07999999999998,6.764658546447754,1.9219280948873623,0.3418821555179759,0.9999975000062501,0.2,0.6,1.2432631398623846,0.0,randPep,random_peptide_0012
13,1.399988055540835,0.15384615384615385,0.10769138888775655,0.46153846153846156,0.0,0.23076923076923078,0.07692307692307693,0.07692307692307693,0.2692307692307692,0.0,4.176923076923076,10.834314918518068,3.238901256602631,3.0333008815198994,0.0,0.3076923076923077,0.23076923076923078,1.0189785544874594,0.14201183431952663,randPep,random_peptide_0013
14,-1.15981472568191,-0.07142857142857142,0.08284390897727929,0.35714285714285715,0.07142857142857142,0.0,0.07142857142857142,0.35714285714285715,0.3142857142857142,0.0,77.71428571428571,5.239952659606933,3.182005814760214,3.247472138987359,0.199999440001568,0.2857142857142857,0.07142857142857142,0.8644483827143227,0.025510204081632654,randPep,random_peptide_0014
29,-0.29539727522639936,0.0,0.010186112938841358,0.3103448275862069,0.20689655172413793,0.10344827586206896,0.10344827586206896,0.3103448275862069,-0.9896551724137931,0.10344827586206896,68.91379310344828,6.775344276428222,3.8404025467025056,0.9518325976022501,0.6666645185254403,0.20689655172413793,0.20689655172413793,1.379271635853447,0.06420927467300833,randPep,random_peptide_0015
9,0.7572393649319915,0.1111111111111111,0.08413770721466572,0.2222222222222222,0.2222222222222222,0.2222222222222222,0.1111111111111111,0.2222222222222222,-0.7333333333333333,0.2222222222222222,-25.677777777777777,8.222765159606933,2.94770277922009,3.407561808165825,0.99999550002025,0.2222222222222222,0.5555555555555556,1.3793564850069013,0.07407407407407407,randPep,random_peptide_0016
26,-3.1540720417946453,-0.11538461538461539,0.1213104631459479,0.2692307692307692,0.15384615384615385,0.038461538461538464,0.15384615384615385,0.23076923076923078,-0.48846153846153845,0.11538461538461539,41.43461538461539,4.396973609924316,3.8252517372886508,11.715081213507034,0.5714264489874753,0.19230769230769232,0.19230769230769232,1.6946243741683609,0.051775147928994084,randPep,random_peptide_0017
12,1.8358086178989903,0.16666666666666669,0.15298405149158253,0.25,0.0,0.25,0.08333333333333333,0.25,-1.1666666666666663,0.0,43.95833333333334,10.835539817810059,3.084962500721156,7.343205098775567,0.0,0.16666666666666666,0.25,0.45551965209426015,0.08333333333333333,randPep,random_peptide_0018
16,-0.988824004792833,-0.0625,0.06180150029955206,0.375,0.25,0.0,0.0625,0.25,0.18124999999999997,0.125,-11.80625,5.990795707702636,3.0,2.6368569811622717,0.6666648888936296,0.375,0.125,0.99093278625855,0.0234375,randPep,random_peptide_0019
25,-3.2435248709761217,-0.12000000000000001,0.12974099483904486,0.48,0.08,0.08,0.2,0.2,0.30400000000000005,0.08,23.684,4.0500284194946286,3.603856189774724,6.7573294034306635,0.16666631944516785,0.36,0.16,1.7602353504692088,0.13440000000000002,randPep,random_peptide_0020
19,1.835356810546876,0.10526315789473684,0.09659772687088822,0.47368421052631576,0.2631578947368421,0.10526315789473684,0.0,0.21052631578947367,0.31578947368421045,0.21052631578947367,63.257894736842104,9.311055946350098,3.7216117239699,3.8746339758161232,0.5555543827185254,0.3684210526315789,0.2631578947368421,1.4892596298720968,0.04986149584487534,randPep,random_peptide_0021
20,-0.1697257156809211,0.0,0.008486285784046055,0.4,0.15,0.05,0.05,0.35,0.35999999999999993,0.1,36.855000000000004,6.731635093688964,3.6841837197791887,0.4243132284192317,0.3749990625023437,0.25,0.25,1.0406875640631734,0.04000000000000001,randPep,random_peptide_0022
27,-3.1672406739195442,-0.1111111111111111,0.1173052101451683,0.25925925925925924,0.1111111111111111,0.07407407407407407,0.18518518518518517,0.2962962962962963,-0.448148148148148,0.07407407407407407,31.318518518518516,4.352013969421387,3.6898916687500067,12.216452621658132,0.4285697755165802,0.25925925925925924,0.18518518518518517,1.3138422002965826,0.0672153635116598,randPep,random_peptide_0023
5,-0.23989838581069733,0.0,0.04797967716213947,0.4,0.2,0.0,0.0,0.0,0.9399999999999998,0.2,32.68,5.525000190734862,1.9219280948873623,0.5997444651655804,0.49999875000312505,0.2,0.2,1.2142783678849995,0.0,randPep,random_peptide_0024
30,1.8193980961934235,0.06666666666666667,0.06064660320644745,0.3,0.2,0.13333333333333333,0.06666666666666667,0.26666666666666666,-0.7833333333333333,0.16666666666666666,31.949999999999996,9.525800132751463,3.7777471629109445,6.064640105177729,0.6666644444518519,0.16666666666666666,0.26666666666666666,1.4956135728725748,0.06,randPep,random_peptide_0025
17,-5.170621752567342,-0.29411764705882354,0.3041542207392554,0.17647058823529413,0.11764705882352941,0.058823529411764705,0.35294117647058826,0.35294117647058826,-0.8588235294117645,0.11764705882352941,83.65294117647059,4.0500284194946286,3.051601636871704,29.300023897746183,0.6666628889102961,0.17647058823529413,0.29411764705882354,1.6831115912064925,0.07266435986159171,randPep,random_peptide_0026
12,2.923529999800464,0.25,0.243627499983372,0.25,0.16666666666666666,0.25,0.0,0.16666666666666666,-0.7166666666666667,0.0,111.94166666666668,10.860489082336425,3.084962500721156,11.694073222908965,0.6666640000106666,0.08333333333333333,0.3333333333333333,0.9982730536109062,0.0625,randPep,random_peptide_0027
19,-2.2577671450936645,-0.10526315789473684,0.11882984974177181,0.47368421052631576,0.21052631578947367,0.0,0.10526315789473684,0.3157894736842105,0.021052631578947295,0.21052631578947367,13.747368421052629,4.0500284194946286,3.536886723742166,4.766387243935777,0.4444435061748203,0.2631578947368421,0.21052631578947367,1.0208917316205726,0.04986149584487534,randPep,random_peptide_0028
22,0.13617990563567606,0.0,0.006189995710712548,0.2727272727272727,0.22727272727272727,0.045454545454545456,0.045454545454545456,0.22727272727272727,-0.5636363636363636,0.13636363636363635,36.222727272727276,7.330547523498535,3.6069367321753214,0.499324489807683,0.8333302777889816,0.18181818181818182,0.18181818181818182,1.4895258763600907,0.024793388429752063,randPep,random_peptide_0029
9,-1.2337852622893402,-0.1111111111111111,0.13708725136548225,0.2222222222222222,0.1111111111111111,0.1111111111111111,0.2222222222222222,0.0,-0.4000000000000001,0.1111111111111111,34.56666666666667,4.669573402404786,2.6416041678685933,5.552008696262898,0.499997750010125,0.2222222222222222,0.2222222222222222,1.588482607611175,0.07407407407407407,randPep,random_peptide_0030
6,-0.1537231985551114,0.0,0.025620533092518567,0.3333333333333333,0.3333333333333333,0.0,0.0,0.5,-0.8166666666666668,0.16666666666666666,-16.8,6.740160942077638,2.2516291673878226,0.4611682121606978,0.999997000009,0.3333333333333333,0.0,1.20450543101031,0.0,randPep,random_peptide_0031
16,-1.2334750017890692,-0.0625,0.07709218761181683,0.1875,0.0625,0.125,0.1875,0.3125,-1.1812500000000001,0.0625,76.29375000000002,4.785979652404785,3.1556390622295662,6.578498257550995,0.33333155556503696,0.1875,0.125,0.9840142563441081,0.05859375,randPep,random_peptide_0032
7,-1.0594368857801664,-0.14285714285714285,0.15134812654002378,0.14285714285714285,0.2857142857142857,0.14285714285714285,0.2857142857142857,0.14285714285714285,-2.042857142857143,0.0,57.78571428571429,6.013758659362792,2.5216406363433186,7.416006288417146,1.9999860000979992,0.14285714285714285,0.14285714285714285,0.9594777159610158,0.06122448979591836,randPep,random_peptide_0033
12,-0.2310381840947886,0.0,0.01925318200789905,0.3333333333333333,0.08333333333333333,0.16666666666666666,0.16666666666666666,0.16666666666666666,-1.05,0.08333333333333333,72.41666666666667,6.282379722595215,2.918295834054489,0.6931124729469471,0.24999925000225,0.25,0.25,0.9637144689180701,0.1111111111111111,randPep,random_peptide_0034
10,-1.2620903870317939,-0.1,0.1262090387031794,0.4,0.0,0.1,0.2,0.1,-0.3499999999999999,0.0,59.24000000000001,4.370145606994629,2.9219280948873623,3.155218079534286,0.0,0.3,0.1,2.2443543476978833,0.12000000000000002,randPep,random_peptide_0035
3,-0.23989838581069733,0.0,0.07996612860356578,0.3333333333333333,0.3333333333333333,0.0,0.0,0.3333333333333333,-0.7666666666666667,0.3333333333333333,-2.933333333333333,5.525000190734862,1.584962500721156,0.7196929983530971,0.999997000009,0.3333333333333333,0.3333333333333333,1.8657735958875372,0.0,randPep,random_peptide_0036
28,4.571623879802916,0.17857142857142858,0.1632722814215327,0.42857142857142855,0.25,0.17857142857142858,0.0,0.25,-0.14285714285714304,0.21428571428571427,44.414642857142866,10.022400093078613,3.7979026896829473,10.667097496312646,0.5833319722253982,0.39285714285714285,0.35714285714285715,1.938797336112575,0.07653061224489796,randPep,random_peptide_0037
19,-1.2647790890641608,-0.05263157894736842,0.0665673204770611,0.42105263157894735,0.15789473684210525,0.05263157894736842,0.10526315789473684,0.21052631578947367,-0.636842105263158,0.15789473684210525,20.26842105263158,4.207756614685059,3.4316235658474303,3.0038432023997768,0.3749991093771153,0.21052631578947367,0.15789473684210525,0.7784143138030164,0.06648199445983378,randPep,random_peptide_0038
20,2.795966348094927,0.15000000000000002,0.13979831740474635,0.5,0.1,0.2,0.05,0.25,0.21500000000000002,0.1,27.32,11.711407279968263,3.208694969562842,5.591921512346829,0.1999996000008,0.4,0.3,1.1356349603111957,0.125,randPep,random_peptide_0039
19,-4.447790915999859,-0.21052631578947367,0.2340942587368347,0.2631578947368421,0.15789473684210525,0.0,0.21052631578947367,0.2631578947368421,-0.3368421052631579,0.10526315789473684,53.10526315789474,4.237028694152832,3.6421498816369033,16.9015412549427,0.599997720008664,0.15789473684210525,0.15789473684210525,1.1286722797474853,0.05540166204986149,randPep,random_peptide_0040
30,3.9215319978024623,0.13333333333333333,0.13071773326008207,0.3333333333333333,0.2,0.13333333333333333,0.0,0.3333333333333333,-0.6699999999999999,0.13333333333333333,54.419999999999995,10.306834602355956,3.964735178725505,11.764560699725289,0.5999982000054,0.26666666666666666,0.26666666666666666,1.469405061435792,0.04444444444444444,randPep,random_peptide_0041
11,-1.152602437615267,-0.09090909090909091,0.10478203978320609,0.36363636363636365,0.18181818181818182,0.0,0.09090909090909091,0.09090909090909091,0.6636363636363636,0.09090909090909091,39.21818181818182,5.076711082458496,2.59490661824394,3.1696479869100207,0.4999986250037813,0.36363636363636365,0.0,1.1539445892316862,0.03305785123966942,randPep,random_peptide_0042
7,0.03580206573393241,0.0,0.005114580819133201,0.42857142857142855,0.14285714285714285,0.0,0.0,0.2857142857142857,1.442857142857143,0.0,55.142857142857146,7.121323204040528,2.5216406363433186,0.08353795845727256,0.3333325555573704,0.42857142857142855,0.14285714285714285,1.342054735424672,0.0,randPep,random_peptide_0043
13,2.0338040637359307,0.15384615384615385,0.15644646644122545,0.23076923076923078,0.23076923076923078,0.15384615384615385,0.0,0.15384615384615385,-0.16923076923076932,0.15384615384615385,86.63076923076923,9.376297950744629,3.238901256602631,8.813112752700437,0.9999956666854444,0.15384615384615385,0.38461538461538464,0.9614035346926716,0.03550295857988166,randPep,random_peptide_0044
4,-0.23989838581069733,0.0,0.059974596452674334,1.0,0.5,0.0,0.0,0.0,2.55,0.5,7.5,5.525000190734862,2.0,0.23989814591255143,0.49999950000050003,0.75,0.5,1.2494998999599798,0.0,randPep,random_peptide_0045
27,2.7431270752223833,0.1111111111111111,0.1015972990823105,0.2962962962962963,0.07407407407407407,0.25925925925925924,0.14814814814814814,0.25925925925925924,-1.062962962962963,0.07407407407407407,65.72592592592592,9.240463066101071,3.661932872373583,9.258022633049158,0.24999915625284766,0.2222222222222222,0.3333333333333333,1.673536321601343,0.12071330589849107,randPep,random_peptide_0046
13,0.9164494715746652,0.07692307692307693,0.07049611319805117,0.3076923076923077,0.3076923076923077,0.15384615384615385,0.07692307692307693,0.3076923076923077,-0.353846153846154,0.15384615384615385,70.73846153846154,8.077324485778806,3.3927474104487847,2.978451102651578,0.9999967500105625,0.23076923076923078,0.46153846153846156,0.7926165049113344,0.07100591715976332,randPep,random_peptide_0047
16,-1.1780249618150525,-0.0625,0.07362656011344078,0.625,0.4375,0.0,0.0625,0.125,0.36250000000000004,0.375,40.56312500000001,5.238872718811035,3.5,1.8848369231650068,0.699998880001792,0.4375,0.25,1.2548282599398684,0.0390625,randPep,random_peptide_0048
22,-1.2560774440602986,-0.045454545454545456,0.05709442927546812,0.36363636363636365,0.13636363636363635,0.045454545454545456,0.09090909090909091,0.4090909090909091,-0.004545454545454524,0.13636363636363635,62.84545454545455,4.531340980529785,3.82306798227366,3.4542034721062733,0.3749989687528359,0.3181818181818182,0.22727272727272727,1.6992289242398677,0.04958677685950413,randPep,random_peptide_0049
5,-2.535231617834982,-0.4,0.5070463235669964,0.2,0.2,0.0,0.4,0.4,-1.9599999999999997,0.2,94.74,4.0500284194946286,1.9219280948873623,12.676094708701365,0.9999950000249999,0.2,0.0,0.8680623118756896,0.08000000000000002,randPep,random_peptide_0050
20,-1.9579630508038663,-0.09999999999999999,0.09789815254019332,0.35,0.25,0.05,0.15,0.2,-0.23000000000000004,0.2,2.455000000000002,4.7486364364624025,3.821928094887362,5.594164161827728,0.7142836734752187,0.25,0.25,0.8894768599471315,0.06999999999999999,randPep,random_peptide_0051
27,2.0044161200044575,0.07407407407407407,0.07423763407423917,0.4074074074074074,0.37037037037037035,0.14814814814814814,0.07407407407407407,0.14814814814814814,-0.8296296296296296,0.25925925925925924,60.800370370370366,8.860486412048338,3.782122224145306,4.919918400211232,0.9090886776914275,0.2222222222222222,0.4074074074074074,1.416226652166194,0.0905349794238683,randPep,random_peptide_0052
4,-0.5006443134576561,0.0,0.12516107836441404,0.5,0.25,0.0,0.0,0.0,0.9999999999999999,0.25,45.474999999999994,5.274794960021972,2.0,1.0012866243420635,0.499999000002,0.5,0.0,1.3986600730699363,0.0,randPep,random_peptide_0053
30,1.7618382941805621,0.06666666666666665,0.05872794313935207,0.3333333333333333,0.16666666666666666,0.16666666666666666,0.1,0.26666666666666666,-0.6033333333333335,0.16666666666666666,9.870000000000001,9.403245735168458,3.8150610122030697,5.285499026044609,0.4999985000045,0.3333333333333333,0.3,1.2925964852176979,0.08888888888888888,randPep,random_peptide_0054
5,-1.1770259608160516,-0.2,0.23540519216321032,0.6,0.4,0.0,0.2,0.0,-0.4,0.2,25.200000000000003,5.238929557800293,2.321928094887362,1.9617066651823107,0.6666655555574075,0.4,0.0,1.292143754180452,0.12,randPep,random_peptide_0055
24,0.22366435439053367,0.0,0.00931934809960557,0.3333333333333333,0.20833333333333334,0.08333333333333333,0.08333333333333333,0.20833333333333334,-0.9583333333333331,0.08333333333333333,33.82083333333333,7.418079566955567,3.8035088547976788,0.6709910501984505,0.6249981250056251,0.25,0.125,1.5861405325035738,0.05555555555555555,randPep,random_peptide_0056
7,-1.151603436616266,-0.14285714285714285,0.16451477665946657,0.2857142857142857,0.14285714285714285,0.0,0.14285714285714285,0.2857142857142857,0.25714285714285706,0.0,-7.671428571428572,5.076711082458496,2.521640636343318,4.030597921064207,0.499998250006125,0.2857142857142857,0.0,1.4497639162055591,0.04081632653061224,randPep,random_peptide_0057
7,-1.2516526242680168,-0.14285714285714285,0.17880751775257384,0.42857142857142855,0.0,0.0,0.14285714285714285,0.2857142857142857,1.2714285714285716,0.0,-26.457142857142863,4.598808860778808,2.2359263506290326,2.9205159754214303,0.0,0.14285714285714285,0.2857142857142857,0.8741110549649803,0.06122448979591836,randPep,random_peptide_0058
29,-0.15085276382516,0.0,0.005201819442246896,0.3793103448275862,0.13793103448275862,0.13793103448275862,0.13793103448275862,0.1724137931034483,-0.11379310344827588,0.10344827586206896,47.42068965517242,6.770910835266113,3.9783335811852636,0.39770169250732346,0.36363540496120517,0.3103448275862069,0.2413793103448276,1.88671049235456,0.10463733650416171,randPep,random_peptide_0059
24,-2.9273215504280117,-0.125,0.12197173126783382,0.25,0.2916666666666667,0.041666666666666664,0.16666666666666666,0.25,-0.7583333333333332,0.125,50.325,5.566890525817871,3.3349625007211565,11.70923936475459,1.1666620000186667,0.08333333333333333,0.3333333333333333,0.8399583242607158,0.05208333333333333,randPep,random_peptide_0060
24,-0.17090125780371368,0.0,0.007120885741821403,0.25,0.125,0.08333333333333333,0.08333333333333333,0.3333333333333333,-0.7708333333333336,0.08333333333333333,65.42083333333333,6.7364095687866214,3.688721875540867,0.6836022968056675,0.49999800000800004,0.20833333333333334,0.16666666666666666,0.9731838772159255,0.041666666666666664,randPep,random_peptide_0061
12,3.748182622292289,0.3333333333333333,0.3123485518576908,0.25,0.08333333333333333,0.3333333333333333,0.0,0.25,-1.1583333333333334,0.08333333333333333,62.800000000000004,11.013021278381348,3.0849625007211556,14.992670518487085,0.3333320000053333,0.16666666666666666,0.5,0.8054294440201729,0.08333333333333333,randPep,random_peptide_0062
10,-2.237351205379864,-0.19999999999999998,0.22373512053798641,0.4,0.3,0.1,0.3,0.2,-1.8700000000000003,0.3,64.71000000000001,4.169731330871582,2.3709505944546687,5.593364030039585,0.7499981250046874,0.4,0.1,0.4447359028864909,0.16000000000000003,randPep,random_peptide_0063
10,2.7491816232912902,0.3,0.274918162329129,0.2,0.1,0.3,0.0,0.4,-1.49,0.1,41.76,10.860424613952638,3.121928094887362,13.745839387259513,0.49999750001249993,0.1,0.5,0.5529474516921131,0.06,randPep,random_peptide_0064
29,-2.9137858918339505,-0.10344827586206896,0.10047537558048106,0.3103448275862069,0.3448275862068966,0.10344827586206896,0.20689655172413793,0.20689655172413793,-1.1241379310344828,0.24137931034482757,31.917241379310347,5.3426607131958,3.8143719431796272,9.38883539855089,1.1111075308757339,0.1724137931034483,0.3793103448275862,1.401750950979672,0.09631391200951249,randPep,random_peptide_0065
17,-1.6257836918431394,-0.05882352941176472,0.09563433481430232,0.17647058823529413,0.058823529411764705,0.11764705882352941,0.17647058823529413,0.23529411764705882,-0.34117647058823525,0.058823529411764705,93.41176470588236,4.675484657287597,3.337175341123077,9.212722048352848,0.33333144445514806,0.17647058823529413,0.29411764705882354,1.733703022415844,0.051903114186851215,randPep,random_peptide_0066
10,-2.2458681529966524,-0.2,0.22458681529966523,0.3,0.0,0.0,0.2,0.4,0.42000000000000004,0.0,41.6,4.0500284194946286,3.121928094887362,7.4862022226481,0.0,0.3,0.1,1.188339126399974,0.06,randPep,random_peptide_0067
29,2.1069021253504903,0.06896551724137931,0.07265179742587898,0.41379310344827586,0.2413793103448276,0.10344827586206896,0.034482758620689655,0.2413793103448276,-0.43448275862068975,0.10344827586206896,47.662413793103454,9.697157096862792,3.6595365985012456,5.091667831399759,0.583331923614518,0.27586206896551724,0.13793103448275862,1.0914605040762966,0.057074910820451845,randPep,random_peptide_0068
18,0.45117968903464156,0.05555555555555555,0.025065538279702308,0.2222222222222222,0.0,0.16666666666666666,0.1111111111111111,0.2777777777777778,-0.4333333333333335,0.0,36.70555555555556,7.900229835510254,3.419381945646371,2.030299464308298,0.0,0.2222222222222222,0.2222222222222222,2.0300851246583056,0.06172839506172839,randPep,random_peptide_0069
17,-1.0789186055779143,-0.05882352941176472,0.06346580032811261,0.29411764705882354,0.17647058823529413,0.11764705882352941,0.17647058823529413,0.23529411764705882,-0.3352941176470589,0.058823529411764705,130.87058823529412,6.021147727966309,3.2195282822995477,3.668310786708234,0.5999979600069361,0.17647058823529413,0.29411764705882354,1.2505994065620893,0.08650519031141869,randPep,random_peptide_0070
29,-1.0231132856813674,-0.034482758620689655,0.03527976847177129,0.20689655172413793,0.2413793103448276,0.10344827586206896,0.13793103448275862,0.3103448275862069,-1.213793103448276,0.13793103448275862,33.61379310344827,6.260894584655762,3.719375822415369,4.945023646512317,1.1666610278050324,0.20689655172413793,0.2413793103448276,0.8827928878049537,0.049940546967895356,randPep,random_peptide_0071
18,-2.2369661638966436,-0.1111111111111111,0.12427589799425798,0.4444444444444444,0.3888888888888889,0.0,0.1111111111111111,0.2777777777777778,-0.39444444444444443,0.38888888888888884,23.87777777777778,4.0500284194946286,3.3921472236645345,5.0331625441517245,0.8749980312544298,0.3333333333333333,0.3333333333333333,1.1627128033430454,0.04938271604938271,randPep,random_peptide_0072
3,1.7600816143893008,0.6666666666666666,0.5866938714631003,0.0,0.0,0.6666666666666666,0.0,0.0,-2.3666666666666667,0.0,-18.46666666666667,11.999967765808105,0.9182958340544896,1760081.6143893008,0.0,0.0,0.6666666666666666,2.133333333333333,0.0,randPep,random_peptide_0073
7,-0.24979937590970713,0.0,0.03568562512995816,0.14285714285714285,0.14285714285714285,0.0,0.0,0.8571428571428571,-1.4714285714285715,0.14285714285714285,-24.157142857142848,5.518122673034666,2.2359263506290326,1.748583391284211,0.9999930000489996,0.0,0.2857142857142857,1.077041914815348,0.0,randPep,random_peptide_0074
6,-1.2397766258698537,-0.16666666666666666,0.20662943764497563,0.5,0.5,0.0,0.16666666666666666,0.16666666666666666,-1.3333333333333333,0.5,64.91833333333334,4.0500284194946286,2.584962500721156,2.479548292643122,0.999998000004,0.3333333333333333,0.3333333333333333,0.9848857801796104,0.08333333333333333,randPep,random_peptide_0075
15,2.932441988800474,0.2,0.19549613258669826,0.4666666666666667,0.2,0.2,0.0,0.2,-0.2,0.06666666666666667,48.75333333333333,11.166327095031736,3.323231428797621,6.283790796449309,0.4285705102060496,0.26666666666666666,0.26666666666666666,2.233629752121989,0.09333333333333334,randPep,random_peptide_0076
26,2.010517647031258,0.07692307692307693,0.07732760180889454,0.38461538461538464,0.3076923076923077,0.11538461538461539,0.038461538461538464,0.2692307692307692,-0.6384615384615385,0.19230769230769232,34.81538461538462,9.11268672943115,3.9210296217376137,5.227332291217314,0.799997920005408,0.34615384615384615,0.23076923076923078,1.6426451114808116,0.0591715976331361,randPep,random_peptide_0077
27,-6.409467684524071,-0.2222222222222222,0.23738769201941,0.25925925925925924,0.14814814814814814,0.037037037037037035,0.25925925925925924,0.3333333333333333,-0.8592592592592593,0.1111111111111111,81.64444444444445,4.0500284194946286,3.7360069464476564,24.722137140635304,0.5714263673554403,0.14814814814814814,0.18518518518518517,1.204284224077415,0.07681755829903977,randPep,random_peptide_0078
19,0.8841495372485164,0.05263157894736842,0.046534186170974545,0.5263157894736842,0.15789473684210525,0.10526315789473684,0.05263157894736842,0.10526315789473684,0.6526315789473683,0.10526315789473684,69.2421052631579,9.648934745788573,3.576617644908665,1.679880928998416,0.299999430001083,0.3684210526315789,0.21052631578947367,1.556294697884128,0.08310249307479224,randPep,random_peptide_0079
25,-2.828992104647093,-0.12,0.11315968418588372,0.2,0.2,0.12,0.24,0.2,-1.5160000000000002,0.04,33.964,5.626116752624512,3.443856189774724,14.14488979878647,0.9999950000249999,0.08,0.24,1.5471008642065123,0.072,randPep,random_peptide_0080
30,2.7522256052461858,0.1,0.0917408535082062,0.3333333333333333,0.1,0.2,0.1,0.16666666666666666,-0.4766666666666666,0.1,94.46333333333332,9.780837059020993,3.8062389286533893,8.25665204578242,0.2999991000027,0.2,0.3333333333333333,1.2744164412481107,0.1,randPep,random_peptide_0081
29,0.386399362410458,0.034482758620689655,0.013324115945188208,0.5517241379310345,0.3793103448275862,0.06896551724137931,0.034482758620689655,0.13793103448275862,0.4310344827586208,0.3793103448275862,32.60689655172414,7.845238304138185,3.469544356972731,0.7003475749889755,0.6874987539085085,0.41379310344827586,0.3793103448275862,1.4830224012377364,0.057074910820451845,randPep,random_peptide_0082
17,1.5529015718186021,0.11764705882352941,0.09134715128344718,0.29411764705882354,0.17647058823529413,0.23529411764705882,0.11764705882352941,0.23529411764705882,-1.2000000000000002,0.11764705882352941,71.32941176470588,11.522901725769042,3.1018812234760182,5.279847392702112,0.5999979600069361,0.23529411764705882,0.35294117647058826,1.0160109625830283,0.10380622837370242,randPep,random_peptide_0083
14,-2.5337404172610443,-0.14285714285714285,0.18098145837578888,0.42857142857142855,0.21428571428571427,0.0,0.14285714285714285,0.42857142857142855,-0.5571428571428573,0.21428571428571427,95.70000000000002,4.0500284194946286,2.950212064914747,5.912047178832354,0.4999988333360556,0.2857142857142857,0.14285714285714285,0.7267150961845702,0.06122448979591836,randPep,random_peptide_0084
29,-3.066776093599216,-0.10344827586206898,0.1057508997792833,0.20689655172413793,0.13793103448275862,0.06896551724137931,0.1724137931034483,0.27586206896551724,-0.8482758620689653,0.06896551724137931,31.968965517241383,4.8650426864624015,3.7193758224153695,14.822679476112075,0.6666634444600185,0.10344827586206896,0.1724137931034483,1.057290399226604,0.04994054696789536,randPep,random_peptide_0085
5,0.7492016230912921,0.2,0.1498403246182584,0.4,0.2,0.2,0.0,0.4,-0.25999999999999995,0.2,38.379999999999995,8.22224941253662,2.321928094887362,1.8729993752297922,0.49999875000312505,0.2,0.6,0.37214818606603867,0.08000000000000002,randPep,random_peptide_0086
12,-0.2408973868096983,0.0,0.020074782234141525,0.4166666666666667,0.25,0.0,0.0,0.5,-1.3083333333333333,0.25,22.14166666666667,5.524318122863768,2.751629167387823,0.5781523407776581,0.599998560003456,0.16666666666666666,0.16666666666666666,0.5308846610878624,0.0,randPep,random_peptide_0087
29,-2.158745752026167,-0.06896551724137931,0.07443950869055747,0.3448275862068966,0.2413793103448276,0.06896551724137931,0.13793103448275862,0.20689655172413793,-0.5862068965517241,0.20689655172413796,12.910344827586204,5.010493659973144,3.7588670992335302,6.260344525876759,0.699997970005887,0.10344827586206896,0.3448275862068966,1.6130349220476055,0.0713436385255648,randPep,random_peptide_0088
14,-0.2397766258698535,0.0,0.017126901847846678,0.35714285714285715,0.21428571428571427,0.07142857142857142,0.07142857142857142,0.35714285714285715,-0.7071428571428573,0.21428571428571427,117.47142857142856,5.835682106018066,3.182005814760214,0.6713726725921065,0.599998320004704,0.21428571428571427,0.2857142857142857,0.6149258727661766,0.05102040816326531,randPep,random_peptide_0089
16,-4.1565074369343264,-0.25,0.2597817148083954,0.375,0.25,0.0625,0.3125,0.0625,-0.7250000000000001,0.25,31.143750000000004,4.0500284194946286,2.952819531114783,11.083990274517472,0.6666648888936296,0.1875,0.3125,0.5179396106296993,0.140625,randPep,random_peptide_0090
12,-3.9929823110045786,-0.3333333333333333,0.33274852591704823,0.25,0.3333333333333333,0.0,0.3333333333333333,0.16666666666666666,-1.4166666666666667,0.16666666666666666,103.28333333333335,4.3871973037719725,3.0220552088742,15.97186535655689,1.3333280000213332,0.25,0.16666666666666666,1.3462076845235944,0.08333333333333333,randPep,random_peptide_0091
5,-0.6018034056333719,0.0,0.12036068112667438,0.8,0.4,0.0,0.0,0.2,2.1,0.4,32.68,5.1849893569946275,1.9219280948873623,0.7522533167250689,0.49999937500078123,0.6,0.4,0.48190157044777704,0.0,randPep,random_peptide_0092
24,-1.255535623113976,-0.04166666666666666,0.05231398429641567,0.3333333333333333,0.08333333333333333,0.125,0.16666666666666666,0.25,-0.3249999999999999,0.08333333333333333,52.02083333333335,4.684408378601074,3.5535088547976788,3.76659556955522,0.24999925000225,0.25,0.2916666666666667,1.197984585491782,0.09722222222222221,randPep,random_peptide_0093
11,1.7293896429932714,0.18181818181818182,0.1572172402721156,0.36363636363636365,0.09090909090909091,0.18181818181818182,0.0,0.45454545454545453,1.218181818181818,0.09090909090909091,12.59090909090909,8.705375480651856,2.663532754804255,4.755808439758287,0.24999931250189064,0.36363636363636365,0.5454545454545454,0.9848350516930963,0.06611570247933884,randPep,random_peptide_0094
29,-2.0608163263132617,-0.06896551724137931,0.07106263194183661,0.3448275862068966,0.3103448275862069,0.034482758620689655,0.10344827586206896,0.3448275862068966,-0.6379310344827587,0.2413793103448276,55.74827586206897,5.274681282043456,3.6729972717965285,5.976350014893415,0.8999973900075691,0.3448275862068966,0.20689655172413793,0.9582198731269844,0.04756242568370987,randPep,random_peptide_0095
10,-1.4985245515188106,-0.1,0.14985245515188106,0.3,0.1,0.0,0.1,0.5,-0.5600000000000002,0.1,81.09,4.0500284194946286,2.8464393446710154,4.995065188178742,0.33333222222592596,0.1,0.1,0.7156174023526203,0.03,randPep,random_peptide_0096
19,2.4823637797242117,0.15789473684210525,0.1306507252486427,0.42105263157894735,0.10526315789473684,0.15789473684210525,0.0,0.10526315789473684,0.1736842105263158,0.05263157894736842,4.310526315789476,10.288912391662596,3.3005590923909534,5.895599974795063,0.24999940625141018,0.21052631578947367,0.15789473684210525,1.6174263116428342,0.06648199445983378,randPep,random_peptide_0097
18,-4.087147013890757,-0.2222222222222222,0.22706372299393093,0.1111111111111111,0.1111111111111111,0.1111111111111111,0.3333333333333333,0.3333333333333333,-1.5499999999999998,0.0,55.87222222222222,4.507866477966309,2.905764584655453,36.78399206908819,0.9999910000809993,0.1111111111111111,0.2777777777777778,0.9369947036346254,0.04938271604938271,randPep,random_peptide_0098
27,0.9263504616736751,0.037037037037037035,0.03430927635828426,0.37037037037037035,0.2222222222222222,0.07407407407407407,0.037037037037037035,0.2222222222222222,0.15555555555555567,0.14814814814814814,46.9037037037037,8.23965587615967,3.778423503030126,2.501139493442291,0.599998380004374,0.2222222222222222,0.25925925925925924,1.5116640857877963,0.04115226337448559,randPep,random_peptide_0099
26,2.1351609048366735,0.07692307692307693,0.08212157326294899,0.4230769230769231,0.23076923076923078,0.11538461538461539,0.038461538461538464,0.19230769230769232,-0.28461538461538466,0.15384615384615385,55.94230769230769,10.002221488952639,4.008132025833399,5.046732028247344,0.5454532562013945,0.3076923076923077,0.23076923076923078,1.6256041810988755,0.0650887573964497,randPep,random_peptide_0100
5,0.9575298665793545,0.2,0.19150597331587088,0.6,0.0,0.2,0.0,0.0,0.52,0.0,-8.98,9.179991722106934,1.9219280948873623,1.5958804511648388,0.0,0.2,0.2,0.43805963952147503,0.12,randPep,random_peptide_0101
8,-1.538042079808192,-0.125,0.192255259976024,0.5,0.125,0.0,0.125,0.25,0.17499999999999993,0.125,69.97500000000001,4.0500284194946286,2.5,3.0760780074603686,0.249999500001,0.375,0.0,0.914748238319899,0.0625,randPep,random_peptide_0102
14,-0.24637495442071655,0.0,0.017598211030051183,0.14285714285714285,0.14285714285714285,0.14285714285714285,0.14285714285714285,0.2857142857142857,-0.7785714285714286,0.14285714285714285,12.45714285714285,6.127891349792479,2.896291529045928,1.7246126086567553,0.9999930000489996,0.14285714285714285,0.35714285714285715,0.8383983186902223,0.04081632653061224,randPep,random_peptide_0103
19,1.0804614243787851,0.05263157894736842,0.056866390756778164,0.2631578947368421,0.15789473684210525,0.21052631578947367,0.15789473684210525,0.15789473684210525,-0.8947368421052634,0.0,43.873684210526314,8.15649166107178,3.366091329119192,4.105737810835703,0.599997720008664,0.15789473684210525,0.3157894736842105,1.4019190212796977,0.09695290858725761,randPep,random_peptide_0104
16,3.732082148197991,0.25,0.23325513426237443,0.375,0.125,0.3125,0.0625,0.125,-1.1,0.125,-23.0,11.000256538391113,3.1556390622295662,9.95219252268125,0.3333324444468148,0.25,0.375,0.8039811316426353,0.140625,randPep,random_peptide_0105
15,2.9246307609403064,0.2,0.19497538406268708,0.3333333333333333,0.26666666666666666,0.26666666666666666,0.06666666666666667,0.2,-1.4466666666666665,0.13333333333333333,42.76,10.69448299407959,3.106890595608519,8.773865961223036,0.7999976000072001,0.2,0.4,1.4320011866398612,0.1111111111111111,randPep,random_peptide_0106
17,0.7411020940664903,0.058823529411764705,0.04359424082744061,0.29411764705882354,0.17647058823529413,0.11764705882352941,0.058823529411764705,0.47058823529411764,-0.776470588235294,0.1764705882352941,37.252941176470586,8.045477104187015,3.734521664779752,2.519738552714988,0.5999979600069361,0.17647058823529413,0.35294117647058826,1.0297619731008554,0.05190311418685121,randPep,random_peptide_0107
8,1.7602033743301446,0.25,0.22002542179126808,0.25,0.0,0.375,0.125,0.125,-1.1500000000000001,0.0,-21.900000000000006,10.835024070739745,2.75,7.040785334179242,0.0,0.25,0.375,1.1200815259681363,0.125,randPep,random_peptide_0108
28,4.925731522080149,0.17857142857142858,0.17591898293143388,0.32142857142857145,0.17857142857142858,0.25,0.07142857142857142,0.17857142857142858,-0.8678571428571428,0.10714285714285714,74.79642857142855,11.705927467346193,3.8248629576173565,15.324450392625907,0.5555538271658711,0.21428571428571427,0.39285714285714285,1.1377327637943255,0.10331632653061225,randPep,random_peptide_0109
12,0.7492016230912921,0.08333333333333333,0.06243346859094101,0.4166666666666667,0.16666666666666666,0.08333333333333333,0.0,0.25,1.0666666666666667,0.16666666666666666,28.866666666666667,8.22224941253662,3.2516291673878226,1.798079580028109,0.39999904000230396,0.3333333333333333,0.3333333333333333,1.1994691082658715,0.034722222222222224,randPep,random_peptide_0110
27,2.4824755397650544,0.1111111111111111,0.09194353850981683,0.4444444444444444,0.3333333333333333,0.14814814814814814,0.037037037037037035,0.18518518518518517,-0.23703703703703716,0.2962962962962963,40.077777777777776,9.991906547546389,3.7043494289560517,5.58555739696723,0.7499983125037969,0.4074074074074074,0.37037037037037035,1.0592426637382775,0.08230452674897118,randPep,random_peptide_0111
18,-0.24108392783349086,0.0,0.013393551546305048,0.5555555555555556,0.3333333333333333,0.05555555555555555,0.05555555555555555,0.3333333333333333,0.24999999999999994,0.3333333333333333,25.505555555555556,5.999207878112792,3.155221528859512,0.43395028898976334,0.5999989200019439,0.5,0.2222222222222222,1.0153970927174527,0.06172839506172839,randPep,random_peptide_0112
25,-3.2467437974602538,-0.12,0.12986975189841016,0.2,0.08,0.12,0.24,0.24,-0.92,0.08,46.895999999999994,4.425961494445801,3.703465189601646,16.23363781911217,0.3999980000099999,0.12,0.24,1.7117431168952206,0.072,randPep,random_peptide_0113
23,2.8120540482859364,0.13043478260869565,0.12226321949069288,0.391304347826087,0.17391304347826086,0.17391304347826086,0.043478260869565216,0.2608695652173913,0.06521739130434785,0.13043478260869565,34.24782608695652,10.05340938568115,3.6753108689123644,7.186341980523443,0.4444433086448779,0.391304347826087,0.34782608695652173,1.6392938696905588,0.08506616257088848,randPep,random_peptide_0114
24,0.9186709936543522,0.04166666666666666,0.03827795806893134,0.08333333333333333,0.125,0.16666666666666666,0.125,0.4166666666666667,-1.7333333333333334,0.041666666666666664,33.10000000000001,8.07726001739502,3.605388542207534,11.023919636816585,1.4999820002159974,0.041666666666666664,0.2916666666666667,0.7709994818163934,0.024305555555555552,randPep,random_peptide_0115
6,-0.2408973868096983,0.0,0.04014956446828305,0.6666666666666666,0.5,0.0,0.0,0.0,0.6499999999999999,0.5,-5.816666666666667,5.524318122863768,2.584962500721156,0.36134553819624016,0.7499988750016875,0.3333333333333333,0.3333333333333333,1.1015141094572203,0.0,randPep,random_peptide_0116
11,-1.2766918842335269,-0.09090909090909091,0.11606289856668427,0.2727272727272727,0.09090909090909091,0.0,0.09090909090909091,0.5454545454545454,1.109090909090909,0.09090909090909091,18.20909090909091,4.0500284194946286,2.5503407095463886,4.681186411172758,0.33333211111559263,0.18181818181818182,0.45454545454545453,1.0735842387521084,0.024793388429752063,randPep,random_peptide_0117
20,0.22016319238295856,0.0,0.011008159619147927,0.35,0.25,0.05,0.05,0.2,-0.8699999999999999,0.1,69.795,7.42006893157959,3.546439344671015,0.6290358952773237,0.7142836734752187,0.2,0.1,1.85849244307888,0.034999999999999996,randPep,random_peptide_0118
24,-1.0653064894198363,-0.041666666666666664,0.04438777039249318,0.3333333333333333,0.125,0.041666666666666664,0.08333333333333333,0.25,-0.16666666666666666,0.041666666666666664,23.141666666666666,5.9780069351196286,3.7201755214643453,3.1959098805298676,0.37499887500337503,0.25,0.041666666666666664,1.6909617482822248,0.041666666666666664,randPep,random_peptide_0119
17,-3.207593018323294,-0.17647058823529413,0.18868194225431142,0.5294117647058824,0.29411764705882354,0.0,0.17647058823529413,0.058823529411764705,0.07647058823529411,0.29411764705882354,84.3529411764706,4.0500284194946286,3.2195282822995477,6.058775368034971,0.5555545061748216,0.29411764705882354,0.23529411764705882,0.7963018253693914,0.09342560553633218,randPep,random_peptide_0120
3,0.7329893889561515,0.3333333333333333,0.24432979631871718,0.3333333333333333,0.0,0.3333333333333333,0.0,0.3333333333333333,-0.1666666666666666,0.0,-2.933333333333333,8.720009803771973,1.584962500721156,2.198961569983745,0.0,0.3333333333333333,0.3333333333333333,2.359613904387279,0.1111111111111111,randPep,random_peptide_0121
4,-0.23989838581069733,0.0,0.059974596452674334,0.5,0.25,0.0,0.0,0.5,0.35000000000000003,0.25,29.125,5.525000190734862,2.0,0.47979581202977056,0.499999000002,0.25,0.25,1.12527774349269,0.0,randPep,random_peptide_0122
19,-1.0644292483616788,-0.05263157894736842,0.05602259201903573,0.42105263157894735,0.21052631578947367,0.0,0.05263157894736842,0.3157894736842105,-0.04210526315789483,0.10526315789473684,46.29999999999999,5.968799018859863,3.4713544870139286,2.528013460827018,0.49999881250282036,0.2631578947368421,0.10526315789473684,1.3683706539563052,0.022160664819944595,randPep,random_peptide_0123
30,-0.08461431050728496,0.0,0.0028204770169094986,0.4,0.3,0.1,0.1,0.3,-0.95,0.23333333333333334,29.79666666666667,6.902606773376465,3.948394345536403,0.21153524743009383,0.7499981250046874,0.3333333333333333,0.26666666666666666,1.1896796059960173,0.08000000000000002,randPep,random_peptide_0124
27,0.8453995603867315,0.037037037037037035,0.0313110948291382,0.48148148148148145,0.18518518518518517,0.07407407407407407,0.037037037037037035,0.25925925925925924,0.45555555555555566,0.14814814814814814,28.188888888888886,8.50500774383545,3.8561962982193805,1.7558262094718535,0.38461458580047564,0.4074074074074074,0.18518518518518517,1.6657664497042772,0.05349794238683127,randPep,random_peptide_0125
30,0.398745772799459,0.033333333333333326,0.013291525759981966,0.3333333333333333,0.2,0.13333333333333333,0.1,0.23333333333333334,-0.7366666666666667,0.2,16.98333333333333,8.012018013000489,3.6980685120588386,1.196233729697188,0.5999982000054,0.23333333333333334,0.26666666666666666,1.1485502418465134,0.07777777777777778,randPep,random_peptide_0126
25,-3.604160250770909,-0.12,0.14416641003083636,0.44,0.2,0.04,0.16,0.28,-0.46800000000000014,0.2,19.888000000000005,4.0500284194946286,3.8634651896016456,8.191254680718702,0.4545444214899512,0.28,0.2,1.206025384593286,0.08800000000000001,randPep,random_peptide_0127
20,0.9387168874803344,0.05,0.046935844374016725,0.2,0.1,0.05,0.0,0.3,0.33000000000000007,0.1,13.205000000000002,8.456140708923343,3.1841837197791887,4.693560969596824,0.49999750001249993,0.2,0.25,0.7992487696422685,0.010000000000000002,randPep,random_peptide_0128
3,1.7600816143893008,0.6666666666666666,0.5866938714631003,0.0,0.0,0.6666666666666666,0.0,0.0,-3.1333333333333333,0.0,-21.633333333333336,11.999967765808105,0.9182958340544896,1760081.6143893008,0.0,0.0,0.6666666666666666,1.366666666666666,0.0,randPep,random_peptide_0129
10,0.7501906241902918,0.1,0.07501906241902918,0.6,0.0,0.1,0.0,0.3,1.1300000000000001,0.0,36.91,8.249712944030762,2.921928094887362,1.2503156231244479,0.0,0.4,0.2,0.5037758012551977,0.06,randPep,random_peptide_0130
16,-2.257151408328939,-0.125,0.1410719630205587,0.5625,0.25,0.0,0.125,0.3125,0.6937500000000001,0.25,42.5875,4.240325355529785,3.077819531114783,4.012706481106592,0.4444436543223923,0.5,0.125,0.8427876714506891,0.0703125,randPep,random_peptide_0131
25,3.8345813296295606,0.15999999999999998,0.15338325318518242,0.48,0.24,0.24,0.08,0.12,-0.48400000000000015,0.2,25.964,9.858908271789552,3.703465189601646,7.98869446028146,0.4999989583355035,0.4,0.36,1.5582164690768996,0.1536,randPep,random_peptide_0132
3,0.7591026131903019,0.3333333333333333,0.2530342043967673,0.3333333333333333,0.0,0.3333333333333333,0.0,0.3333333333333333,-0.9666666666666668,0.0,-21.633333333333336,8.750052070617677,1.584962500721156,2.2773010076678832,0.0,0.3333333333333333,0.3333333333333333,2.7357712704910924,0.1111111111111111,randPep,random_peptide_0133
29,0.7528045452397083,0.034482758620689655,0.025958777422058908,0.5517241379310345,0.2413793103448276,0.10344827586206896,0.06896551724137931,0.13793103448275862,0.3793103448275862,0.2413793103448276,63.20689655172415,8.175316429138185,3.8404025467025056,1.3644557651708968,0.43749920703268724,0.41379310344827586,0.3103448275862069,2.2011842376569777,0.09512485136741974,randPep,random_peptide_0134
17,0.7534932857384389,0.058823529411764705,0.044323134455202286,0.47058823529411764,0.058823529411764705,0.11764705882352941,0.058823529411764705,0.29411764705882354,0.11764705882352941,0.058823529411764705,59.66470588235295,8.2223783493042,3.4548223999466066,1.6011698297082946,0.12499973437556446,0.29411764705882354,0.23529411764705882,1.2912258175562998,0.08304498269896193,randPep,random_peptide_0135
10,-1.5084255416178203,-0.1,0.15084255416178202,0.5,0.0,0.0,0.1,0.2,2.16,0.0,-14.52,4.0500284194946286,2.6464393446710153,3.0168450495455414,0.0,0.5,0.1,0.5441694845027522,0.05,randPep,random_peptide_0136
22,-1.4248411080747816,-0.045454545454545456,0.06476550491249007,0.45454545454545453,0.2727272727272727,0.045454545454545456,0.09090909090909091,0.13636363636363635,-0.3590909090909091,0.18181818181818182,42.45000000000001,5.937423896789551,3.5726236638951634,3.1346435415487286,0.599998680002904,0.3181818181818182,0.09090909090909091,0.990905570868907,0.06198347107438016,randPep,random_peptide_0137
17,1.826454821446867,0.11764705882352941,0.10743851890863923,0.4117647058823529,0.23529411764705882,0.11764705882352941,0.0,0.23529411764705882,0.11176470588235293,0.1764705882352941,54.58235294117648,8.956544303894042,3.6168746059562227,4.435665222612565,0.5714271836768396,0.23529411764705882,0.35294117647058826,0.7106713949855413,0.04844290657439446,randPep,random_peptide_0138
10,1.7600816143893008,0.2,0.17600816143893008,0.6,0.4,0.2,0.0,0.2,-0.31000000000000016,0.4,21.34,11.999967765808105,2.721928094887362,2.9334644682080544,0.6666655555574075,0.3,0.6,0.4386726472089246,0.12,randPep,random_peptide_0139
25,2.0980001362504814,0.07999999999999999,0.08392000545001926,0.44,0.4,0.12,0.04,0.08,-0.28400000000000003,0.24,67.004,9.312216377258299,3.733660689688185,4.768171291089069,0.9090888429799024,0.28,0.36,1.4319775242680108,0.0704,randPep,random_peptide_0140
13,-1.1260397540151281,-0.07692307692307693,0.08661844261654832,0.38461538461538464,0.3076923076923077,0.0,0.07692307692307693,0.23076923076923078,-0.023076923076923148,0.23076923076923078,73.96923076923078,5.2414873123168935,3.238901256602631,2.9276957484303874,0.799997920005408,0.23076923076923078,0.15384615384615385,0.40630856771492335,0.02958579881656805,randPep,random_peptide_0141
23,0.8374765724857216,0.043478260869565216,0.03641202489068355,0.17391304347826086,0.17391304347826086,0.08695652173913043,0.043478260869565216,0.34782608695652173,-1.5739130434782609,0.13043478260869565,38.81739130434782,8.230694770812988,3.4100993267336737,4.815462602882933,0.9999942500330623,0.13043478260869565,0.21739130434782608,1.3989098692184079,0.02268431001890359,randPep,random_peptide_0142
6,-3.1444913120959077,-0.5,0.524081885349318,0.16666666666666666,0.3333333333333333,0.0,0.5,0.0,-1.8833333333333335,0.16666666666666666,-21.51666666666667,4.265561866760254,2.2516291673878226,18.866834671567418,1.9999880000719996,0.16666666666666666,0.16666666666666666,0.5101742621671321,0.08333333333333333,randPep,random_peptide_0143
19,2.846368561685729,0.15789473684210525,0.14980887166766996,0.3684210526315789,0.15789473684210525,0.21052631578947367,0.05263157894736842,0.15789473684210525,-0.6263157894736843,0.10526315789473684,74.0578947368421,10.903553962707516,3.5766176449086653,7.725836554447761,0.4285702653092799,0.3157894736842105,0.2631578947368421,1.4060017866046026,0.09695290858725761,randPep,random_peptide_0144
29,0.7667875366084722,0.034482758620689655,0.02644094953822318,0.4827586206896552,0.27586206896551724,0.10344827586206896,0.06896551724137931,0.2413793103448276,0.04827586206896546,0.27586206896551724,31.124137931034486,7.963279914855956,3.840402546702505,1.5883423214084553,0.571427387757554,0.3103448275862069,0.3793103448275862,1.376025442701341,0.08323424494649229,randPep,random_peptide_0145
29,0.9366067316952149,0.03448275862068967,0.03229678385155914,0.3448275862068966,0.27586206896551724,0.1724137931034483,0.13793103448275862,0.10344827586206896,-1.3068965517241382,0.20689655172413796,-4.0582758620689665,8.445052146911621,3.702471512219747,2.7161516450763528,0.799997680006728,0.1724137931034483,0.3448275862068966,0.978807820735438,0.10701545778834722,randPep,random_peptide_0146
30,-0.07633824035869186,0.0,0.0025446080119563954,0.3333333333333333,0.26666666666666666,0.03333333333333333,0.03333333333333333,0.4,-0.8966666666666665,0.2,47.31666666666666,6.907494926452637,3.9232314287976204,0.2290140340339735,0.7999976000072001,0.2,0.2,1.1188863330488674,0.02222222222222222,randPep,random_peptide_0147
9,-0.0726505373273243,0.0,0.008072281925258254,0.1111111111111111,0.2222222222222222,0.1111111111111111,0.1111111111111111,0.3333333333333333,-1.9444444444444444,0.0,51.6888888888889,6.911928367614746,2.725480556997868,0.6538489513053569,1.9999820001619986,0.0,0.2222222222222222,0.5229912316201266,0.024691358024691357,randPep,random_peptide_0148
20,-1.5124215456138241,-0.05,0.0756210772806912,0.35,0.2,0.0,0.05,0.5,-0.655,0.2,43.08,4.0500284194946286,3.3841837197791884,4.321192069776441,0.571426938780175,0.3,0.05,0.9511170882064167,0.017499999999999998,randPep,random_peptide_0149
15,3.01762817495706,0.2,0.201175211663804,0.26666666666666666,0.4,0.2,0.0,0.13333333333333333,-1.4333333333333333,0.2,51.44666666666667,10.001512336730958,3.0062389286533895,11.316063220851898,1.499994375021094,0.2,0.3333333333333333,0.9164184729798438,0.05333333333333334,randPep,random_peptide_0150
21,-0.06754801129952548,0.0,0.0032165719666440704,0.5238095238095238,0.3333333333333333,0.0,0.0,0.14285714285714285,0.38095238095238093,0.23809523809523808,50.181428571428576,6.915679740905762,3.3680424225727155,0.12895504811218406,0.6363624214899225,0.47619047619047616,0.14285714285714285,0.706618925484726,0.0,randPep,random_peptide_0151
26,2.8202985132371206,0.11538461538461539,0.10847301973988925,0.23076923076923078,0.11538461538461539,0.23076923076923078,0.11538461538461539,0.23076923076923078,-1.0999999999999999,0.07692307692307693,64.33461538461538,9.063755226135253,3.6902603909683838,12.221240598651594,0.4999978333427222,0.15384615384615385,0.4230769230769231,1.5361449815112636,0.07988165680473373,randPep,random_peptide_0152
6,-0.23866586483000995,0.0,0.03977764413833499,0.16666666666666666,0.0,0.3333333333333333,0.3333333333333333,0.16666666666666666,-2.3833333333333333,0.0,-29.283333333333335,5.960443687438965,2.2516291673878226,1.4319865970604775,0.0,0.0,0.3333333333333333,0.3122498999199195,0.1111111111111111,randPep,random_peptide_0153
5,-1.264890849105003,-0.2,0.25297816982100063,0.8,0.0,0.0,0.2,0.0,2.7,0.0,46.52,4.0500284194946286,1.9219280948873623,1.5811115849917725,0.0,0.8,0.0,1.4389651174040086,0.16000000000000003,randPep,random_peptide_0154
16,1.3953213513104694,0.125,0.08720758445690434,0.1875,0.125,0.1875,0.0625,0.1875,-0.775,0.125,47.40000000000001,9.523995018005369,3.202819531114783,7.4416741847268515,0.6666631111300739,0.1875,0.25,0.858763669775191,0.046875,randPep,random_peptide_0155
26,-0.5318905799246516,0.0,0.020457329997101984,0.34615384615384615,0.15384615384615385,0.11538461538461539,0.11538461538461539,0.19230769230769232,-0.49615384615384617,0.15384615384615385,61.45384615384614,6.028423118591308,3.8441065448145375,1.5365683474737677,0.4444431604975364,0.2692307692307692,0.15384615384615385,1.6345451068213614,0.07988165680473373,randPep,random_peptide_0156
30,-0.9834213682168409,-0.033333333333333326,0.032780712273894695,0.4,0.23333333333333334,0.1,0.13333333333333333,0.13333333333333333,-0.09999999999999988,0.13333333333333333,55.53666666666666,6.271523475646972,3.9898980954642873,2.4585472741739167,0.5833318750036458,0.36666666666666664,0.23333333333333334,1.4955182075976525,0.09333333333333334,randPep,random_peptide_0157
30,-2.245932934079602,-0.06666666666666667,0.07486443113598673,0.3333333333333333,0.13333333333333333,0.06666666666666667,0.13333333333333333,0.26666666666666666,-0.16999999999999996,0.13333333333333333,65.69033333333331,4.3166601181030275,3.948394345536403,6.73777858890304,0.39999880000360005,0.3,0.16666666666666666,0.922507142175478,0.06666666666666667,randPep,random_peptide_0158
10,-1.2359771627976435,-0.1,0.12359771627976435,0.2,0.0,0.1,0.2,0.2,-1.02,0.0,31.490000000000002,4.3702592849731445,3.321928094887362,6.179854914713643,0.0,0.1,0.1,0.6771292126344663,0.06000000000000001,randPep,random_peptide_0159
21,-3.081856200192533,-0.14285714285714285,0.1467550571520254,0.38095238095238093,0.3333333333333333,0.047619047619047616,0.19047619047619047,0.14285714285714285,-1.1095238095238094,0.2857142857142857,-3.9666666666666655,4.30830478668213,3.630412660873998,8.089851289645765,0.8749977031310293,0.14285714285714285,0.3333333333333333,1.3121548606607978,0.09070294784580497,randPep,random_peptide_0160
30,3.8463585617857277,0.13333333333333333,0.12821195205952426,0.26666666666666666,0.2,0.16666666666666666,0.03333333333333333,0.3333333333333333,-1.2466666666666664,0.16666666666666666,38.07000000000001,11.553846549987792,3.739572261986723,14.42379051748204,0.749997187510547,0.16666666666666666,0.3,0.9514751887479554,0.05333333333333333,randPep,random_peptide_0161
20,3.1840635634652243,0.15,0.1592031781732612,0.2,0.25,0.15,0.0,0.3,-1.21,0.0,44.295,10.062177085876463,3.1414460711655217,15.92023821613504,1.2499937500312497,0.1,0.2,1.0149705818075232,0.03,randPep,random_peptide_0162
5,-1.196077670405213,-0.2,0.2392155340810426,0.2,0.0,0.0,0.2,0.2,-1.44,0.0,85.04,4.599093055725096,2.321928094887362,5.980358450233814,0.0,0.0,0.0,1.2459681594998524,0.04000000000000001,randPep,random_peptide_0163
20,-0.24968761586886457,0.0,0.012484380793443228,0.4,0.2,0.05,0.05,0.35,-0.030000000000000072,0.2,38.394999999999996,5.828690910339356,3.6841837197791887,0.6242174791284636,0.49999875000312505,0.25,0.25,1.2369251453154548,0.04000000000000001,randPep,random_peptide_0164
28,1.8379707315962923,0.07142857142857142,0.06564181184272473,0.4642857142857143,0.25,0.14285714285714285,0.07142857142857142,0.17857142857142858,-0.5678571428571428,0.21428571428571427,60.47857142857144,9.045123863220216,3.8962915290459272,3.9586976647047365,0.5384603787007228,0.2857142857142857,0.25,1.3872722660341479,0.09948979591836735,randPep,random_peptide_0165
29,1.8235995781907102,0.06896551724137931,0.06288274407554173,0.4827586206896552,0.2413793103448276,0.10344827586206896,0.034482758620689655,0.2413793103448276,0.19655172413793104,0.20689655172413793,27.434482758620693,8.78841075897217,3.9783335811852645,3.7774484443946936,0.4999989642878597,0.3103448275862069,0.3103448275862069,1.1022629949071354,0.06658739595719382,randPep,random_peptide_0166
19,-0.2615866079658762,0.0,0.013767716208730326,0.5263157894736842,0.21052631578947367,0.05263157894736842,0.05263157894736842,0.21052631578947367,0.46842105263157896,0.21052631578947367,39.07894736842105,5.820562934875488,3.5766176449086657,0.49701361080930423,0.399999240001444,0.3684210526315789,0.21052631578947367,0.98537132916301,0.05540166204986149,randPep,random_peptide_0167
4,-1.2380869248364883,-0.25,0.3095217312091221,0.5,0.5,0.0,0.25,0.25,-1.375,0.5,55.650000000000006,4.0500284194946286,2.0,2.4761688973351816,0.999998000004,0.5,0.25,1.6682700620702873,0.125,randPep,random_peptide_0168
16,2.8460802605210955,0.1875,0.17788001628256847,0.25,0.25,0.25,0.0625,0.1875,-1.38125,0.1875,30.0,9.9971284866333,3.452819531114783,11.384275504982364,0.9999960000160001,0.1875,0.375,0.8879306153787222,0.078125,randPep,random_peptide_0169
5,-0.24979937590970713,0.0,0.04995987518194143,0.0,0.0,0.0,0.0,0.4,0.09999999999999995,0.0,57.36,5.518122673034666,1.3709505944546687,249799.37590970713,0.0,0.0,0.2,0.5604669686270591,0.0,randPep,random_peptide_0170
29,3.8740320064257108,0.13793103448275862,0.13358731056640383,0.3103448275862069,0.2413793103448276,0.20689655172413793,0.06896551724137931,0.2413793103448276,-1.286206896551724,0.20689655172413793,49.9896551724138,10.275245094299315,3.9488593407620454,12.482951797860387,0.7777752716130137,0.20689655172413793,0.3793103448275862,2.0280740631219927,0.08561236623067776,randPep,random_peptide_0171
15,-0.9811894524908773,-0.06666666666666667,0.06541263016605849,0.13333333333333333,0.06666666666666667,0.0,0.06666666666666667,0.5333333333333333,0.0733333333333333,0.0,58.120000000000005,5.246943855285643,3.1395722619867223,7.3588657021888135,0.4999962500281248,0.13333333333333333,0.2,0.9876137667397186,0.008888888888888889,randPep,random_peptide_0172
26,1.013626410069103,0.038461538461538464,0.03898563115650396,0.3076923076923077,0.2692307692307692,0.11538461538461539,0.07692307692307693,0.23076923076923078,-1.2153846153846153,0.15384615384615385,57.56538461538462,8.222829627990723,3.7671834678914604,3.294275126330424,0.8749971562592421,0.19230769230769232,0.23076923076923078,1.2666174325868196,0.0591715976331361,randPep,random_peptide_0173
19,-6.066522786706529,-0.3157894736842105,0.31929067298455416,0.2631578947368421,0.15789473684210525,0.0,0.3157894736842105,0.15789473684210525,-1.0999999999999999,0.10526315789473684,42.82105263157894,4.0500284194946286,3.366091329119192,23.052698989228656,0.599997720008664,0.21052631578947367,0.05263157894736842,1.22912877211905,0.08310249307479224,randPep,random_peptide_0174
20,-0.258786145892667,0.0,0.012939307294633351,0.5,0.25,0.1,0.1,0.2,0.28000000000000014,0.25,6.905000000000001,6.054284858703612,3.546439344671015,0.5175712566428208,0.499999000002,0.45,0.3,0.9974139499062463,0.1,randPep,random_peptide_0175
18,1.7384133920341238,0.1111111111111111,0.09657852177967355,0.16666666666666666,0.1111111111111111,0.16666666666666666,0.05555555555555555,0.5,-1.3388888888888888,0.1111111111111111,81.91111111111111,8.858939170837402,3.5032583347756456,10.430417769698126,0.6666626666906665,0.05555555555555555,0.3333333333333333,0.7254255530155561,0.037037037037037035,randPep,random_peptide_0176
21,1.8361792704220852,0.09523809523809523,0.08743710811533739,0.42857142857142855,0.2857142857142857,0.14285714285714285,0.047619047619047616,0.2857142857142857,-0.2238095238095239,0.23809523809523808,30.57142857142857,9.112557792663573,3.5944656369614516,4.284408300698831,0.6666651111147408,0.38095238095238093,0.3333333333333333,1.1330420373056083,0.08163265306122448,randPep,random_peptide_0177
19,4.842270797548885,0.2631578947368421,0.2548563577657308,0.2631578947368421,0.10526315789473684,0.2631578947368421,0.0,0.2631578947368421,-0.8999999999999999,0.05263157894736842,71.42631578947369,10.582759284973143,3.3660913291191914,18.400559108561154,0.39999848000577604,0.2631578947368421,0.2631578947368421,1.7099430783179037,0.06925207756232686,randPep,random_peptide_0178
17,0.986710725759746,0.058823529411764705,0.05804180739763212,0.23529411764705882,0.23529411764705882,0.11764705882352941,0.058823529411764705,0.35294117647058826,-0.9,0.058823529411764705,39.1,8.248165702819826,3.4548223999466066,4.193502762092182,0.9999957500180624,0.17647058823529413,0.23529411764705882,0.8674623167849014,0.04152249134948097,randPep,random_peptide_0179
11,-0.5254074485359521,0.0,0.047764313503268374,0.36363636363636365,0.18181818181818182,0.09090909090909091,0.09090909090909091,0.18181818181818182,0.2,0.09090909090909091,49.03636363636363,6.40304889678955,3.277613436819116,1.4448665100909657,0.4999986250037813,0.2727272727272727,0.18181818181818182,0.5704649189835476,0.06611570247933884,randPep,random_peptide_0180
20,-0.2564077043605715,0.0,0.012820385218028574,0.35,0.2,0.05,0.05,0.3,-0.05499999999999996,0.2,37.515,6.07281436920166,3.821928094887362,0.7325913479120675,0.571426938780175,0.25,0.3,0.832441687099346,0.034999999999999996,randPep,random_peptide_0181
15,-0.15179997754005914,0.0,0.01011999850267061,0.3333333333333333,0.26666666666666666,0.13333333333333333,0.13333333333333333,0.2,-1.4799999999999998,0.2,18.853333333333328,6.750164604187013,3.5068905956085183,0.4553985664244782,0.7999976000072001,0.2,0.2,0.9866525828964012,0.08888888888888888,randPep,random_peptide_0182
17,3.8244568194488653,0.23529411764705882,0.22496804820287442,0.35294117647058826,0.17647058823529413,0.23529411764705882,0.0,0.29411764705882354,0.15294117647058822,0.11764705882352941,78.14117647058822,9.847561836242676,3.2195282822995477,10.835930286635973,0.49999858333734726,0.35294117647058826,0.4117647058823529,1.0677288635665043,0.08304498269896195,randPep,random_peptide_0183
28,1.723233334783524,0.07142857142857144,0.061544047670840145,0.32142857142857145,0.03571428571428571,0.17857142857142858,0.10714285714285714,0.2857142857142857,-0.07500000000000005,0.03571428571428571,23.825000000000003,8.503331565856932,3.5086217800361656,5.361153695737244,0.1111107654331742,0.25,0.35714285714285715,1.2056617684228452,0.09183673469387756,randPep,random_peptide_0184
13,-0.24979937590970713,0.0,0.01921533660843901,0.23076923076923078,0.07692307692307693,0.0,0.0,0.38461538461538464,-0.36153846153846164,0.07692307692307693,80.70769230769231,5.518122673034666,2.7773627950641693,1.082459271618554,0.33333188889514814,0.15384615384615385,0.15384615384615385,0.8093685213499685,0.0,randPep,random_peptide_0185
18,-1.2313752396502262,-0.05555555555555555,0.06840973553612367,0.4444444444444444,0.16666666666666666,0.16666666666666666,0.2222222222222222,0.1111111111111111,-0.7444444444444444,0.16666666666666666,9.256111111111112,4.870669746398924,3.530493056757482,2.7705880553898847,0.37499915625189845,0.3333333333333333,0.2777777777777778,1.4177222410888155,0.17283950617283947,randPep,random_peptide_0186
27,-1.2381617058194379,-0.037037037037037035,0.04585784095627548,0.48148148148148145,0.2222222222222222,0.07407407407407407,0.1111111111111111,0.14814814814814814,-0.1370370370370371,0.2222222222222222,20.98185185185185,4.679122352600097,3.6619328723735824,2.571561278843869,0.4615375029605708,0.2962962962962963,0.14814814814814814,1.441556163096742,0.08916323731138545,randPep,random_peptide_0187
22,-3.145870752629003,-0.13636363636363635,0.14299412511950013,0.5,0.22727272727272727,0.045454545454545456,0.18181818181818182,0.09090909090909091,0.045454545454545574,0.18181818181818182,4.1818181818181825,4.308247947692872,3.7887549139935026,6.291728921800162,0.4545445454563636,0.4090909090909091,0.18181818181818182,1.4383293978463252,0.11363636363636365,randPep,random_peptide_0188
27,-1.9913243563178487,-0.07407407407407407,0.0737527539376981,0.2222222222222222,0.14814814814814814,0.07407407407407407,0.14814814814814814,0.4074074074074074,-0.8851851851851853,0.037037037037037035,1.362962962962964,5.755254936218263,3.782122224145306,8.960919279293563,0.6666636666801666,0.18518518518518517,0.18518518518518517,1.5441381398969036,0.04938271604938271,randPep,random_peptide_0189
26,1.0118349488948968,0.038461538461538464,0.03891672880364987,0.2692307692307692,0.15384615384615385,0.07692307692307693,0.038461538461538464,0.23076923076923078,-0.3307692307692308,0.038461538461538464,34.88846153846154,8.2477144241333,3.671405583442497,3.7582301367548236,0.5714264489874753,0.19230769230769232,0.15384615384615385,1.3540219384385785,0.03106508875739645,randPep,random_peptide_0190
30,0.0027464187710948273,0.0,9.154729236982758e-05,0.3333333333333333,0.26666666666666666,0.06666666666666667,0.06666666666666667,0.3,-0.5666666666666665,0.16666666666666669,68.26666666666667,7.002643394470215,3.9395722619867226,0.008239231595589697,0.7999976000072001,0.2,0.23333333333333334,1.5852084670142155,0.04444444444444444,randPep,random_peptide_0191
26,3.128871240191524,0.11538461538461539,0.12034120154582785,0.38461538461538464,0.3076923076923077,0.11538461538461539,0.0,0.23076923076923078,-0.5076923076923077,0.23076923076923078,55.10000000000001,10.005315971374515,3.8252517372886508,8.135044073383373,0.799997920005408,0.3076923076923077,0.2692307692307692,1.2799628532352119,0.044378698224852076,randPep,random_peptide_0192
30,-0.5637120670513251,0.0,0.018790402235044173,0.13333333333333333,0.1,0.13333333333333333,0.13333333333333333,0.43333333333333335,-1.2333333333333334,0.1,69.82999999999998,5.931569480895996,3.73624341298306,4.227808794318981,0.7499943750421872,0.06666666666666667,0.3333333333333333,1.3889116854381927,0.035555555555555556,randPep,random_peptide_0193
24,0.9243624595756739,0.041666666666666664,0.03851510248231974,0.5833333333333334,0.4166666666666667,0.08333333333333333,0.041666666666666664,0.16666666666666666,-0.08750000000000001,0.3333333333333333,34.26666666666667,8.192980766296387,3.4864405016961446,1.5846186427834816,0.7142844897980174,0.2916666666666667,0.4166666666666667,0.5903112977626205,0.07291666666666667,randPep,random_peptide_0194
11,0.7571046111922999,0.09090909090909091,0.06882769192657272,0.45454545454545453,0.2727272727272727,0.09090909090909091,0.0,0.36363636363636365,-0.5727272727272728,0.2727272727272727,-24.336363636363636,8.49740047454834,2.9139770731827523,1.6656264802448033,0.599998680002904,0.36363636363636365,0.18181818181818182,0.731771222779157,0.04132231404958678,randPep,random_peptide_0195
18,-1.2461864538612901,-0.05555555555555555,0.06923258077007167,0.4444444444444444,0.16666666666666666,0.05555555555555555,0.1111111111111111,0.3333333333333333,-0.10555555555555574,0.16666666666666666,7.050000000000001,4.531340980529785,3.2810361125534233,2.803913212383175,0.37499915625189845,0.4444444444444444,0.16666666666666666,1.3838555569565802,0.07407407407407407,randPep,random_peptide_0196
29,4.107592825384854,0.13793103448275862,0.14164113190982255,0.3103448275862069,0.2413793103448276,0.1724137931034483,0.034482758620689655,0.20689655172413793,-0.9827586206896551,0.10344827586206896,29.641379310344828,10.446859931945799,4.004364184708142,13.23553423396311,0.7777752716130137,0.2413793103448276,0.2413793103448276,1.5322749883776199,0.06420927467300833,randPep,random_peptide_0197
5,-0.23284964506899786,0.0,0.04656992901379957,0.2,0.2,0.2,0.2,0.2,-1.4,0.2,123.56,6.217469596862792,2.321928094887362,1.1642424041329686,0.9999950000249999,0.2,0.4,1.1868506215465795,0.08000000000000002,randPep,random_peptide_0198
20,-3.4773303389719445,-0.15,0.17386651694859723,0.2,0.1,0.0,0.15,0.4,-0.07500000000000002,0.05,51.475,4.0500284194946286,3.6841837197791887,17.38656476203591,0.49999750001249993,0.2,0.2,1.5744121856204245,0.03,randPep,random_peptide_0199
11,-1.239085925835489,-0.09090909090909091,0.11264417507595353,0.2727272727272727,0.18181818181818182,0.0,0.09090909090909091,0.45454545454545453,-0.9181818181818181,0.18181818181818182,-2.5454545454545454,4.0500284194946286,3.0957952550009344,4.543298402635984,0.6666642222311853,0.2727272727272727,0.0,0.3321959978795062,0.024793388429752063,randPep,random_peptide_0200
20,2.0707661510764863,0.1,0.10353830755382432,0.35,0.4,0.1,0.0,0.2,-0.7899999999999999,0.2,24.435,9.310604667663572,3.4219280948873623,5.916457813196209,1.14285387756035,0.25,0.25,0.8690244543737609,0.034999999999999996,randPep,random_peptide_0201
12,0.3973193533084711,0.08333333333333333,0.03310994610903926,0.25,0.16666666666666666,0.16666666666666666,0.08333333333333333,0.25,-1.0583333333333333,0.16666666666666666,40.56666666666667,8.25603084564209,3.418295834054489,1.5892710561496601,0.6666640000106666,0.16666666666666666,0.3333333333333333,1.186651738572754,0.0625,randPep,random_peptide_0202
26,0.6488191680323783,0.038461538461538464,0.024954583385860703,0.38461538461538464,0.2692307692307692,0.038461538461538464,0.0,0.3076923076923077,-0.08076923076923087,0.15384615384615385,53.38076923076923,7.9746908187866214,3.411602217974671,1.6869254508780112,0.699998180004732,0.3076923076923077,0.23076923076923078,1.240740538063607,0.014792899408284025,randPep,random_peptide_0203
16,3.475263251698411,0.25,0.2172039532311507,0.1875,0.0625,0.3125,0.0625,0.25,-1.4062499999999996,0.0,49.1125,10.306125450134275,3.452819531114783,18.53463849098624,0.33333155556503696,0.125,0.375,1.2093686182896122,0.0703125,randPep,random_peptide_0204
23,-1.0906310566511337,-0.043478260869565216,0.047418741593527554,0.17391304347826086,0.21739130434782608,0.043478260869565216,0.08695652173913043,0.43478260869565216,-0.7869565217391304,0.13043478260869565,9.547826086956523,6.001140403747558,3.4357554339416274,6.271092516962046,1.249992812541328,0.043478260869565216,0.30434782608695654,1.2433839505776465,0.02268431001890359,randPep,random_peptide_0205
30,1.9354959706553716,0.06666666666666665,0.06451653235517905,0.36666666666666664,0.23333333333333334,0.16666666666666666,0.1,0.2,-0.8199999999999998,0.16666666666666669,16.083333333333336,9.526638221740722,3.856564762130954,5.278610978302892,0.6363619008311796,0.26666666666666666,0.3333333333333333,1.1473302789713555,0.09777777777777777,randPep,random_peptide_0206
6,0.502156148615553,0.16666666666666666,0.0836926914359255,0.3333333333333333,0.0,0.3333333333333333,0.16666666666666666,0.0,-0.21666666666666665,0.0,-19.96666666666667,8.498431968688966,2.584962500721156,1.5064639264548798,0.0,0.3333333333333333,0.3333333333333333,1.703509449473188,0.16666666666666666,randPep,random_peptide_0207
10,-1.2741011391696484,-0.1,0.12741011391696483,0.5,0.1,0.0,0.1,0.2,0.5,0.1,37.10000000000001,4.0500284194946286,2.9219280948873623,2.548197181944933,0.1999996000008,0.4,0.1,0.6053926878286247,0.05,randPep,random_peptide_0208
27,-2.167362433860388,-0.07407407407407407,0.08027268273556992,0.3333333333333333,0.25925925925925924,0.07407407407407407,0.14814814814814814,0.2962962962962963,-0.5888888888888889,0.2222222222222222,21.392592592592592,4.658660316467285,3.9121138909722295,6.502067795377778,0.7777754444514445,0.2222222222222222,0.37037037037037035,1.1156795841329912,0.07407407407407407,randPep,random_peptide_0209
26,-1.2542659830860892,-0.038461538461538464,0.04824099934946497,0.5,0.15384615384615385,0.07692307692307693,0.11538461538461539,0.15384615384615385,1.05,0.15384615384615385,32.685,4.785922813415527,3.53641423712223,2.50852694911828,0.30769169230892307,0.4230769230769231,0.2692307692307692,1.5534154568954222,0.09615384615384616,randPep,random_peptide_0210
17,-0.6169934627839733,0.0,0.03629373310493961,0.23529411764705882,0.11764705882352941,0.11764705882352941,0.11764705882352941,0.35294117647058826,-0.2000000000000001,0.11764705882352941,82.65882352941178,5.80675106048584,3.572469458770136,2.6222110724348284,0.4999978750090312,0.17647058823529413,0.35294117647058826,1.3174366665290886,0.05536332179930796,randPep,random_peptide_0211
16,-2.1487929746430554,-0.125,0.13429956091519096,0.625,0.3125,0.0,0.125,0.125,0.18124999999999986,0.25,2.000000000000001,4.353093910217285,3.1556390622295662,3.438063258527675,0.49999920000127995,0.375,0.25,1.63465147919377,0.078125,randPep,random_peptide_0212
23,-1.105909450814877,-0.043478260869565216,0.04808301960064683,0.30434782608695654,0.30434782608695654,0.043478260869565216,0.08695652173913043,0.391304347826087,-0.01739130434782616,0.21739130434782608,75.09565217391302,5.974937629699707,3.501397825434103,3.633690541979958,0.9999967142965103,0.2608695652173913,0.34782608695652173,0.901413543679685,0.03969754253308129,randPep,random_peptide_0213
26,-2.5645663144106337,-0.07692307692307693,0.09863716593887052,0.23076923076923078,0.038461538461538464,0.11538461538461539,0.19230769230769232,0.34615384615384615,-0.2846153846153846,0.038461538461538464,27.88461538461539,4.689012336730956,3.7483286603655737,11.113072539131743,0.16666594444757407,0.15384615384615385,0.3076923076923077,1.4685484975348984,0.07100591715976332,randPep,random_peptide_0214
27,-0.9827206682824743,-0.037037037037037035,0.03639706178823979,0.2222222222222222,0.2222222222222222,0.1111111111111111,0.14814814814814814,0.18518518518518517,-1.337037037037037,0.1111111111111111,4.974074074074075,6.276354789733887,3.7541634277688813,4.422223107267151,0.99999550002025,0.1111111111111111,0.2222222222222222,1.2885182976561471,0.05761316872427983,randPep,random_peptide_0215
18,-3.207593018323294,-0.16666666666666666,0.1781996121290719,0.4444444444444444,0.2222222222222222,0.0,0.16666666666666666,0.3333333333333333,-0.6277777777777778,0.2222222222222222,101.84444444444445,4.0500284194946286,3.197159723424149,7.217068052824294,0.49999887500253126,0.16666666666666666,0.16666666666666666,0.5178954784471859,0.07407407407407407,randPep,random_peptide_0216
28,0.6541356028351841,0.03571428571428571,0.02336198581554229,0.2857142857142857,0.17857142857142858,0.10714285714285714,0.07142857142857142,0.32142857142857145,-0.32142857142857145,0.10714285714285714,47.496428571428574,7.845882987976075,3.878783493486176,2.289466596790056,0.6249978125076563,0.21428571428571427,0.25,1.449652672415264,0.05102040816326529,randPep,random_peptide_0217
26,-3.180372186997244,-0.11538461538461539,0.1223220071922017,0.38461538461538464,0.2692307692307692,0.0,0.11538461538461539,0.3076923076923077,-0.3192307692307693,0.23076923076923078,98.47730769230769,4.0500284194946286,3.430457025500558,8.268946186932748,0.699998180004732,0.3076923076923077,0.23076923076923078,1.4375725220519426,0.044378698224852076,randPep,random_peptide_0218
13,-1.1356324431495013,-0.07692307692307693,0.08735634178073087,0.5384615384615384,0.07692307692307693,0.0,0.07692307692307693,0.15384615384615385,1.6615384615384616,0.0,24.04615384615385,5.077677345275878,2.8150724101159437,2.109027763368942,0.14285687755151313,0.3076923076923077,0.15384615384615385,0.9963189694472288,0.04142011834319527,randPep,random_peptide_0219
18,-2.1577697447260147,-0.1111111111111111,0.11987609692922303,0.2777777777777778,0.2222222222222222,0.1111111111111111,0.2222222222222222,0.2222222222222222,-1.2277777777777779,0.16666666666666666,82.55555555555557,4.751194190979004,3.8365916681089787,7.767943116418434,0.7999971200103679,0.2777777777777778,0.2222222222222222,1.1281563190119244,0.09259259259259259,randPep,random_peptide_0220
18,0.8472658025438885,0.05555555555555555,0.04707032236354936,0.4444444444444444,0.2222222222222222,0.05555555555555555,0.0,0.3888888888888889,-0.42222222222222194,0.16666666666666666,51.81666666666667,9.756532478332517,2.9693894195291564,1.906343766450275,0.49999887500253126,0.3333333333333333,0.2222222222222222,1.029871245448661,0.024691358024691357,randPep,random_peptide_0221
20,-2.057016863241051,-0.1,0.10285084316205255,0.45,0.3,0.1,0.2,0.1,-0.8750000000000002,0.2,75.6,5.357666206359863,3.6841837197791887,4.571138426894721,0.6666651851884774,0.3,0.25,0.8426230620972656,0.13500000000000004,randPep,random_peptide_0222
22,-4.232344240949224,-0.18181818181818182,0.19237928367951015,0.4090909090909091,0.22727272727272727,0.0,0.18181818181818182,0.22727272727272727,-0.2545454545454546,0.2272727272727273,36.31363636363636,4.0500284194946286,3.4474015047059154,10.345705077263469,0.5555541975341838,0.3181818181818182,0.13636363636363635,1.418598280325618,0.0743801652892562,randPep,random_peptide_0223
11,-1.0829769611323763,-0.09090909090909088,0.0984524510120342,0.0,0.09090909090909091,0.18181818181818182,0.2727272727272727,0.2727272727272727,-1.8272727272727274,0.0,56.55454545454547,5.448665428161621,3.0957952550009344,1082976.9611323765,90909.09090909091,0.0,0.2727272727272727,1.1235167449357777,0.0,randPep,random_peptide_0224
29,-0.14578899228816322,0.0,0.005027206630626318,0.3448275862068966,0.2413793103448276,0.1724137931034483,0.1724137931034483,0.13793103448275862,-1.3310344827586205,0.20689655172413796,131.47931034482758,6.765511131286622,3.7848977027564086,0.42278685155380386,0.699997970005887,0.20689655172413793,0.3103448275862069,1.2380088578093507,0.11890606420927469,randPep,random_peptide_0225
22,0.9353742107145275,0.04545454545454544,0.04251700957793307,0.4090909090909091,0.22727272727272727,0.13636363636363635,0.09090909090909091,0.13636363636363635,-0.2318181818181819,0.13636363636363635,9.986363636363636,8.511647987365723,3.7321588913645694,2.2864647037217916,0.5555541975341838,0.2727272727272727,0.22727272727272727,1.4669170304783175,0.09297520661157026,randPep,random_peptide_0226
9,-0.15272419755611044,0.0,0.01696935528401227,0.3333333333333333,0.2222222222222222,0.0,0.0,0.1111111111111111,1.2,0.1111111111111111,57.71111111111111,6.741127204895021,2.503258334775646,0.45817121815467693,0.6666646666726667,0.3333333333333333,0.1111111111111111,0.8299027808215497,0.0,randPep,random_peptide_0227
19,1.6726950621525156,0.10526315789473684,0.08803658221855346,0.5263157894736842,0.21052631578947367,0.10526315789473684,0.0,0.15789473684210525,0.2999999999999998,0.10526315789473684,8.078947368421051,9.99261569976807,3.471354487013929,3.178114579672078,0.399999240001444,0.3157894736842105,0.15789473684210525,0.9973212012203864,0.05540166204986149,randPep,random_peptide_0228
25,-0.3349744059668063,0.0,0.01339897623867225,0.4,0.28,0.08,0.08,0.16,-0.324,0.2,30.155999999999995,6.687414360046388,3.733660689688185,0.8374339213322124,0.6999982500043751,0.24,0.24,1.2366032369033466,0.064,randPep,random_peptide_0229
13,-0.9513747221530049,-0.07692307692307693,0.07318267093484652,0.15384615384615385,0.15384615384615385,0.07692307692307693,0.15384615384615385,0.46153846153846156,-1.784615384615385,0.07692307692307693,57.107692307692304,5.328337287902832,3.085055102756477,6.18389549867379,0.9999935000422497,0.07692307692307693,0.07692307692307693,0.394821695986767,0.03550295857988166,randPep,random_peptide_0230
18,0.8363658114458776,0.05555555555555555,0.046464767302548754,0.5,0.3333333333333333,0.05555555555555555,0.0,0.2222222222222222,0.13333333333333333,0.2777777777777778,34.69444444444445,8.230888175964356,3.794653473544342,1.6727282774352004,0.6666653333359999,0.2777777777777778,0.3333333333333333,0.8477148945156787,0.027777777777777776,randPep,random_peptide_0231
21,0.013646409869105813,0.0,0.0006498290413859911,0.23809523809523808,0.2857142857142857,0.09523809523809523,0.09523809523809523,0.38095238095238093,-1.5047619047619045,0.14285714285714285,27.976190476190474,7.013613319396971,3.7849418274376423,0.05731468072858536,1.199994960021168,0.09523809523809523,0.23809523809523808,0.6534795019105444,0.04535147392290249,randPep,random_peptide_0232
9,-1.2369761637966445,-0.1111111111111111,0.13744179597740494,0.6666666666666666,0.2222222222222222,0.1111111111111111,0.2222222222222222,0.0,0.1777777777777777,0.2222222222222222,66.51222222222223,4.3702592849731445,2.94770277922009,1.855461462502773,0.3333328333340833,0.4444444444444444,0.2222222222222222,0.35917245367542594,0.2222222222222222,randPep,random_peptide_0233
7,-0.2507983769087082,0.0,0.035828339558386886,0.5714285714285714,0.2857142857142857,0.0,0.0,0.14285714285714285,1.4285714285714286,0.2857142857142857,23.957142857142863,5.517440605163573,2.807354922057604,0.4388963915215542,0.4999991250015312,0.5714285714285714,0.2857142857142857,1.3115402390614908,0.0,randPep,random_peptide_0234
26,2.9391536739867363,0.11538461538461539,0.11304437207641294,0.3076923076923077,0.23076923076923078,0.23076923076923078,0.11538461538461539,0.15384615384615385,-1.0769230769230769,0.15384615384615385,69.41153846153846,10.834572792053223,3.8542858719872455,9.552218395747108,0.7499975625079219,0.23076923076923078,0.38461538461538464,0.9338593931685183,0.10650887573964497,randPep,random_peptide_0235
24,3.014737171108947,0.125,0.1256140487962061,0.2916666666666667,0.16666666666666666,0.25,0.125,0.125,-0.85,0.041666666666666664,55.529166666666676,10.038130378723146,3.6368421881310122,10.33620629109482,0.5714266122516152,0.20833333333333334,0.3333333333333333,1.2988201697463684,0.109375,randPep,random_peptide_0236
15,2.932563748741318,0.2,0.19550424991608786,0.3333333333333333,0.26666666666666666,0.26666666666666666,0.06666666666666667,0.13333333333333333,-1.3066666666666669,0.13333333333333333,17.413333333333334,10.289750480651854,3.189898095464287,8.797664853229396,0.7999976000072001,0.26666666666666666,0.4,0.7656702347456982,0.1111111111111111,randPep,random_peptide_0237
26,-0.23090616042888978,0.0,0.008881006170341915,0.38461538461538464,0.038461538461538464,0.07692307692307693,0.07692307692307693,0.2692307692307692,0.7730769230769231,0.038461538461538464,44.57307692307693,6.089013481140136,3.8252517372886503,0.6003544561935273,0.099999740000676,0.3076923076923077,0.23076923076923078,1.1764279665900417,0.0591715976331361,randPep,random_peptide_0238
13,-0.07532923945968939,0.0,0.005794556881514568,0.07692307692307693,0.15384615384615385,0.07692307692307693,0.07692307692307693,0.38461538461538464,-0.8769230769230771,0.0,56.54615384615384,6.908461189270019,3.238901256602631,0.9792673824999895,1.9999740003379955,0.07692307692307693,0.15384615384615385,0.6163200711846215,0.01183431952662722,randPep,random_peptide_0239
9,0.3893963654074608,0.1111111111111111,0.0432662628230512,0.0,0.0,0.2222222222222222,0.1111111111111111,0.5555555555555556,-2.233333333333333,0.0,84.44444444444444,7.910029029846191,2.94770277922009,389396.36540746083,0.0,0.0,0.3333333333333333,0.9021090448877229,0.0,randPep,random_peptide_0240
29,-0.9865555037552527,-0.03448275862068964,0.03401915530190527,0.3448275862068966,0.2413793103448276,0.1724137931034483,0.20689655172413793,0.06896551724137931,-1.1413793103448282,0.1724137931034483,76.6448275862069,6.042064476013183,3.7454064259382482,2.8610026639825072,0.699997970005887,0.27586206896551724,0.2413793103448276,1.429101041236564,0.13079667063020214,randPep,random_peptide_0241
3,-2.1551246395613064,-0.6666666666666666,0.7183748798537688,0.3333333333333333,0.0,0.0,0.6666666666666666,0.0,-1.7333333333333334,0.0,6.666666666666667,4.240495872497559,0.9182958340544896,6.465354522620352,0.0,0.0,0.0,1.766666666666666,0.2222222222222222,randPep,random_peptide_0242
5,-0.9613874722928575,-0.2,0.1922774944585715,0.0,0.2,0.0,0.2,0.2,-1.48,0.0,134.4,5.24751224517822,1.9219280948873623,961387.4722928575,200000.00000000003,0.0,0.2,1.1074049217813204,0.0,randPep,random_peptide_0243
26,-1.338665532225872,-0.038461538461538464,0.05148713585484123,0.2692307692307692,0.11538461538461539,0.07692307692307693,0.11538461538461539,0.3076923076923077,-0.4230769230769231,0.038461538461538464,69.74615384615385,5.980280494689941,3.748328660365574,4.9721677945014315,0.4285698367406065,0.23076923076923078,0.19230769230769232,1.5200203879931642,0.051775147928994084,randPep,random_peptide_0244
14,0.9893760130111455,0.07142857142857142,0.07066971521508182,0.14285714285714285,0.21428571428571427,0.14285714285714285,0.07142857142857142,0.2857142857142857,-0.8928571428571429,0.07142857142857142,46.44285714285715,8.15017375946045,3.2359263506290326,6.925583611992735,1.4999895000734995,0.14285714285714285,0.35714285714285715,1.7599807455629466,0.03061224489795918,randPep,random_peptide_0245
3,-1.2355967232635496,-0.3333333333333333,0.4118655744211832,0.6666666666666666,0.0,0.0,0.3333333333333333,0.0,1.7333333333333332,0.0,-71.73333333333333,4.299381065368652,1.584962500721156,1.8533923048068672,0.0,0.6666666666666666,0.0,2.618099395447859,0.2222222222222222,randPep,random_peptide_0246
20,-1.2458781528966534,-0.05,0.06229390764483267,0.3,0.2,0.05,0.1,0.4,-0.655,0.2,27.78,4.3702592849731445,3.6464393446710153,4.152913333277734,0.6666644444518519,0.2,0.3,0.8648825074845393,0.045000000000000005,randPep,random_peptide_0247
26,-5.067445047186945,-0.19230769230769232,0.19490173258411328,0.23076923076923078,0.11538461538461539,0.0,0.19230769230769232,0.23076923076923078,-0.5384615384615384,0.07692307692307693,104.85000000000001,4.0500284194946286,3.5325732575026194,21.958833382865436,0.4999978333427222,0.11538461538461539,0.038461538461538464,1.1783966096861878,0.044378698224852076,randPep,random_peptide_0248
21,-0.3523663739904155,0.0,0.01677935114240074,0.47619047619047616,0.47619047619047616,0.047619047619047616,0.047619047619047616,0.19047619047619047,-0.8142857142857142,0.3333333333333333,27.319047619047613,6.731635093688964,3.594465636961452,0.7399678314474265,0.99999790000441,0.2857142857142857,0.23809523809523808,0.7456778606512171,0.04535147392290249,randPep,random_peptide_0249
12,2.821132578509736,0.25,0.235094381542478,0.3333333333333333,0.16666666666666666,0.25,0.0,0.3333333333333333,-1.5333333333333334,0.08333333333333333,102.96666666666667,11.999967765808105,3.0220552088742005,8.463372345412173,0.4999985000045,0.16666666666666666,0.3333333333333333,0.34548670751908456,0.08333333333333333,randPep,random_peptide_0250
20,-0.5358205577285045,0.0,0.026791027886425223,0.3,0.05,0.15,0.15,0.3,-0.7050000000000001,0.05,12.255,5.842786979675293,3.8219280948873617,1.7860625722197743,0.16666611111296298,0.25,0.2,1.0276766760906337,0.09,randPep,random_peptide_0251
16,-1.2335848625612558,-0.0625,0.07709905391007849,0.4375,0.25,0.0625,0.125,0.3125,0.09374999999999992,0.25,28.050624999999997,4.207870292663575,3.327819531114783,2.8196160981603606,0.5714272653091079,0.3125,0.4375,0.753162003078522,0.08203125,randPep,random_peptide_0252
29,0.8399119928757122,0.034482758620689655,0.028962482512955592,0.3793103448275862,0.1724137931034483,0.13793103448275862,0.10344827586206896,0.20689655172413793,-0.07931034482758624,0.13793103448275862,1.8517241379310356,8.164227867126463,3.676440908696869,2.2143075980432103,0.45454425620150646,0.3793103448275862,0.27586206896551724,1.052450298294897,0.09155766944114149,randPep,random_peptide_0253
20,-0.2605772271222193,0.0,0.013028861356110966,0.25,0.15,0.15,0.15,0.2,-0.8900000000000002,0.15000000000000002,4.345000000000003,6.198996925354003,3.2464393446710154,1.0423047392699203,0.5999976000096,0.2,0.3,0.913605712978015,0.075,randPep,random_peptide_0254
29,1.8197743544265448,0.06896551724137931,0.06275083980781189,0.3448275862068966,0.13793103448275862,0.13793103448275862,0.06896551724137931,0.3103448275862069,0.06206896551724133,0.10344827586206896,59.748275862068965,8.734192848205566,3.840402546702505,5.277330323579042,0.399998840003364,0.27586206896551724,0.3448275862068966,1.92022128665134,0.0713436385255648,randPep,random_peptide_0255
22,-1.2444517334056653,-0.04545454545454547,0.056565987882075695,0.2727272727272727,0.22727272727272727,0.13636363636363635,0.18181818181818182,0.22727272727272727,-1.4954545454545458,0.2272727272727273,29.413636363636368,4.8649290084838865,3.6635327548042538,4.56297295825326,0.8333302777889816,0.18181818181818182,0.3181818181818182,1.1796135616862078,0.08677685950413222,randPep,random_peptide_0256
22,1.836487571386722,0.0909090909090909,0.08347670779030554,0.45454545454545453,0.09090909090909091,0.13636363636363635,0.045454545454545456,0.13636363636363635,0.5818181818181818,0.045454545454545456,1.5545454545454553,9.312796592712402,3.641249800455479,4.040263768470498,0.19999956000096802,0.36363636363636365,0.22727272727272727,1.1105776364635465,0.08264462809917356,randPep,random_peptide_0257
21,-0.0888627714624648,0.0,0.004231560545831657,0.42857142857142855,0.19047619047619047,0.047619047619047616,0.047619047619047616,0.09523809523809523,-0.01904761904761911,0.09523809523809523,22.457142857142856,6.893853569030762,3.463280517810811,0.20734598293845768,0.4444434074098272,0.19047619047619047,0.14285714285714285,0.9136427176163054,0.04081632653061224,randPep,random_peptide_0258
25,-3.9561019684582717,-0.15999999999999998,0.15824407873833088,0.24,0.12,0.08,0.24,0.24,-1.1159999999999999,0.08,24.976,4.228502845764161,3.8936606896881845,16.4836895198698,0.4999979166753472,0.2,0.16,0.774956892446805,0.0768,randPep,random_peptide_0259
16,-1.2030046512060686,-0.0625,0.07518779070037929,0.5,0.125,0.0,0.0625,0.1875,1.4249999999999998,0.125,13.100000000000001,4.0500284194946286,3.1556390622295662,2.406004490403156,0.249999500001,0.4375,0.125,0.8492571280236727,0.03125,randPep,random_peptide_0260
26,-1.2721667016046938,-0.038461538461538464,0.04892948852325745,0.2692307692307692,0.07692307692307693,0.11538461538461539,0.15384615384615385,0.2692307692307692,-0.273076923076923,0.07692307692307693,101.45,4.864815330505371,3.7962176025900556,4.725173055317515,0.28571322449373765,0.19230769230769232,0.3076923076923077,1.0475424151793453,0.07248520710059173,randPep,random_peptide_0261
12,0.759326133271987,0.08333333333333334,0.06327717777266557,0.25,0.25,0.25,0.16666666666666666,0.25,-2.733333333333333,0.25,24.375000000000007,8.49598217010498,2.9182958340544896,3.0372923839184125,0.9999960000160001,0.16666666666666666,0.3333333333333333,0.43792172655731876,0.10416666666666666,randPep,random_peptide_0262
4,-0.26420014907063827,0.0,0.06605003726765957,0.5,0.0,0.25,0.25,0.0,0.2500000000000001,0.0,7.5,5.971584129333496,1.5,0.5283992413427938,0.0,0.5,0.25,2.793966714189702,0.25,randPep,random_peptide_0263
18,0.8409877343932974,0.05555555555555555,0.046721540799627634,0.16666666666666666,0.16666666666666666,0.16666666666666666,0.1111111111111111,0.3333333333333333,-1.3,0.1111111111111111,17.338888888888896,8.206712532043458,3.6835423624332306,5.045896130982999,0.9999940000359998,0.1111111111111111,0.3333333333333333,0.8314373464165091,0.046296296296296294,randPep,random_peptide_0264
26,0.975935648550522,0.038461538461538464,0.037535986482712384,0.2692307692307692,0.15384615384615385,0.15384615384615385,0.11538461538461539,0.23076923076923078,-1.276923076923077,0.07692307692307693,83.4423076923077,8.79988613128662,3.8731406795131322,3.6248903735948375,0.5714264489874753,0.15384615384615385,0.23076923076923078,1.8741337445253146,0.07248520710059173,randPep,random_peptide_0265
9,-0.5497545308814108,0.0,0.0610838367646012,0.3333333333333333,0.1111111111111111,0.0,0.0,0.6666666666666666,0.022222222222222192,0.1111111111111111,56.6,5.238076972961425,2.6416041678685933,1.649258644868298,0.33333233333633333,0.2222222222222222,0.2222222222222222,0.6561247797024524,0.0,randPep,random_peptide_0266
5,-0.6016816456925282,0.0,0.12033632913850564,0.2,0.0,0.2,0.2,0.2,-0.9400000000000001,0.0,-8.98,5.49828586578369,2.321928094887362,3.0083931864967086,0.0,0.2,0.2,1.8922263310598821,0.08000000000000002,randPep,random_peptide_0267
15,-2.535922317869346,-0.13333333333333333,0.1690614878579564,0.4,0.26666666666666666,0.0,0.13333333333333333,0.26666666666666666,0.22666666666666668,0.26666666666666666,77.14666666666668,4.0500284194946286,3.1068905956085184,6.339789945198502,0.6666650000041666,0.3333333333333333,0.26666666666666666,1.1154469883505762,0.05333333333333334,randPep,random_peptide_0268
9,0.9585188676783541,0.1111111111111111,0.10650209640870602,0.4444444444444444,0.1111111111111111,0.1111111111111111,0.0,0.1111111111111111,0.5111111111111111,0.1111111111111111,27.088888888888892,10.18002529144287,2.725480556997868,2.1566625997854474,0.24999943750126563,0.3333333333333333,0.2222222222222222,0.3070782433536332,0.04938271604938271,randPep,random_peptide_0269
16,-0.9516730232176402,-0.0625,0.059479563951102515,0.4375,0.375,0.0625,0.125,0.125,-1.3,0.3125,48.500000000000014,5.407570838928222,3.202819531114783,2.1752476525028293,0.8571408979636619,0.25,0.25,0.7677482942463427,0.08203125,randPep,random_peptide_0270
24,-2.1560700437926474,-0.08333333333333333,0.08983625182469364,0.3333333333333333,0.16666666666666666,0.08333333333333333,0.16666666666666666,0.25,-0.5999999999999998,0.125,17.070833333333333,4.833326530456542,3.9701755214643453,6.468190726805763,0.4999985000045,0.25,0.20833333333333334,1.2623553767312647,0.08333333333333333,randPep,random_peptide_0271
18,-0.17059295683907694,0.0,0.009477386491059829,0.2777777777777778,0.2222222222222222,0.1111111111111111,0.1111111111111111,0.2777777777777778,-0.5833333333333334,0.16666666666666666,26.18888888888889,6.733226585388183,3.6143694458867563,0.6141324337439156,0.7999971200103679,0.2222222222222222,0.3888888888888889,1.7690008541345918,0.06172839506172839,randPep,random_peptide_0272
7,-0.2507983769087082,0.0,0.035828339558386886,0.7142857142857143,0.5714285714285714,0.0,0.0,0.2857142857142857,0.8428571428571429,0.5714285714285714,55.144285714285715,5.517440605163573,2.5216406363433186,0.3511172361080609,0.7999988800015679,0.42857142857142855,0.5714285714285714,1.403957172366406,0.0,randPep,random_peptide_0273
3,-0.23989838581069733,0.0,0.07996612860356578,1.0,0.6666666666666666,0.0,0.0,0.0,1.8999999999999997,0.6666666666666666,85.60000000000001,5.525000190734862,1.584962500721156,0.23989814591255143,0.6666660000006667,0.6666666666666666,0.6666666666666666,1.429452109492771,0.0,randPep,random_peptide_0274
21,-3.534998097853296,-0.14285714285714285,0.16833324275491884,0.38095238095238093,0.23809523809523808,0.047619047619047616,0.19047619047619047,0.19047619047619047,-0.8571428571428571,0.23809523809523808,37.86666666666666,4.0500284194946286,3.6897037321995465,9.279345648582575,0.6249983593793067,0.2857142857142857,0.14285714285714285,0.8266082103030247,0.09070294784580497,randPep,random_peptide_0275
8,-1.2365957242625507,-0.125,0.15457446553281884,0.25,0.125,0.0,0.125,0.25,-0.13750000000000007,0.125,38.849999999999994,4.299381065368652,2.75,4.946363111597757,0.49999800000800004,0.125,0.0,0.9642210908526994,0.03125,randPep,random_peptide_0276
24,2.017618175057059,0.08333333333333333,0.0840674239607108,0.2916666666666667,0.375,0.08333333333333333,0.0,0.3333333333333333,-1.645833333333333,0.25,-22.875000000000004,9.52683162689209,3.459147917027245,6.917524311540849,1.2857098775661342,0.125,0.20833333333333334,0.6933018015925511,0.024305555555555556,randPep,random_peptide_0277
4,1.759092613290301,0.5,0.43977315332257527,0.0,0.0,0.5,0.0,0.5,-3.85,0.0,137.15,11.000836753845213,1.5,1759092.613290301,0.0,0.0,0.5,0.2692582403567252,0.0,randPep,random_peptide_0278
29,-1.8979268810956187,-0.06896551724137931,0.06544575452053858,0.2413793103448276,0.2413793103448276,0.06896551724137931,0.13793103448275862,0.2413793103448276,-0.9344827586206894,0.10344827586206896,55.97620689655172,5.9945470809936525,3.8143719431796277,7.8628073614799225,0.9999958571600204,0.20689655172413793,0.1724137931034483,1.2610452931423308,0.04994054696789536,randPep,random_peptide_0279
24,2.3943250278683403,0.08333333333333333,0.09976354282784751,0.2916666666666667,0.375,0.16666666666666666,0.08333333333333333,0.08333333333333333,-1.6208333333333338,0.16666666666666666,56.32916666666668,9.5556489944458,3.5383201891060003,8.209086235824358,1.2857098775661342,0.16666666666666666,0.2916666666666667,0.8065179633800672,0.07291666666666667,randPep,random_peptide_0280
30,2.0144388700443114,0.06666666666666665,0.06714796233481038,0.36666666666666664,0.26666666666666666,0.16666666666666666,0.1,0.1,-0.9499999999999995,0.16666666666666666,32.50999999999999,9.111848640441895,3.8729055953200557,5.493909207641193,0.7272707438070625,0.23333333333333334,0.3,1.1756008771324886,0.09777777777777777,randPep,random_peptide_0281
18,2.8712615440525053,0.16666666666666666,0.15951453022513917,0.3888888888888889,0.2222222222222222,0.2222222222222222,0.05555555555555555,0.16666666666666666,-0.8777777777777777,0.16666666666666666,39.26111111111112,9.787735176086425,3.5724312513221195,7.383224984985053,0.5714271020445948,0.16666666666666666,0.4444444444444444,0.7334034003611557,0.1080246913580247,randPep,random_peptide_0282
8,-1.2489869159344993,-0.125,0.1561233644918124,0.625,0.25,0.0,0.125,0.125,1.35,0.25,38.825,4.0500284194946286,2.75,1.9983758680938097,0.399999360001024,0.625,0.125,1.4616649478018462,0.078125,randPep,random_peptide_0283
20,-1.2468771538956545,-0.05,0.06234385769478272,0.35,0.3,0.05,0.1,0.2,-0.7949999999999997,0.30000000000000004,76.4755,4.3702592849731445,3.646439344671015,3.562495975427655,0.8571404081702625,0.15,0.35,1.2894042183357952,0.052500000000000005,randPep,random_peptide_0284
21,0.7394223929331258,0.047619047619047616,0.03521059013967266,0.3333333333333333,0.14285714285714285,0.09523809523809523,0.047619047619047616,0.23809523809523808,-0.023809523809523836,0.14285714285714285,45.16190476190476,8.045412635803224,3.439936470397808,2.218260524017806,0.42857014286100004,0.14285714285714285,0.3333333333333333,1.3539081948503606,0.047619047619047616,randPep,random_peptide_0285
23,0.9622351953793018,0.043478260869565216,0.04183631284257834,0.5217391304347826,0.34782608695652173,0.13043478260869565,0.08695652173913043,0.13043478260869565,-0.10000000000000005,0.2608695652173913,69.37826086956521,8.255644035339355,3.8279097821439705,1.844280589605865,0.666665388891338,0.391304347826087,0.391304347826087,0.953497293711198,0.11342155009451796,randPep,random_peptide_0286
25,-1.0803200054466462,-0.039999999999999994,0.043212800217865846,0.16,0.08,0.08,0.12,0.32,-0.812,0.0,11.032000000000002,5.998127937316894,3.5736606896881855,6.751957834305074,0.4999968750195311,0.12,0.16,1.1042693206136838,0.032,randPep,random_peptide_0287
11,1.8500562647170966,0.1818181818181818,0.1681869331560997,0.45454545454545453,0.2727272727272727,0.2727272727272727,0.09090909090909091,0.0,-1.218181818181818,0.18181818181818182,125.16363636363637,11.69902935028076,2.663532754804255,4.070114828124991,0.599998680002904,0.18181818181818182,0.45454545454545453,0.8290854708959688,0.1652892561983471,randPep,random_peptide_0288
27,-3.9692808542401394,-0.14814814814814814,0.14701040200889406,0.2962962962962963,0.18518518518518517,0.07407407407407407,0.2222222222222222,0.07407407407407407,-0.7111111111111112,0.07407407407407407,60.64814814814815,4.832758140563963,3.838039816898155,13.396277670623334,0.6249978906321192,0.2222222222222222,0.14814814814814814,1.8010906806004185,0.0877914951989026,randPep,random_peptide_0289
30,3.019971456977591,0.1,0.10066571523258636,0.26666666666666666,0.23333333333333334,0.2,0.1,0.13333333333333333,-1.6166666666666667,0.13333333333333333,18.206666666666663,9.821000862121583,3.739572261986723,11.324850495476609,0.8749967187623048,0.1,0.3,0.9822351326626376,0.08000000000000002,randPep,random_peptide_0290
13,-0.17072471667992217,0.0,0.013132670513840167,0.5384615384615384,0.3076923076923077,0.07692307692307693,0.07692307692307693,0.15384615384615385,0.6384615384615386,0.23076923076923078,53.599999999999994,6.730725669860839,3.238901256602631,0.31705959929488536,0.5714275102060525,0.3076923076923077,0.38461538461538464,0.9344282525596778,0.08284023668639054,randPep,random_peptide_0291
11,4.791858584058081,0.45454545454545453,0.43562350764164376,0.18181818181818182,0.09090909090909091,0.45454545454545453,0.0,0.2727272727272727,-2.3636363636363638,0.09090909090909091,96.5,11.166133689880368,2.663532754804255,26.35507725939452,0.4999972500151249,0.09090909090909091,0.45454545454545453,0.5226603580309299,0.08264462809917356,randPep,random_peptide_0292
11,-1.2486786149698625,-0.09090909090909091,0.11351623772453295,0.36363636363636365,0.09090909090909091,0.0,0.09090909090909091,0.45454545454545453,0.3454545454545455,0.09090909090909091,19.890909090909087,4.0500284194946286,2.845350936622437,3.433856748061065,0.24999931250189064,0.2727272727272727,0.18181818181818182,0.28484593333820246,0.03305785123966942,randPep,random_peptide_0293
23,0.1306927010657346,0.0,0.005682291350684114,0.43478260869565216,0.34782608695652173,0.043478260869565216,0.043478260869565216,0.17391304347826086,-0.7043478260869565,0.2608695652173913,66.52173913043478,7.307243537902832,3.82790978214397,0.30059252108839113,0.7999981600042321,0.34782608695652173,0.13043478260869565,0.9929426779276114,0.03780718336483932,randPep,random_peptide_0294
18,-2.418637432313817,-0.1111111111111111,0.1343687462396565,0.4444444444444444,0.2777777777777778,0.05555555555555555,0.16666666666666666,0.16666666666666666,-0.39999999999999997,0.2222222222222222,-1.8555555555555556,4.649338722229005,3.6835423624332306,5.441921978381638,0.6249985937531641,0.3333333333333333,0.16666666666666666,1.250366139570228,0.09876543209876543,randPep,random_peptide_0295
16,-1.2360319439805916,-0.0625,0.07725199649878697,0.25,0.0625,0.1875,0.25,0.125,-1.0125,0.0625,43.193750000000016,4.782910346984862,3.202819531114783,4.9441079994903685,0.24999900000400002,0.25,0.1875,2.047609933271047,0.109375,randPep,random_peptide_0296
5,0.7591026131903019,0.2,0.1518205226380604,0.2,0.0,0.2,0.0,0.4,-0.8,0.0,-25.96,8.750052070617677,2.321928094887362,3.795494088481067,0.0,0.2,0.2,1.581544876363607,0.04000000000000001,randPep,random_peptide_0297
3,-1.0386606704484347,-0.3333333333333333,0.34622022348281156,0.0,0.0,0.0,0.3333333333333333,0.3333333333333333,-1.9333333333333333,0.0,64.6,4.0500284194946286,1.584962500721156,1038660.6704484348,0.0,0.0,0.0,0.8252945602093299,0.0,randPep,random_peptide_0298
9,-0.4124711242040683,0.0,0.045830124911563144,0.4444444444444444,0.2222222222222222,0.0,0.0,0.2222222222222222,1.1000000000000003,0.1111111111111111,0.5111111111111111,6.49137668609619,2.197159723424149,0.9280579413287857,0.49999887500253126,0.4444444444444444,0.1111111111111111,1.733893449860175,0.0,randPep,random_peptide_0299
13,-0.2408973868096983,0.0,0.01853056821613064,0.3076923076923077,0.07692307692307693,0.0,0.0,0.6153846153846154,-0.2538461538461539,0.07692307692307693,45.51538461538461,5.524318122863768,2.7773627950641693,0.7829139626611409,0.24999918750264064,0.3076923076923077,0.0,0.40795039284453866,0.0,randPep,random_peptide_0300
24,-0.43093263520157965,0.0,0.017955526466732485,0.25,0.2916666666666667,0.125,0.125,0.16666666666666666,-1.2416666666666665,0.20833333333333331,30.97916666666667,6.621481132507324,3.5220552088742005,1.723723645911735,1.1666620000186667,0.125,0.375,1.2771791093163762,0.0625,randPep,random_peptide_0301
10,-2.2458681529966524,-0.2,0.22458681529966523,0.2,0.0,0.0,0.2,0.6,-1.36,0.0,60.86,4.0500284194946286,2.846439344671015,11.229284618560168,0.0,0.1,0.1,0.4001709947418216,0.04000000000000001,randPep,random_peptide_0302
27,-3.0811772467048013,-0.1111111111111111,0.11411767580388153,0.2962962962962963,0.2222222222222222,0.037037037037037035,0.14814814814814814,0.2222222222222222,-0.15925925925925916,0.14814814814814814,45.06666666666667,4.636095237731933,3.6619328723735824,10.39893811121258,0.749997468758543,0.25925925925925924,0.2222222222222222,1.162616098525322,0.05486968449931412,randPep,random_peptide_0303
8,-0.2023139511717038,0.0,0.025289243896462976,0.375,0.25,0.125,0.125,0.125,-0.25000000000000006,0.25,8.75,6.046100044250489,2.75,0.5395024311180605,0.6666648888936296,0.25,0.375,0.3156673926142139,0.09375,randPep,random_peptide_0304
13,-1.496899631568394,-0.07692307692307693,0.11514612550526107,0.23076923076923078,0.15384615384615385,0.15384615384615385,0.23076923076923078,0.23076923076923078,-2.046153846153846,0.15384615384615385,79.60769230769232,4.677076148986816,3.085055102756477,6.486536961802872,0.6666637777902963,0.15384615384615385,0.15384615384615385,0.7574016453414637,0.08875739644970415,randPep,random_peptide_0305
9,-2.4957140895456003,-0.2222222222222222,0.2773015655050667,0.1111111111111111,0.0,0.0,0.2222222222222222,0.4444444444444444,-1.2555555555555555,0.0,46.61111111111111,4.0500284194946286,2.9477027792200903,22.46122465488851,0.0,0.1111111111111111,0.0,1.1059222253043364,0.024691358024691357,randPep,random_peptide_0306
17,2.757094611292299,0.17647058823529413,0.16218203595837052,0.47058823529411764,0.23529411764705882,0.17647058823529413,0.0,0.23529411764705882,0.09999999999999996,0.23529411764705882,47.858823529411765,10.289686012268067,3.381580488309164,5.858813599017238,0.4999989375022578,0.29411764705882354,0.35294117647058826,0.8323241601052264,0.08304498269896195,randPep,random_peptide_0307
10,-0.14992373548290128,0.0,0.014992373548290128,0.3,0.2,0.1,0.1,0.1,-0.43999999999999995,0.1,1.46,6.749653053283692,2.9219280948873623,0.4997441191292739,0.6666644444518519,0.1,0.2,0.846576158564913,0.06,randPep,random_peptide_0308
30,3.673674063351515,0.13333333333333333,0.12245580211171717,0.26666666666666666,0.1,0.13333333333333333,0.0,0.3,-0.78,0.03333333333333333,68.08333333333331,11.999967765808105,3.8062389286533893,13.776226076720395,0.3749985937552735,0.13333333333333333,0.16666666666666666,0.9698846882861306,0.035555555555555556,randPep,random_peptide_0309
29,-1.1665382273385463,-0.03448275862068967,0.040225456115122286,0.3793103448275862,0.034482758620689655,0.13793103448275862,0.1724137931034483,0.20689655172413793,-0.406896551724138,0.034482758620689655,44.17586206896551,5.006742286682129,3.6855672020241244,3.0754108550820956,0.09090885124030129,0.2413793103448276,0.1724137931034483,0.8524364577383394,0.11771700356718193,randPep,random_peptide_0310
8,-0.06555000930152344,0.0,0.00819375116269043,0.5,0.5,0.0,0.0,0.125,0.04999999999999993,0.25,60.074999999999996,6.917725944519043,2.5,0.13109975640353405,0.999998000004,0.375,0.25,0.7939920851545509,0.0,randPep,random_peptide_0311
22,0.7625070348792904,0.04545454545454544,0.03465941067633138,0.36363636363636365,0.22727272727272727,0.13636363636363635,0.09090909090909091,0.36363636363636365,-0.9636363636363636,0.22727272727272727,29.418181818181818,8.496240043640139,3.5726236638951634,2.096888579474455,0.6249982812547266,0.3181818181818182,0.2727272727272727,1.4885054173421088,0.08264462809917356,randPep,random_peptide_0312
21,-1.1040332087577183,-0.047619047619047616,0.052573009940843726,0.3333333333333333,0.23809523809523808,0.0,0.047619047619047616,0.2857142857142857,0.680952380952381,0.14285714285714285,94.51904761904761,5.965843391418457,3.3087513512471665,3.3120896900040853,0.714283571435,0.19047619047619047,0.3333333333333333,0.6797194653471889,0.015873015873015872,randPep,random_peptide_0313
20,-2.171283656873442,-0.1,0.10856418284367211,0.4,0.25,0.0,0.1,0.3,0.275,0.2,57.644999999999996,4.196729850769043,3.5841837197791886,5.428195571694676,0.6249984375039063,0.3,0.25,0.5732500105112209,0.04000000000000001,randPep,random_peptide_0314
11,-0.050559662545446304,0.0,0.004596332958676937,0.36363636363636365,0.09090909090909091,0.09090909090909091,0.09090909090909091,0.2727272727272727,0.2454545454545454,0.09090909090909091,-12.336363636363636,6.37758502960205,3.459431618637298,0.13903868964358082,0.24999931250189064,0.2727272727272727,0.18181818181818182,0.7735007387845304,0.06611570247933884,randPep,random_peptide_0315
9,1.9324519887004747,0.2222222222222222,0.2147168876333861,0.5555555555555556,0.5555555555555556,0.2222222222222222,0.0,0.0,-0.3555555555555557,0.3333333333333333,-74.8,10.002866172790526,2.5032583347756456,3.478407318527681,0.9999982000032399,0.3333333333333333,0.5555555555555556,0.09706652337822497,0.12345679012345678,randPep,random_peptide_0316
23,1.019869696836749,0.043478260869565216,0.04434216073203257,0.4782608695652174,0.34782608695652173,0.13043478260869565,0.08695652173913043,0.08695652173913043,-0.43043478260869583,0.21739130434782608,4.773913043478261,8.453046226501467,3.468576629687865,2.1324503618988095,0.7272712066147498,0.30434782608695654,0.30434782608695654,0.8557432283473081,0.10396975425330812,randPep,random_peptide_0317
14,3.845247800745885,0.2857142857142857,0.27466055719613464,0.35714285714285715,0.21428571428571427,0.2857142857142857,0.0,0.07142857142857142,-0.2285714285714286,0.14285714285714285,14.07142857142857,11.723011589050294,3.182005814760214,10.76666369543013,0.599998320004704,0.35714285714285715,0.35714285714285715,0.7461960217695748,0.10204081632653061,randPep,random_peptide_0318
25,-1.4176384313148156,-0.039999999999999994,0.05670553725259262,0.36,0.16,0.08,0.12,0.24,-0.03599999999999999,0.12,40.632000000000005,5.426100349426269,4.133660689688185,3.9378735928922857,0.4444432098799726,0.32,0.2,1.579239109339139,0.072,randPep,random_peptide_0319
12,0.752991086263501,0.08333333333333333,0.06274925718862508,0.4166666666666667,0.08333333333333333,0.16666666666666666,0.08333333333333333,0.3333333333333333,-0.10000000000000002,0.08333333333333333,93.51666666666667,8.249712944030762,2.918295834054489,1.8071742698141549,0.19999952000115198,0.3333333333333333,0.3333333333333333,0.6713513150913958,0.10416666666666667,randPep,random_peptide_0320
24,-3.1560700437926474,-0.125,0.1315029184913603,0.3333333333333333,0.2916666666666667,0.041666666666666664,0.16666666666666666,0.20833333333333334,-0.7000000000000001,0.25,62.850000000000016,4.396973609924316,3.9072682296173897,9.468181726832762,0.8749973750078751,0.2916666666666667,0.25,1.2323189526280396,0.06944444444444443,randPep,random_peptide_0321
24,-1.2460646939204456,-0.04166666666666667,0.05191936224668523,0.4166666666666667,0.16666666666666666,0.08333333333333333,0.125,0.25,-0.0958333333333334,0.16666666666666666,81.27916666666667,4.679122352600097,4.053508854797679,2.990548088093658,0.39999904000230396,0.3333333333333333,0.20833333333333334,1.6109806506627826,0.08680555555555555,randPep,random_peptide_0322
14,-0.16436792322480143,0.0,0.011740565944628674,0.42857142857142855,0.21428571428571427,0.14285714285714285,0.14285714285714285,0.21428571428571427,-1.542857142857143,0.21428571428571427,42.75714285714285,6.238329505920409,3.1820058147602133,0.383524259301265,0.4999988333360556,0.35714285714285715,0.14285714285714285,1.1235925754124951,0.12244897959183672,randPep,random_peptide_0323
22,-0.16282172857891397,0.0,0.007400987662677908,0.4090909090909091,0.2727272727272727,0.045454545454545456,0.045454545454545456,0.3181818181818182,-0.6000000000000001,0.2272727272727273,33.81363636363636,6.737773704528809,3.754441845713345,0.39800769695186383,0.6666650370410205,0.3181818181818182,0.18181818181818182,0.7985060273189152,0.0371900826446281,randPep,random_peptide_0324
27,0.9236617596413086,0.037037037037037035,0.034209694801529945,0.4074074074074074,0.18518518518518517,0.07407407407407407,0.037037037037037035,0.25925925925925924,0.4555555555555556,0.1111111111111111,66.38518518518518,8.214835548400881,3.6726919114644465,2.267164208807427,0.45454433884571377,0.37037037037037035,0.18518518518518517,1.6005807840786401,0.04526748971193415,randPep,random_peptide_0325
6,0.502156148615553,0.16666666666666666,0.0836926914359255,0.16666666666666666,0.0,0.3333333333333333,0.16666666666666666,0.16666666666666666,-1.5,0.0,115.33333333333334,8.498431968688966,2.584962500721156,3.0129188141804333,0.0,0.0,0.3333333333333333,1.7949775609863332,0.08333333333333333,randPep,random_peptide_0326
4,0.7501906241902918,0.25,0.18754765604757295,0.25,0.0,0.25,0.0,0.5,-0.42500000000000004,0.0,7.5,8.249712944030762,2.0,3.0007504937591927,0.0,0.25,0.5,2.5603954772651822,0.0625,randPep,random_peptide_0327
10,-2.142864994841201,-0.2,0.2142864994841201,0.4,0.4,0.0,0.2,0.3,-1.6300000000000001,0.30000000000000004,17.89,4.814683341979981,2.9219280948873623,5.357149094230267,0.9999975000062501,0.3,0.2,0.20030608698753588,0.08000000000000002,randPep,random_peptide_0328
22,-1.0627395473283132,-0.045454545454545456,0.04830634306037787,0.5,0.13636363636363635,0.0,0.045454545454545456,0.22727272727272727,1.2,0.045454545454545456,10.072727272727272,5.982383537292479,3.3342094594480485,2.125474843706939,0.27272672727381814,0.4090909090909091,0.045454545454545456,1.4473276985197723,0.022727272727272728,randPep,random_peptide_0329
22,-0.9611539523111712,-0.04545454545454544,0.04368881601414414,0.3181818181818182,0.13636363636363635,0.09090909090909091,0.13636363636363635,0.22727272727272727,-0.7136363636363636,0.09090909090909091,41.20909090909092,5.3885297775268555,3.697845823084411,3.0207600705891737,0.4285700816368863,0.22727272727272727,0.18181818181818182,1.470385750284532,0.07231404958677685,randPep,random_peptide_0330
9,-1.2310381840947886,-0.1111111111111111,0.1367820204549765,0.3333333333333333,0.2222222222222222,0.1111111111111111,0.2222222222222222,0.3333333333333333,-1.2111111111111112,0.2222222222222222,88.9888888888889,4.856573677062988,2.725480556997868,3.6931034729739474,0.6666646666726667,0.2222222222222222,0.2222222222222222,0.4829871678617358,0.1111111111111111,randPep,random_peptide_0331
13,-0.2486886148698635,0.0,0.01912989345152796,0.3076923076923077,0.23076923076923078,0.07692307692307693,0.07692307692307693,0.23076923076923078,-0.7923076923076923,0.23076923076923078,107.44615384615386,5.82937297821045,3.180832987205441,0.8082353715620988,0.7499975625079219,0.07692307692307693,0.38461538461538464,1.09456033368381,0.04733727810650888,randPep,random_peptide_0332
3,-0.23989838581069733,0.0,0.07996612860356578,0.3333333333333333,0.3333333333333333,0.0,0.0,0.3333333333333333,-1.6000000000000003,0.3333333333333333,-62.46666666666666,5.525000190734862,1.584962500721156,0.7196929983530971,0.999997000009,0.0,0.3333333333333333,0.9609023536933049,0.0,randPep,random_peptide_0333
11,-0.2352864627632787,0.0,0.021389678433025337,0.09090909090909091,0.09090909090909091,0.18181818181818182,0.18181818181818182,0.2727272727272727,-2.4090909090909096,0.09090909090909091,105.06363636363636,6.14323787689209,3.0957952550009344,2.588122621047234,0.9999890001209987,0.0,0.2727272727272727,0.5216275058355794,0.03305785123966942,randPep,random_peptide_0334
23,1.9138725295831414,0.08695652173913043,0.0832118491123105,0.30434782608695654,0.21739130434782608,0.17391304347826086,0.08695652173913043,0.2608695652173913,-0.7434782608695651,0.13043478260869565,49.41304347826088,8.860099601745606,3.708132064658602,6.288417649543759,0.7142833673546501,0.2608695652173913,0.34782608695652173,1.2437785396571457,0.07939508506616258,randPep,random_peptide_0335
25,0.6432256118371722,0.039999999999999994,0.025729024473486888,0.44,0.28,0.12,0.08,0.2,-0.12800000000000009,0.2,50.464,7.75342960357666,3.863465189601646,1.4618730681002368,0.6363621900859318,0.32,0.32,1.5713705098533846,0.08800000000000001,randPep,random_peptide_0336
20,-1.4479456695395516,-0.04999999999999999,0.07239728347697758,0.35,0.15,0.1,0.15,0.3,-0.575,0.1,22.860000000000003,5.421837425231933,3.6841837197791887,4.136975807324984,0.42857020408513125,0.3,0.15,1.8441297629553797,0.0875,randPep,random_peptide_0337
28,-0.4545636895784897,0.0,0.01623441748494606,0.25,0.14285714285714285,0.10714285714285714,0.10714285714285714,0.32142857142857145,0.3357142857142857,0.10714285714285714,56.875,6.503483390808105,3.580050351464737,1.8182474853240176,0.5714262857234286,0.17857142857142858,0.39285714285714285,1.2634519505758144,0.05357142857142857,randPep,random_peptide_0338
13,-2.211784880365234,-0.15384615384615385,0.17013729848963338,0.38461538461538464,0.15384615384615385,0.0,0.15384615384615385,0.15384615384615385,0.07692307692307696,0.15384615384615385,30.738461538461536,4.0500284194946286,2.931208948910323,5.750625737322691,0.399998960002704,0.07692307692307693,0.23076923076923078,0.6636313320063014,0.0591715976331361,randPep,random_peptide_0339
16,2.63248683382877,0.1875,0.16453042711429813,0.375,0.3125,0.1875,0.0,0.25,-0.50625,0.1875,24.275,11.16600475311279,3.5,7.0199461703536,0.8333311111170371,0.3125,0.375,0.8827036986095611,0.0703125,randPep,random_peptide_0340
23,0.6291957687751806,0.043478260869565216,0.027356337772833937,0.2608695652173913,0.17391304347826086,0.13043478260869565,0.08695652173913043,0.30434782608695654,-0.9565217391304346,0.08695652173913043,46.934782608695656,7.992806434631348,3.74095326040484,2.4119078679913653,0.6666641111209074,0.17391304347826086,0.2608695652173913,1.4524638272493822,0.05671077504725898,randPep,random_peptide_0341
23,-2.2046091691742356,-0.08695652173913043,0.09585257257279285,0.391304347826087,0.13043478260869565,0.0,0.08695652173913043,0.34782608695652173,0.43913043478260877,0.08695652173913043,1.930434782608697,4.352980232238769,3.501397825434103,5.633986812145638,0.3333324814836584,0.34782608695652173,0.21739130434782608,1.9460669718051198,0.034026465028355386,randPep,random_peptide_0342
28,-3.193381873060747,-0.10714285714285715,0.11404935260931238,0.21428571428571427,0.21428571428571427,0.07142857142857142,0.17857142857142858,0.2857142857142857,-1.1178571428571427,0.07142857142857142,49.057142857142864,5.615431022644043,3.708966082694624,14.902379196513902,0.999995333355111,0.14285714285714285,0.14285714285714285,0.9919708166075957,0.05357142857142857,randPep,random_peptide_0343
25,-5.1564942302464765,-0.19999999999999998,0.20625976920985906,0.16,0.16,0.04,0.24,0.36,-0.8440000000000001,0.12,52.09200000000001,4.180189704895019,3.403074189428569,32.22788751474351,0.9999937500390622,0.08,0.24,1.1700985748314332,0.0448,randPep,random_peptide_0344
25,1.7730756046590646,0.08,0.07092302418636258,0.36,0.2,0.08,0.0,0.44,-0.05600000000000005,0.2,37.228,8.864870262145995,3.509275070710713,4.925196331840925,0.5555540123499658,0.24,0.32,1.26220099941405,0.0288,randPep,random_peptide_0345
12,-0.9213400366954234,-0.08333333333333333,0.07677833639128528,0.08333333333333333,0.3333333333333333,0.08333333333333333,0.16666666666666666,0.4166666666666667,-2.0916666666666663,0.08333333333333333,96.88333333333333,6.27004566192627,2.8553885422075336,11.055947768971853,3.999952000575993,0.08333333333333333,0.25,0.9440234023534848,0.020833333333333332,randPep,random_peptide_0346
3,0.3981865944666271,0.3333333333333333,0.13272886482220903,0.3333333333333333,0.0,0.3333333333333333,0.0,0.3333333333333333,-0.2333333333333334,0.0,6.666666666666667,9.410143852233887,1.584962500721156,1.1945561997312821,0.0,0.3333333333333333,0.3333333333333333,2.6085330062018466,0.1111111111111111,randPep,random_peptide_0347
27,-1.0569051032002088,-0.037037037037037035,0.03914463345185958,0.5185185185185185,0.2222222222222222,0.14814814814814814,0.18518518518518517,0.037037037037037035,0.011111111111111113,0.14814814814814814,5.7333333333333325,6.037176322937011,3.5319412055466586,2.038313053710942,0.4285706020424103,0.4074074074074074,0.25925925925925924,1.8313688952635416,0.1728395061728395,randPep,random_peptide_0348
29,-5.163542970988177,-0.1724137931034483,0.178053205896144,0.3103448275862069,0.13793103448275862,0.0,0.1724137931034483,0.3103448275862069,-0.10000000000000013,0.10344827586206896,23.934482758620696,4.0500284194946286,3.71937582241537,16.63802929508973,0.44444301235029354,0.27586206896551724,0.1724137931034483,1.152986873001935,0.05350772889417361,randPep,random_peptide_0349
5,-0.539853540782401,0.0,0.1079707081564802,0.4,0.2,0.0,0.0,0.2,1.36,0.2,95.88,5.240009498596191,2.321928094887362,1.3496304778798078,0.49999875000312505,0.4,0.2,1.467116370042751,0.0,randPep,random_peptide_0350
6,1.759092613290301,0.3333333333333333,0.2931821022150502,0.16666666666666666,0.16666666666666666,0.3333333333333333,0.0,0.3333333333333333,-2.1666666666666665,0.16666666666666666,55.56666666666668,11.000836753845213,2.584962500721156,10.55449235278769,0.9999940000359998,0.16666666666666666,0.5,1.1121800413801914,0.05555555555555555,randPep,random_peptide_0351
13,-1.2395331059881665,-0.07692307692307693,0.09534870046062818,0.23076923076923078,0.23076923076923078,0.15384615384615385,0.23076923076923078,0.3076923076923077,-2.1384615384615384,0.23076923076923078,30.7,4.428973960876465,3.180832987205441,5.371286850372369,0.9999956666854444,0.15384615384615385,0.3076923076923077,0.8100245800074517,0.08875739644970415,randPep,random_peptide_0352
15,1.8343678094478764,0.13333333333333333,0.12229118729652509,0.4,0.26666666666666666,0.13333333333333333,0.0,0.26666666666666666,-0.9,0.2,58.58666666666667,9.196495628356931,3.506890595608519,4.585908058849544,0.6666650000041666,0.26666666666666666,0.26666666666666666,0.9370301423813057,0.05333333333333334,randPep,random_peptide_0353
13,-0.2417846277678568,0.0,0.01859881752060437,0.6153846153846154,0.38461538461538464,0.07692307692307693,0.07692307692307693,0.15384615384615385,-0.4384615384615384,0.38461538461538464,27.71538461538461,5.834261131286621,3.334679141051595,0.3928993816612721,0.6249989843766504,0.46153846153846156,0.23076923076923078,1.1033496896610726,0.09467455621301776,randPep,random_peptide_0354
16,-0.4274550291241981,0.0,0.02671593932026238,0.3125,0.1875,0.0,0.0,0.3125,-0.26250000000000007,0.0625,48.39375,6.609431266784668,3.375,1.3678517160719426,0.5999980800061441,0.25,0.0625,0.7928559370896113,0.0,randPep,random_peptide_0355
8,-0.16138092012780003,0.0,0.020172615015975004,0.375,0.125,0.25,0.25,0.125,-1.8125,0.125,11.687500000000002,6.2417398452758786,2.5,0.4303479727462061,0.3333324444468148,0.25,0.25,1.3597945405973302,0.1875,randPep,random_peptide_0356
18,-2.147682213603212,-0.1111111111111111,0.11931567853351178,0.4444444444444444,0.1111111111111111,0.05555555555555555,0.16666666666666666,0.16666666666666666,0.44444444444444425,0.05555555555555555,-16.16111111111111,4.536513328552247,3.350209029099897,4.832274107990485,0.24999943750126563,0.2777777777777778,0.1111111111111111,1.1956163220082292,0.09876543209876543,randPep,random_peptide_0357
7,0.49935568654234397,0.14285714285714285,0.07133652664890629,0.14285714285714285,0.0,0.14285714285714285,0.0,0.2857142857142857,-0.0857142857142857,0.0,57.88571428571428,8.500108146667483,2.1280852788913944,3.495465337539045,0.0,0.0,0.14285714285714285,0.710309274545856,0.02040816326530612,randPep,random_peptide_0358
17,1.6273743079009697,0.11764705882352942,0.09572790046476293,0.11764705882352941,0.17647058823529413,0.17647058823529413,0.058823529411764705,0.35294117647058826,-2.0941176470588236,0.058823529411764705,76.21764705882353,10.255969047546387,3.292770193936991,13.8325640403639,1.4999872501083742,0.0,0.29411764705882354,0.9863890512351066,0.02768166089965398,randPep,random_peptide_0359
7,0.7493233830321357,0.14285714285714285,0.1070461975760194,0.14285714285714285,0.0,0.2857142857142857,0.14285714285714285,0.2857142857142857,-1.3857142857142857,0.0,59.48571428571429,8.197622489929199,2.521640636343318,5.245226964636198,0.0,0.14285714285714285,0.42857142857142855,1.5597258977416029,0.06122448979591836,randPep,random_peptide_0360
10,-1.2023139511717038,-0.1,0.12023139511717038,0.5,0.2,0.0,0.1,0.4,0.02999999999999998,0.2,20.720000000000002,4.0500284194946286,3.121928094887362,2.4046230930972214,0.3999992000016,0.4,0.1,0.9295202641007114,0.05,randPep,random_peptide_0361
13,-1.1499137355829,-0.07692307692307693,0.08845490273714617,0.46153846153846156,0.3076923076923077,0.0,0.07692307692307693,0.23076923076923078,-0.28461538461538477,0.23076923076923078,-23.369230769230768,5.240236854553221,3.238901256602631,2.4914743622351656,0.6666652222253519,0.15384615384615385,0.23076923076923078,0.7494703987648138,0.03550295857988166,randPep,random_peptide_0362
25,0.5548189026018981,0.04,0.022192756104075926,0.28,0.2,0.04,0.0,0.52,-0.6039999999999999,0.16,26.604000000000003,7.737742042541504,3.6234651896016463,1.981489003974622,0.7142831632744169,0.2,0.2,1.0456739544508684,0.011200000000000002,randPep,random_peptide_0363
12,-0.11513976291711692,0.0,0.009594980243093076,0.3333333333333333,0.25,0.08333333333333333,0.08333333333333333,0.16666666666666666,-0.6666666666666666,0.16666666666666666,-27.383333333333333,6.7933053970336905,3.084962500721156,0.3454182524965933,0.7499977500067501,0.16666666666666666,0.25,0.37979174549903444,0.05555555555555555,randPep,random_peptide_0364
20,2.73829163209328,0.15,0.13691458160466402,0.4,0.05,0.15,0.0,0.25,1.2199999999999998,0.05,48.625,9.503945350646973,3.146439344671015,6.845711965953286,0.12499968750078126,0.35,0.3,1.173404282872793,0.06,randPep,random_peptide_0365
22,2.706580659898248,0.13636363636363635,0.12302639363173853,0.36363636363636365,0.2727272727272727,0.13636363636363635,0.0,0.4090909090909091,-0.509090909090909,0.2727272727272727,8.309090909090909,8.762172126770018,3.226730915057127,7.44307634626023,0.7499979375056718,0.22727272727272727,0.5,0.6603818783093112,0.04958677685950413,randPep,random_peptide_0366
25,-1.157593203602223,-0.039999999999999994,0.04630372814408892,0.28,0.08,0.08,0.12,0.2,-0.19600000000000006,0.04,84.63600000000001,5.3806859970092775,3.7638561897747236,4.13424667626981,0.28571326530976676,0.24,0.16,1.3545412206788776,0.05600000000000001,randPep,random_peptide_0367
21,-1.071408016446636,-0.047619047619047616,0.051019429354601714,0.2857142857142857,0.19047619047619047,0.09523809523809523,0.14285714285714285,0.3333333333333333,-1.2333333333333334,0.09523809523809523,44.34761904761904,5.99875316619873,3.8208888513501886,3.7499149328609613,0.6666643333415,0.09523809523809523,0.23809523809523808,1.0165055405552625,0.06802721088435373,randPep,random_peptide_0368
20,-4.0650963924658505,-0.2,0.20325481962329253,0.25,0.25,0.05,0.25,0.2,-1.2799999999999998,0.15000000000000002,123.365,4.5595899581909185,3.521928094887362,16.26032052858129,0.9999960000160001,0.2,0.15,0.7495175866142613,0.075,randPep,random_peptide_0369
14,-2.173950612459174,-0.14285714285714285,0.1552821866042267,0.42857142857142855,0.21428571428571427,0.0,0.14285714285714285,0.2857142857142857,-0.3428571428571429,0.21428571428571427,72.77142857142857,4.0500284194946286,3.521640636343319,5.07253959314569,0.4999988333360556,0.2857142857142857,0.14285714285714285,0.7862582103071882,0.06122448979591836,randPep,random_peptide_0370
18,-0.06362678828647139,0.0,0.003534821571470633,0.3333333333333333,0.3333333333333333,0.1111111111111111,0.1111111111111111,0.16666666666666666,-1.2500000000000002,0.2222222222222222,50.75555555555555,6.921477317810059,3.6835423624332306,0.19087979222003754,0.999997000009,0.16666666666666666,0.2777777777777778,0.6779538974040984,0.07407407407407407,randPep,random_peptide_0371
11,1.750302384231135,0.1818181818181818,0.1591183985664668,0.18181818181818182,0.0,0.2727272727272727,0.09090909090909091,0.2727272727272727,-1.0363636363636362,0.0,12.027272727272727,9.50407428741455,3.2776134368191165,9.626610166915324,0.0,0.18181818181818182,0.36363636363636365,0.7718100588149833,0.06611570247933884,randPep,random_peptide_0372
26,-5.9647706913335625,-0.23076923076923075,0.2294142573589832,0.2692307692307692,0.23076923076923078,0.038461538461538464,0.2692307692307692,0.15384615384615385,-1.0115384615384615,0.11538461538461539,44.60000000000001,4.420902824401856,3.1706536600327326,22.154780278626486,0.857139673481213,0.038461538461538464,0.15384615384615385,1.1143570697320708,0.08284023668639054,randPep,random_peptide_0373
7,0.5473106475721848,0.14285714285714285,0.07818723536745498,0.0,0.14285714285714285,0.14285714285714285,0.0,0.14285714285714285,-1.7857142857142858,0.0,84.04285714285716,9.48827953338623,2.2359263506290326,547310.6475721849,142857.14285714287,0.0,0.14285714285714285,0.6224249272139805,0.0,randPep,random_peptide_0374
27,-2.189107254928807,-0.07407407407407407,0.0810780464788447,0.25925925925925924,0.14814814814814814,0.07407407407407407,0.14814814814814814,0.2962962962962963,-0.5666666666666668,0.1111111111111111,41.01851851851852,4.833099174499511,3.85619629821938,8.443666843439003,0.5714263673554403,0.14814814814814814,0.25925925925925924,0.7572366857687456,0.05761316872427983,randPep,random_peptide_0375
10,0.8473875624847327,0.1,0.08473875624847327,0.2,0.3,0.2,0.1,0.2,-2.71,0.2,58.519999999999996,8.754887199401857,2.7219280948873625,4.236916627840524,1.4999925000374996,0.0,0.4,0.05978095080166226,0.06000000000000001,randPep,random_peptide_0376
17,1.008726185857051,0.058823529411764705,0.05933683446217947,0.4117647058823529,0.35294117647058826,0.058823529411764705,0.0,0.23529411764705882,-0.18235294117647063,0.1764705882352941,111.80588235294118,8.200974845886229,3.1751231351134614,2.449757644812844,0.8571407755152596,0.17647058823529413,0.17647058823529413,0.8359925684692652,0.02422145328719723,randPep,random_peptide_0377
25,0.6360997558771877,0.039999999999999994,0.025443990235087508,0.32,0.28,0.12,0.08,0.24,-1.34,0.2,75.6084,8.202135276794433,3.893660689688185,1.9878055252239453,0.8749972656335451,0.24,0.2,1.822388835907406,0.064,randPep,random_peptide_0378
26,2.817488051263909,0.11538461538461539,0.1083649250486119,0.3076923076923077,0.15384615384615385,0.19230769230769232,0.07692307692307693,0.2692307692307692,-0.9961538461538461,0.11538461538461539,76.32692307692308,9.063755226135253,3.507380102423635,9.156806406986883,0.49999837500528127,0.07692307692307693,0.38461538461538464,0.8817275177616892,0.08284023668639055,randPep,random_peptide_0379
28,-6.071635099745326,-0.21428571428571427,0.21684411070519022,0.10714285714285714,0.14285714285714285,0.07142857142857142,0.2857142857142857,0.21428571428571427,-1.2785714285714285,0.07142857142857142,61.06071428571428,4.27710018157959,3.6644977792004614,56.66806536234633,1.3333208890050359,0.10714285714285714,0.17857142857142858,0.7863688406918784,0.038265306122448974,randPep,random_peptide_0380
15,0.8409777344932965,0.06666666666666668,0.0560651822995531,0.26666666666666666,0.26666666666666666,0.2,0.13333333333333333,0.13333333333333333,-0.76,0.2,59.98066666666666,8.2064546585083,3.373557262275185,3.1536546781448194,0.9999962500140626,0.26666666666666666,0.4,1.399674966019875,0.08888888888888889,randPep,random_peptide_0381
24,-1.9835331282576827,-0.08333333333333334,0.08264721367740345,0.3333333333333333,0.25,0.041666666666666664,0.125,0.08333333333333333,0.11666666666666657,0.125,8.670833333333334,5.745478630065918,3.6531071683628116,5.9505815330284495,0.7499977500067501,0.25,0.16666666666666666,1.5467647565268572,0.05555555555555555,randPep,random_peptide_0382
9,0.3981865944666271,0.1111111111111111,0.044242954940736344,0.5555555555555556,0.1111111111111111,0.1111111111111111,0.0,0.1111111111111111,0.8888888888888888,0.1111111111111111,73.08888888888889,9.410143852233887,2.725480556997868,0.7167345799176849,0.19999964000064796,0.4444444444444444,0.2222222222222222,0.4463866454740953,0.06172839506172839,randPep,random_peptide_0383
15,3.760884074464508,0.26666666666666666,0.2507256049643005,0.4,0.13333333333333333,0.3333333333333333,0.06666666666666667,0.06666666666666667,-0.46,0.13333333333333333,49.04,11.723011589050294,3.32323142879762,9.402186680694568,0.3333325000020833,0.3333333333333333,0.4666666666666667,2.411352509242538,0.16,randPep,random_peptide_0384
10,0.9225509986014648,0.1,0.09225509986014649,0.3,0.4,0.1,0.0,0.4,-1.08,0.2,126.35999999999999,8.214964485168458,3.121928094887362,3.0751597448057337,1.3333288889037038,0.2,0.3,1.459525925346236,0.03,randPep,random_peptide_0385
18,-3.155771742728013,-0.16666666666666666,0.1753206523737785,0.5,0.2777777777777778,0.05555555555555555,0.2222222222222222,0.05555555555555555,0.05000000000000002,0.2222222222222222,26.12777777777778,4.308247947692872,3.614369445886757,6.311530862394301,0.5555544444466667,0.3333333333333333,0.2777777777777778,0.9124150014795993,0.1388888888888889,randPep,random_peptide_0386
17,-2.2280856985556783,-0.11764705882352942,0.13106386462092226,0.29411764705882354,0.0,0.058823529411764705,0.17647058823529413,0.35294117647058826,-0.06470588235294113,0.0,72.43529411764706,4.137446784973144,3.1751231351134614,7.575465618506204,0.0,0.11764705882352941,0.23529411764705882,1.1124193570233274,0.06920415224913495,randPep,random_peptide_0387
10,1.9334409897994749,0.2,0.19334409897994748,0.2,0.2,0.2,0.0,0.3,-1.78,0.0,79.0,11.000901222229004,2.9219280948873623,9.667156613214308,0.9999950000249999,0.1,0.2,1.6234114175235685,0.04000000000000001,randPep,random_peptide_0388
14,-3.242824171041756,-0.2142857142857143,0.231630297931554,0.14285714285714285,0.14285714285714285,0.14285714285714285,0.35714285714285715,0.07142857142857142,-1.85,0.14285714285714285,31.492857142857147,4.10504856109619,3.039148671903071,22.699610300020193,0.9999930000489996,0.14285714285714285,0.2857142857142857,0.6546219741824101,0.07142857142857142,randPep,random_peptide_0389
15,0.8275855822867131,0.06666666666666667,0.05517237215244754,0.3333333333333333,0.26666666666666666,0.13333333333333333,0.06666666666666667,0.4,-0.39999999999999997,0.2,36.10666666666666,8.067976570129392,3.373557262275185,2.482749298612244,0.7999976000072001,0.26666666666666666,0.4666666666666667,1.6245047872497302,0.06666666666666667,randPep,random_peptide_0390
13,-0.04944890150560255,0.0,0.003803761654277119,0.3076923076923077,0.07692307692307693,0.15384615384615385,0.15384615384615385,0.15384615384615385,-0.707692307692308,0.07692307692307693,5.915384615384616,6.444200325012206,3.3927474104487847,0.16070840759088362,0.24999918750264064,0.23076923076923078,0.23076923076923078,0.628799043791529,0.09467455621301776,randPep,random_peptide_0391
22,-2.1939391336809866,-0.0909090909090909,0.09972450607640848,0.4090909090909091,0.2727272727272727,0.045454545454545456,0.13636363636363635,0.3181818181818182,-0.07727272727272733,0.2727272727272727,11.086363636363632,4.137446784973144,3.60693673217532,5.362949217344325,0.6666650370410205,0.4090909090909091,0.2727272727272727,1.6631422527745123,0.0743801652892562,randPep,random_peptide_0392
14,-1.2385441048891663,-0.07142857142857142,0.08846743606351189,0.2857142857142857,0.14285714285714285,0.14285714285714285,0.21428571428571427,0.14285714285714285,-1.1142857142857143,0.14285714285714285,69.79285714285714,4.428973960876465,3.182005814760214,4.3348891949999,0.499998250006125,0.07142857142857142,0.21428571428571427,0.856826190674439,0.10204081632653059,randPep,random_peptide_0393
17,0.9244842195165179,0.05882352941176472,0.05438142467744223,0.29411764705882354,0.23529411764705882,0.17647058823529413,0.11764705882352941,0.23529411764705882,-1.3882352941176468,0.11764705882352941,39.32941176470588,8.17280216217041,3.41041725276052,3.1432356593549193,0.799997280009248,0.17647058823529413,0.29411764705882354,0.8457482125022788,0.08650519031141869,randPep,random_peptide_0394
23,-2.33506456961309,-0.08695652173913043,0.10152454650491696,0.34782608695652173,0.30434782608695654,0.08695652173913043,0.17391304347826086,0.21739130434782608,-0.5086956521739131,0.21739130434782608,20.291304347826088,5.381822776794434,3.6753108689123644,6.713291336925041,0.8749974843822326,0.17391304347826086,0.391304347826087,1.0704017618475201,0.09073724007561436,randPep,random_peptide_0395
22,1.7294914031341122,0.0909090909090909,0.0786132455970051,0.3181818181818182,0.09090909090909091,0.13636363636363635,0.045454545454545456,0.36363636363636365,-0.013636363636363497,0.09090909090909091,52.936363636363645,8.679007911682131,3.629219686524096,5.435527326764183,0.2857133877579242,0.2727272727272727,0.2727272727272727,1.5034042941366268,0.05785123966942149,randPep,random_peptide_0396
7,-1.5084255416178203,-0.14285714285714285,0.21548936308826003,0.14285714285714285,0.0,0.0,0.14285714285714285,0.2857142857142857,0.8142857142857142,0.0,0.3428571428571432,4.0500284194946286,2.1280852788913944,10.558904878990589,0.0,0.14285714285714285,0.14285714285714285,1.0249887820206594,0.02040816326530612,randPep,random_peptide_0397
28,4.84829178270078,0.17857142857142855,0.1731532779535993,0.25,0.14285714285714285,0.2857142857142857,0.10714285714285714,0.17857142857142858,-1.867857142857143,0.10714285714285714,82.45357142857144,11.000192070007323,3.5661089398374806,19.39308955844489,0.5714262857234286,0.17857142857142858,0.39285714285714285,1.4410582255464357,0.09821428571428571,randPep,random_peptide_0398
7,0.8442787994468868,0.14285714285714285,0.12061125706384097,0.5714285714285714,0.42857142857142855,0.14285714285714285,0.0,0.14285714285714285,-0.7428571428571429,0.2857142857142857,49.25714285714287,8.504878807067872,2.5216406363433186,1.4774853134327532,0.7499986875022968,0.5714285714285714,0.14285714285714285,1.0738052984310096,0.08163265306122448,randPep,random_peptide_0399
8,0.8473875624847327,0.125,0.10592344531059159,0.375,0.25,0.25,0.125,0.125,-1.7374999999999998,0.125,38.8875,8.754887199401857,3.0,2.259694140774912,0.6666648888936296,0.125,0.375,0.28733134058746307,0.140625,randPep,random_peptide_0400
14,1.7630038364033536,0.14285714285714285,0.1259288454573824,0.35714285714285715,0.14285714285714285,0.2857142857142857,0.14285714285714285,0.0,-0.32857142857142874,0.14285714285714285,44.81428571428572,10.737290000915529,3.039148671903071,4.936396920018014,0.399998880003136,0.2857142857142857,0.42857142857142855,2.356858050796823,0.15306122448979592,randPep,random_peptide_0401
23,2.7330911490969934,0.13043478260869565,0.11883004996073884,0.34782608695652173,0.17391304347826086,0.17391304347826086,0.043478260869565216,0.17391304347826086,-0.417391304347826,0.17391304347826086,12.21304347826087,11.00038547515869,3.708132064658602,7.8576144630122755,0.4999985625041328,0.21739130434782608,0.34782608695652173,0.5927122267944077,0.07561436672967864,randPep,random_peptide_0402
28,2.845091259422096,0.10714285714285714,0.10161040212221771,0.39285714285714285,0.17857142857142858,0.14285714285714285,0.03571428571428571,0.07142857142857142,0.007142857142857201,0.14285714285714285,37.1,9.825642585754395,3.5086217800361648,7.242032044265587,0.45454429752360637,0.2857142857142857,0.25,1.3748141969004697,0.07015306122448979,randPep,random_peptide_0403
28,5.016609174158056,0.17857142857142858,0.17916461336278772,0.42857142857142855,0.35714285714285715,0.17857142857142858,0.0,0.25,-1.1392857142857138,0.25,41.525,10.565030479431151,3.556656707462823,11.70539409378258,0.8333313888934261,0.17857142857142858,0.35714285714285715,1.3668277790025398,0.07653061224489796,randPep,random_peptide_0404
25,4.006961703840735,0.15999999999999998,0.1602784681536294,0.24,0.28,0.24,0.08,0.12,-1.3719999999999999,0.16,-1.1279999999999994,9.656477546691896,3.4790795706241737,16.695604200985557,1.1666618055758102,0.2,0.36,1.0770655779510117,0.0768,randPep,random_peptide_0405
27,3.7463063802351306,0.14814814814814814,0.1387520881568567,0.37037037037037035,0.2222222222222222,0.18518518518518517,0.037037037037037035,0.3333333333333333,-1.3666666666666663,0.2222222222222222,73.4037037037037,9.863485527038574,3.652130557318382,10.11499991613508,0.599998380004374,0.14814814814814814,0.37037037037037035,1.0763993876646054,0.08230452674897118,randPep,random_peptide_0406
16,-0.256899903935508,0.0,0.01605624399596925,0.3125,0.1875,0.0625,0.0625,0.4375,-0.26875000000000004,0.1875,52.09375000000001,5.988010597229004,3.202819531114783,0.8220770619470275,0.5999980800061441,0.125,0.375,0.6280753703069343,0.0390625,randPep,random_peptide_0407
13,-1.5084255416178203,-0.07692307692307693,0.11603273397060156,0.23076923076923078,0.0,0.0,0.07692307692307693,0.38461538461538464,0.4230769230769231,0.0,101.9076923076923,4.0500284194946286,3.3927474104487847,6.5364823555870135,0.0,0.15384615384615385,0.07692307692307693,0.7647718261684466,0.01775147928994083,randPep,random_peptide_0408
15,-3.1685481581698713,-0.2,0.21123654387799143,0.4,0.13333333333333333,0.0,0.2,0.06666666666666667,0.46000000000000013,0.06666666666666667,86.91999999999999,4.310521507263184,3.3232314287976203,7.921350592048198,0.3333325000020833,0.3333333333333333,0.06666666666666667,0.8513668238228124,0.08000000000000002,randPep,random_peptide_0409
19,-0.24065386692801116,0.0,0.012665992996211115,0.5263157894736842,0.21052631578947367,0.10526315789473684,0.10526315789473684,0.15789473684210525,-0.1105263157894737,0.21052631578947367,19.69473684210526,5.959022712707521,3.5766176449086657,0.45724147840441226,0.399999240001444,0.3157894736842105,0.2631578947368421,1.1253122721788575,0.11080332409972297,randPep,random_peptide_0410
25,0.8399887333942964,0.039999999999999994,0.033599549335771854,0.36,0.2,0.12,0.08,0.32,-0.7799999999999998,0.16,27.400000000000006,8.18440647125244,3.7794705707972507,2.333295555829835,0.5555540123499658,0.24,0.28,1.489801714475039,0.072,randPep,random_peptide_0411
12,-0.16137092022779864,0.0,0.013447576685649887,0.16666666666666666,0.08333333333333333,0.16666666666666666,0.16666666666666666,0.25,-1.55,0.08333333333333333,68.43333333333334,6.241796684265137,3.418295834054489,0.9682197120485196,0.4999970000179999,0.08333333333333333,0.25,1.3811242717369951,0.05555555555555555,randPep,random_peptide_0412
22,-0.5560425989320033,0.0,0.025274663587818328,0.3181818181818182,0.09090909090909091,0.09090909090909091,0.09090909090909091,0.2727272727272727,0.30454545454545445,0.09090909090909091,26.35909090909091,5.859270286560058,3.6635327548042538,1.7475569614644173,0.2857133877579242,0.3181818181818182,0.22727272727272727,1.380710906946183,0.05785123966942149,randPep,random_peptide_0413
29,-1.0643074884208352,-0.034482758620689655,0.036700258221408114,0.41379310344827586,0.1724137931034483,0.034482758620689655,0.06896551724137931,0.20689655172413793,0.5482758620689655,0.10344827586206896,35.96206896551725,5.978063774108887,3.5554141844097327,2.5720702145140004,0.41666565972465575,0.3103448275862069,0.13793103448275862,1.888593452095484,0.04280618311533888,randPep,random_peptide_0414
16,1.1637043897203165,0.0625,0.07273152435751978,0.3125,0.375,0.125,0.0625,0.1875,-1.0,0.125,46.7125,8.162422752380369,3.0,3.7238421308101946,1.1999961600122881,0.25,0.25,1.3230983324573506,0.05859375,randPep,random_peptide_0415
30,0.8373000313619299,0.03333333333333334,0.02791000104539766,0.5,0.26666666666666666,0.1,0.06666666666666667,0.3,-0.06666666666666672,0.23333333333333334,21.869999999999997,8.163969993591309,3.8729055953200557,1.6745967135304325,0.5333322666688,0.36666666666666664,0.3,1.5296859511345153,0.08333333333333334,randPep,random_peptide_0416
19,1.2011736721601474,0.05263157894736842,0.06321966695579723,0.2631578947368421,0.21052631578947367,0.15789473684210525,0.10526315789473684,0.10526315789473684,-0.9526315789473683,0.05263157894736842,66.3736842105263,8.408756446838385,3.4316235658474294,4.564442609326646,0.7999969600115521,0.15789473684210525,0.2631578947368421,1.1800635326399258,0.06925207756232686,randPep,random_peptide_0417
8,-2.52059898456474,-0.25,0.3150748730705925,0.125,0.125,0.0,0.25,0.375,-1.4625,0.0,150.55,4.35116138458252,3.0,20.164630559473444,0.9999920000639995,0.0,0.125,1.0583009502639182,0.03125,randPep,random_peptide_0418
22,-0.14969021550121475,0.0,0.006804100704600671,0.3181818181818182,0.13636363636363635,0.13636363636363635,0.13636363636363635,0.09090909090909091,-0.931818181818182,0.09090909090909091,20.13181818181818,6.754370689392091,3.4771752334356236,0.4704534844357239,0.4285700816368863,0.09090909090909091,0.18181818181818182,1.0353175466176892,0.08677685950413222,randPep,random_peptide_0419
22,-2.5977604226794746,-0.0909090909090909,0.11808001921270339,0.36363636363636365,0.13636363636363635,0.045454545454545456,0.13636363636363635,0.2727272727272727,-0.2954545454545454,0.13636363636363635,49.44090909090909,4.0500284194946286,3.6978458230844113,7.143821516859384,0.3749989687528359,0.2727272727272727,0.13636363636363635,1.0905960155575292,0.06611570247933884,randPep,random_peptide_0420
18,0.7511148442063429,0.05555555555555555,0.04172860245590794,0.4444444444444444,0.3333333333333333,0.16666666666666666,0.1111111111111111,0.16666666666666666,-0.788888888888889,0.3333333333333333,25.08333333333334,8.175123023986817,3.7254805569978675,1.6900045969539286,0.7499983125037969,0.2777777777777778,0.4444444444444444,1.0043194666448583,0.12345679012345678,randPep,random_peptide_0421
27,3.108680417153966,0.1111111111111111,0.11513631174644319,0.18518518518518517,0.18518518518518517,0.25925925925925924,0.14814814814814814,0.18518518518518517,-1.7703703703703706,0.1111111111111111,35.72222222222223,9.110236930847169,3.574357762129128,16.786783603999957,0.9999946000291599,0.1111111111111111,0.4074074074074074,0.8763449368917832,0.07544581618655692,randPep,random_peptide_0422
4,-1.2387776248708526,-0.25,0.30969440621771316,0.5,0.0,0.0,0.25,0.0,1.1,0.0,7.5,4.0500284194946286,2.0,2.477550294641116,0.0,0.5,0.0,2.2588713996153036,0.125,randPep,random_peptide_0423
15,0.7393006329922822,0.06666666666666667,0.04928670886615215,0.4,0.26666666666666666,0.06666666666666667,0.0,0.26666666666666666,0.8133333333333332,0.26666666666666666,-9.553333333333331,8.058370780944824,3.3232314287976203,1.8482469618633008,0.6666650000041666,0.3333333333333333,0.4666666666666667,0.8629592121581561,0.02666666666666667,randPep,random_peptide_0424
22,0.8818532341858794,0.045454545454545456,0.04008423791753997,0.45454545454545453,0.2727272727272727,0.09090909090909091,0.045454545454545456,0.22727272727272727,-0.3727272727272728,0.22727272727272727,52.65454545454545,8.47967166900635,3.5383105956150054,1.9400728470486712,0.599998680002904,0.22727272727272727,0.18181818181818182,1.7671653891665473,0.06198347107438016,randPep,random_peptide_0425
13,0.7590926132903006,0.07692307692307693,0.05839173948386928,0.3076923076923077,0.07692307692307693,0.07692307692307693,0.0,0.5384615384615384,-1.2230769230769232,0.07692307692307693,11.03846153846154,8.747602272033692,2.8073904508767225,2.4670429753038072,0.24999918750264064,0.23076923076923078,0.07692307692307693,1.6421777149164412,0.02366863905325444,randPep,random_peptide_0426
6,-0.1288502159883379,0.0,0.021475035998056318,0.6666666666666666,0.5,0.0,0.0,0.16666666666666666,0.04999999999999997,0.3333333333333333,102.13333333333334,6.772957038879395,1.9182958340544893,0.19327503406995575,0.7499988750016875,0.3333333333333333,0.16666666666666666,0.8378212485037869,0.0,randPep,random_peptide_0427
20,2.9342334499746814,0.15000000000000002,0.14671167249873407,0.35,0.3,0.2,0.05,0.2,-1.17,0.2,49.025499999999994,10.267122077941892,3.484183719779189,8.383500189927119,0.8571404081702625,0.35,0.3,1.2366268820718183,0.0875,randPep,random_peptide_0428
15,1.7601933744301428,0.13333333333333336,0.11734622496200951,0.6,0.2,0.2,0.06666666666666667,0.06666666666666667,0.32666666666666655,0.2,27.906666666666666,10.737290000915529,3.139572261986723,2.933650734632347,0.33333277777870374,0.5333333333333333,0.3333333333333333,0.9627610538257264,0.16,randPep,random_peptide_0429
10,-3.2331567009244324,-0.3,0.3233156700924432,0.3,0.1,0.0,0.3,0.1,-0.6700000000000002,0.1,50.01000000000001,4.0500284194946286,3.121928094887362,10.777153079237845,0.33333222222592596,0.2,0.1,1.4230007276815138,0.09,randPep,random_peptide_0430
14,0.5502328695862384,0.07142857142857142,0.03930234782758846,0.35714285714285715,0.07142857142857142,0.21428571428571427,0.14285714285714285,0.14285714285714285,-0.13571428571428573,0.0,-2.164285714285715,8.485796165466308,3.378783493486176,1.5406477210278486,0.199999440001568,0.35714285714285715,0.21428571428571427,2.1671356519136307,0.12755102040816324,randPep,random_peptide_0431
8,1.7592143732311445,0.25,0.21990179665389306,0.375,0.125,0.375,0.125,0.125,-1.2750000000000001,0.125,21.2875,9.994291877746583,2.75,4.691225818680869,0.3333324444468148,0.25,0.5,1.0275293687481784,0.1875,randPep,random_peptide_0432
18,-3.0278024667345242,-0.16666666666666666,0.168211248151918,0.3888888888888889,0.1111111111111111,0.0,0.16666666666666666,0.3333333333333333,-0.5222222222222221,0.1111111111111111,69.31111111111113,4.0500284194946286,3.266332639970623,7.785757751083131,0.2857135510222974,0.16666666666666666,0.1111111111111111,1.511970136040287,0.06481481481481481,randPep,random_peptide_0433
4,0.7600916142893016,0.25,0.1900229035723254,0.5,0.5,0.25,0.0,0.25,-1.5250000000000001,0.5,0.7750000000000012,9.750021171569824,2.0,1.5201801882182266,0.999998000004,0.25,0.75,1.9372983766059373,0.125,randPep,random_peptide_0434
22,0.6702264569741363,0.04545454545454547,0.030464838953369832,0.22727272727272727,0.22727272727272727,0.18181818181818182,0.13636363636363635,0.22727272727272727,-1.0863636363636362,0.13636363636363635,41.26363636363637,7.979719352722168,3.6635327548042533,2.948983435159085,0.9999956000193599,0.13636363636363635,0.36363636363636365,0.7738659755443945,0.07231404958677685,randPep,random_peptide_0435
8,-2.1459925125698467,-0.25,0.26824906407123084,0.125,0.125,0.125,0.375,0.25,-2.0,0.0,95.62500000000001,4.651157569885254,2.5,17.16780275813671,0.9999920000639995,0.125,0.125,1.0363680280629048,0.0625,randPep,random_peptide_0436
10,-0.23997316679364689,0.0,0.023997316679364687,0.3,0.3,0.2,0.2,0.2,-2.6700000000000004,0.3,-15.45,6.067528343200683,2.6464393446710153,0.799907889619191,0.9999966666777779,0.3,0.2,0.10591599465266917,0.12,randPep,random_peptide_0437
26,0.5785421058129718,0.038461538461538464,0.02225161945434507,0.34615384615384615,0.19230769230769232,0.11538461538461539,0.07692307692307693,0.3076923076923077,-0.846153846153846,0.15384615384615385,44.41538461538462,7.957348823547362,4.132944044980958,1.6713390329247126,0.5555539506219205,0.23076923076923078,0.23076923076923078,1.1441868144217502,0.06656804733727811,randPep,random_peptide_0438
23,-1.552243135859793,-0.043478260869565216,0.06748883199390404,0.2608695652173913,0.08695652173913043,0.08695652173913043,0.13043478260869565,0.30434782608695654,-0.46086956521739136,0.08695652173913043,55.02608695652174,4.78273983001709,3.348798912202497,5.950242544866119,0.3333320555604537,0.21739130434782608,0.21739130434782608,1.4743063862145518,0.05671077504725898,randPep,random_peptide_0439
5,-2.5090082934323648,-0.4,0.501801658686473,0.0,0.2,0.0,0.4,0.2,-2.2600000000000002,0.0,73.2,4.504569816589356,1.9219280948873623,2509008.2934323647,200000.00000000003,0.0,0.0,0.9363527532583348,0.0,randPep,random_peptide_0440
27,0.8149862701999906,0.037037037037037035,0.030184676674073724,0.5185185185185185,0.3333333333333333,0.14814814814814814,0.1111111111111111,0.14814814814814814,-0.08148148148148156,0.2962962962962963,29.637037037037032,8.156749534606934,3.806382299406551,1.5717562041415882,0.6428559030636155,0.4074074074074074,0.4444444444444444,1.6755529666347082,0.1344307270233196,randPep,random_peptide_0441
26,-4.123578135281452,-0.15384615384615385,0.15859915904928662,0.2692307692307692,0.11538461538461539,0.07692307692307693,0.23076923076923078,0.2692307692307692,-0.6538461538461539,0.07692307692307693,90.11153846153846,4.413627433776856,3.5804621997271013,15.316090471280788,0.4285698367406065,0.11538461538461539,0.23076923076923078,1.1708842644716164,0.08284023668639054,randPep,random_peptide_0442
22,-1.2216958703642449,-0.045454545454545456,0.05553163047110204,0.4090909090909091,0.09090909090909091,0.045454545454545456,0.09090909090909091,0.3181818181818182,0.440909090909091,0.09090909090909091,89.0681818181818,4.207870292663575,3.6635327548042538,2.9863603831205507,0.22222167901367354,0.2727272727272727,0.22727272727272727,1.8028485936588439,0.05578512396694215,randPep,random_peptide_0443
22,-2.1664130542327733,-0.09090909090909091,0.09847332064694424,0.45454545454545453,0.18181818181818182,0.0,0.09090909090909091,0.2727272727272727,0.431818181818182,0.13636363636363635,49.627272727272725,4.640017127990721,3.788754913993502,4.766098233895987,0.39999912000193605,0.3181818181818182,0.18181818181818182,1.4606885450062954,0.04132231404958678,randPep,random_peptide_0444
28,0.8002899699777117,0.03571428571428571,0.028581784642061132,0.42857142857142855,0.10714285714285714,0.14285714285714285,0.10714285714285714,0.2857142857142857,-0.7928571428571428,0.10714285714285714,29.09642857142857,8.473031425476076,3.5261298155959175,1.8673389061572132,0.2499994166680278,0.25,0.17857142857142858,1.5025323528266092,0.10714285714285714,randPep,random_peptide_0445
25,-2.8875818803146616,-0.12,0.11550327521258646,0.28,0.16,0.04,0.16,0.24,0.05599999999999998,0.08,56.024,4.871294975280762,3.513269689515108,10.312755598425225,0.5714265306195335,0.24,0.2,1.9067827672638276,0.05600000000000001,randPep,random_peptide_0446
26,-2.159002265706702,-0.07692307692307693,0.083038548681027,0.46153846153846156,0.3076923076923077,0.0,0.07692307692307693,0.15384615384615385,0.23076923076923064,0.2692307692307693,50.66923076923077,4.507184410095214,3.671405583442496,4.677828107070289,0.6666652222253519,0.3076923076923077,0.23076923076923078,1.151210334475383,0.03550295857988166,randPep,random_peptide_0447
27,-1.0043441093547045,-0.037037037037037035,0.03719792997610017,0.2222222222222222,0.2962962962962963,0.07407407407407407,0.1111111111111111,0.37037037037037035,-1.562962962962963,0.18518518518518517,63.151851851851845,6.266010093688965,3.7080481500712317,4.5195281542194765,1.3333273333603333,0.14814814814814814,0.2962962962962963,1.6909749132208722,0.04115226337448559,randPep,random_peptide_0448
29,-1.0778178444380715,-0.034482758620689655,0.03716613256683005,0.3103448275862069,0.1724137931034483,0.10344827586206896,0.13793103448275862,0.2413793103448276,-0.6172413793103447,0.10344827586206896,50.4344827586207,6.028536796569824,4.0472990984266435,3.4729574192154353,0.5555537654378669,0.27586206896551724,0.2413793103448276,1.2943641566228015,0.07491082045184304,randPep,random_peptide_0449
7,-0.5059233806092465,0.0,0.07227476865846379,0.0,0.0,0.2857142857142857,0.2857142857142857,0.2857142857142857,-1.9857142857142858,0.0,88.97142857142858,5.895135688781737,2.2359263506290326,505923.3806092465,0.0,0.0,0.42857142857142855,1.4423407353627211,0.0,randPep,random_peptide_0450
25,3.8442170122627854,0.15999999999999998,0.15376868049051143,0.36,0.28,0.24,0.08,0.08,-0.532,0.24,39.212,10.029298210144042,3.4438561897747237,10.67835092753294,0.7777756172899521,0.24,0.52,1.7465634882871306,0.1152,randPep,random_peptide_0451
3,-1.5387327798425563,-0.3333333333333333,0.5129109266141855,0.3333333333333333,0.0,0.0,0.3333333333333333,0.3333333333333333,-0.16666666666666666,0.0,6.666666666666667,4.0500284194946286,1.584962500721156,4.616184490974197,0.0,0.3333333333333333,0.0,2.1309882944566145,0.1111111111111111,randPep,random_peptide_0452
15,-0.24979937590970713,0.0,0.01665329172731381,0.5333333333333333,0.3333333333333333,0.0,0.0,0.26666666666666666,1.1666666666666667,0.33333333333333337,37.83333333333333,5.518122673034666,3.1898980954642866,0.46837295163141657,0.6249988281271972,0.3333333333333333,0.4,0.994951701534486,0.0,randPep,random_peptide_0453
23,-4.147858754727005,-0.17391304347826086,0.18034168498813063,0.34782608695652173,0.17391304347826086,0.0,0.17391304347826086,0.2608695652173913,-0.45217391304347826,0.13043478260869565,26.94782608695652,4.0500284194946286,3.5013978254341036,11.925059635293689,0.4999985625041328,0.34782608695652173,0.0,1.6755213734630614,0.060491493383742906,randPep,random_peptide_0454
14,-2.1085298378716963,-0.14285714285714285,0.1506092741336926,0.35714285714285715,0.14285714285714285,0.07142857142857142,0.21428571428571427,0.14285714285714285,-0.9928571428571428,0.07142857142857142,45.1,4.752160453796387,3.3248629576173574,5.903867015213107,0.399998880003136,0.14285714285714285,0.14285714285714285,1.7775963308535123,0.10204081632653061,randPep,random_peptide_0455
12,-1.2104034802965047,-0.08333333333333333,0.1008669566913754,0.4166666666666667,0.25,0.08333333333333333,0.16666666666666666,0.16666666666666666,-0.85,0.25,44.375,4.531511497497559,3.084962500721156,2.9049613808042976,0.599998560003456,0.16666666666666666,0.3333333333333333,0.4654012520246022,0.10416666666666667,randPep,random_peptide_0456
28,2.8354685705877185,0.10714285714285714,0.10126673466384709,0.4642857142857143,0.21428571428571427,0.14285714285714285,0.03571428571428571,0.17857142857142858,-0.17142857142857132,0.17857142857142855,57.09285714285714,9.780901527404783,3.722907494321879,6.107149921250641,0.46153746745776236,0.35714285714285715,0.2857142857142857,1.6507719271721042,0.08290816326530612,randPep,random_peptide_0457
26,0.13111276207121358,0.0,0.005042798541200522,0.38461538461538464,0.34615384615384615,0.07692307692307693,0.07692307692307693,0.2692307692307692,-0.7653846153846152,0.2692307692307693,7.26923076923077,7.311620140075684,3.719294525666979,0.34089229506518814,0.8999976600060839,0.34615384615384615,0.23076923076923078,1.3548585786639225,0.0591715976331361,randPep,random_peptide_0458
6,-1.5084255416178203,-0.16666666666666666,0.25140425693630336,0.3333333333333333,0.0,0.0,0.16666666666666666,0.3333333333333333,1.3499999999999999,0.0,8.333333333333334,4.0500284194946286,2.584962500721156,4.525263049064314,0.0,0.3333333333333333,0.16666666666666666,1.2826838183191436,0.05555555555555555,randPep,random_peptide_0459
10,0.7600916142893016,0.1,0.07600916142893016,0.5,0.1,0.1,0.0,0.3,0.05,0.1,-16.5,9.750021171569824,3.121928094887362,1.5201801882182266,0.1999996000008,0.4,0.2,1.376653265226049,0.05,randPep,random_peptide_0460
16,1.8363658114458783,0.125,0.1147728632153674,0.5,0.3125,0.125,0.0,0.1875,0.19999999999999996,0.25,56.106249999999996,9.508071327209475,3.577819531114783,3.6727242774432014,0.6249987500024999,0.25,0.4375,1.154305855803383,0.0625,randPep,random_peptide_0461
8,-0.23989838581069733,0.0,0.029987298226337167,0.875,0.375,0.0,0.0,0.125,1.2125,0.375,5.387500000000001,5.525000190734862,1.811278124459133,0.274169270447345,0.42857093877606994,0.375,0.375,0.8565422169677505,0.0,randPep,random_peptide_0462
26,-4.029892358894588,-0.15384615384615385,0.15499585995748416,0.2692307692307692,0.2692307692307692,0.07692307692307693,0.23076923076923078,0.15384615384615385,-0.9615384615384612,0.19230769230769232,42.86923076923076,4.570389366149903,3.8441065448145375,14.968116022891815,0.9999962857280816,0.19230769230769232,0.2692307692307692,1.4399751852006728,0.08284023668639054,randPep,random_peptide_0463
6,-0.5497545308814108,0.0,0.0916257551469018,0.5,0.16666666666666666,0.0,0.0,0.5,0.4833333333333332,0.16666666666666666,122.70000000000002,5.238076972961425,2.584962500721156,1.099506862749096,0.33333266666799993,0.16666666666666666,0.3333333333333333,1.559647396048222,0.0,randPep,random_peptide_0464
10,-1.2496776159688636,-0.1,0.12496776159688636,0.5,0.2,0.0,0.1,0.3,0.8300000000000001,0.2,12.230000000000002,4.0500284194946286,3.321928094887362,2.499350233237261,0.3999992000016,0.5,0.2,0.8190479001663176,0.05,randPep,random_peptide_0465
17,-0.072395270899003,0.0,0.004258545347000176,0.23529411764705882,0.11764705882352941,0.17647058823529413,0.17647058823529413,0.29411764705882354,-1.7352941176470589,0.058823529411764705,117.09411764705882,6.861625862121582,3.3371753411230776,0.30767859368673955,0.4999978750090312,0.23529411764705882,0.17647058823529413,1.3723147108780955,0.08304498269896195,randPep,random_peptide_0466
7,-0.23908592583548893,0.0,0.03415513226221271,0.42857142857142855,0.2857142857142857,0.14285714285714285,0.14285714285714285,0.14285714285714285,-1.0000000000000002,0.2857142857142857,49.25714285714285,6.000685691833495,2.807354922057604,0.5578658585958042,0.6666651111147408,0.2857142857142857,0.2857142857142857,1.6503815545623242,0.12244897959183672,randPep,random_peptide_0467
26,1.5635582008928428,0.07692307692307693,0.06013685388049395,0.2692307692307692,0.15384615384615385,0.15384615384615385,0.07692307692307693,0.3076923076923077,-1.1730769230769231,0.07692307692307693,45.434615384615384,9.184440040588381,3.9790978911348045,5.807480318389377,0.5714264489874753,0.15384615384615385,0.23076923076923078,1.1952332814036881,0.0621301775147929,randPep,random_peptide_0468
29,-1.0714180163466374,-0.034482758620689655,0.03694544883953922,0.3448275862068966,0.20689655172413793,0.06896551724137931,0.10344827586206896,0.2413793103448276,-0.596551724137931,0.13793103448275862,19.151724137931037,5.99875316619873,3.8833374604210067,3.1071032368058615,0.599998260005046,0.20689655172413793,0.20689655172413793,1.434633506734466,0.05945303210463734,randPep,random_peptide_0469
4,-0.20232395107170498,0.0,0.050580987767926244,0.5,0.25,0.25,0.25,0.0,-1.875,0.25,7.5,6.046100044250489,2.0,0.40464709284922423,0.499999000002,0.25,0.25,1.5477806692164107,0.25,randPep,random_peptide_0470
5,-1.2370879238374872,-0.2,0.24741758476749745,0.4,0.2,0.0,0.2,0.2,0.29999999999999993,0.2,73.2,4.0500284194946286,2.321928094887362,3.0927120778135238,0.49999875000312505,0.4,0.2,1.1266759429190878,0.08000000000000002,randPep,random_peptide_0471
12,0.48856745548517555,0.08333333333333333,0.04071395462376463,0.3333333333333333,0.16666666666666666,0.16666666666666666,0.08333333333333333,0.16666666666666666,0.08333333333333325,0.16666666666666666,32.08333333333333,7.933302116394044,3.0220552088742,1.4656979693616188,0.4999985000045,0.3333333333333333,0.25,0.9103519806762193,0.08333333333333333,randPep,random_peptide_0472
21,2.7354163890371215,0.14285714285714285,0.13025792328748198,0.42857142857142855,0.2857142857142857,0.19047619047619047,0.047619047619047616,0.2857142857142857,-0.5190476190476192,0.2857142857142857,43.13809523809525,9.189468574523925,3.5585186130489057,6.382623348298805,0.6666651111147408,0.2857142857142857,0.42857142857142855,1.6528179875876654,0.1020408163265306,randPep,random_peptide_0473
23,1.753793546338708,0.08695652173913043,0.07625189331907425,0.34782608695652173,0.043478260869565216,0.17391304347826086,0.08695652173913043,0.30434782608695654,-0.10434782608695665,0.043478260869565216,61.76956521739131,9.308992958068849,3.5883543471732335,5.042141949565681,0.1249996406260332,0.30434782608695654,0.21739130434782608,1.2706033795485003,0.09073724007561436,randPep,random_peptide_0474
25,-3.2583360851871856,-0.12,0.13033344340748743,0.44,0.12,0.0,0.12,0.08,1.1159999999999999,0.12,43.048,4.0500284194946286,3.239079570624174,7.405292454306208,0.2727266528939707,0.4,0.12,0.9522993104945254,0.0528,randPep,random_peptide_0475
28,2.4795115303669015,0.10714285714285714,0.08855398322738935,0.35714285714285715,0.17857142857142858,0.14285714285714285,0.03571428571428571,0.21428571428571427,-0.4321428571428572,0.14285714285714285,76.70714285714286,9.626241874694824,3.91379956460568,6.9426128457113565,0.49999860000392005,0.25,0.2857142857142857,1.6375820357098467,0.06377551020408162,randPep,random_peptide_0476
14,-0.04135937238080234,0.0,0.002954240884343024,0.5,0.2857142857142857,0.07142857142857142,0.07142857142857142,0.14285714285714285,-0.20714285714285716,0.2857142857142857,26.48571428571428,6.260269355773925,3.378783493486176,0.08271857932444603,0.5714274285737142,0.35714285714285715,0.2857142857142857,0.6792959534061064,0.07142857142857142,randPep,random_peptide_0477
13,0.8729612449858717,0.07692307692307693,0.0671508649989132,0.46153846153846156,0.38461538461538464,0.15384615384615385,0.07692307692307693,0.23076923076923078,-0.7384615384615386,0.3076923076923077,-2.2769230769230786,8.225924110412599,3.238901256602631,1.8914119327435344,0.8333315277816898,0.3076923076923077,0.46153846153846156,1.0215519712070766,0.10650887573964499,randPep,random_peptide_0478
3,-0.23989838581069733,0.0,0.07996612860356578,0.6666666666666666,0.3333333333333333,0.0,0.0,0.0,1.3999999999999997,0.3333333333333333,6.666666666666667,5.525000190734862,1.584962500721156,0.3598470389454876,0.499999250001125,0.3333333333333333,0.3333333333333333,0.9451631252505218,0.0,randPep,random_peptide_0479
4,-1.5065814756380846,-0.25,0.37664536890952116,0.25,0.5,0.0,0.25,0.25,-1.1500000000000001,0.25,-18.424999999999997,5.4385480880737305,2.0,6.02630179734515,1.9999920000320002,0.25,0.25,0.8782084035125146,0.0625,randPep,random_peptide_0480
17,2.758083612391299,0.17647058823529413,0.16224021249360582,0.5882352941176471,0.17647058823529413,0.17647058823529413,0.0,0.17647058823529413,0.5588235294117647,0.1764705882352941,-6.705882352941176,11.00038547515869,3.146286370662105,4.688734170217119,0.299999490000867,0.5882352941176471,0.29411764705882354,1.6889306659581174,0.10380622837370243,randPep,random_peptide_0481
27,1.54356816335787,0.07407407407407407,0.05716919123547667,0.2962962962962963,0.2222222222222222,0.14814814814814814,0.07407407407407407,0.37037037037037035,-1.47037037037037,0.18518518518518517,-4.944444444444444,9.303448677062985,3.4080531326597554,5.209524969186041,0.749997468758543,0.14814814814814814,0.25925925925925924,0.9643509372076333,0.06584362139917695,randPep,random_peptide_0482
13,1.8480782625190972,0.15384615384615385,0.14215986634762287,0.15384615384615385,0.23076923076923078,0.23076923076923078,0.07692307692307693,0.23076923076923078,-2.384615384615384,0.15384615384615385,51.46153846153847,9.99435634613037,3.0850551027564768,12.012430625575066,1.4999902500633746,0.0,0.38461538461538464,0.7887467235258865,0.04733727810650888,randPep,random_peptide_0483
7,0.758103612191301,0.14285714285714285,0.10830051602732871,0.5714285714285714,0.2857142857142857,0.14285714285714285,0.0,0.14285714285714285,0.10000000000000002,0.2857142857142857,15.385714285714286,8.590879631042483,2.5216406363433186,1.3266789996465274,0.4999991250015312,0.42857142857142855,0.2857142857142857,0.6086366011440578,0.08163265306122448,randPep,random_peptide_0484
24,2.7452056190952883,0.125,0.11438356746230367,0.2916666666666667,0.16666666666666666,0.125,0.0,0.3333333333333333,-0.4833333333333334,0.16666666666666666,55.33333333333333,9.519095420837402,3.4906015629507228,9.412101281122311,0.5714266122516152,0.2916666666666667,0.25,0.9466307915021183,0.036458333333333336,randPep,random_peptide_0485
29,0.4571494562205962,0.034482758620689655,0.015763774352434354,0.41379310344827586,0.20689655172413793,0.034482758620689655,0.0,0.27586206896551724,-0.2758620689655172,0.20689655172413793,-2.117241379310344,8.219219398498538,3.6074753914554893,1.1047751826597496,0.49999879166958683,0.2413793103448276,0.1724137931034483,1.6323756113094923,0.014268727705112961,randPep,random_peptide_0486
23,3.0507237948766366,0.13043478260869565,0.13264016499463638,0.4782608695652174,0.2608695652173913,0.17391304347826086,0.043478260869565216,0.043478260869565216,-0.3565217391304349,0.21739130434782608,29.40869565217392,10.273246574401853,3.555533151426996,6.378772779126248,0.5454534049610623,0.30434782608695654,0.30434782608695654,1.284938700572043,0.10396975425330812,randPep,random_peptide_0487
11,1.7592143732311445,0.1818181818181818,0.1599285793846495,0.36363636363636365,0.18181818181818182,0.2727272727272727,0.09090909090909091,0.18181818181818182,-0.3181818181818182,0.18181818181818182,2.2363636363636363,9.994291877746583,3.0957952550009344,4.837826222363536,0.4999986250037813,0.2727272727272727,0.45454545454545453,1.8333914026565485,0.1322314049586777,randPep,random_peptide_0488
10,-1.2380869248364883,-0.1,0.12380869248364883,0.4,0.2,0.0,0.1,0.2,-0.5700000000000001,0.2,-7.030000000000001,4.0500284194946286,2.9219280948873623,3.095209574067286,0.49999875000312505,0.1,0.1,0.4387725282497043,0.04000000000000001,randPep,random_peptide_0489
7,-0.5379203198673479,0.0,0.0768457599810497,0.14285714285714285,0.0,0.2857142857142857,0.2857142857142857,0.2857142857142857,-2.185714285714286,0.0,8.571428571428571,5.788733100891113,2.5216406363433186,3.7654158811602674,0.0,0.14285714285714285,0.2857142857142857,1.124721871673968,0.08163265306122448,randPep,random_peptide_0490
14,0.8447671976655053,0.07142857142857142,0.06034051411896467,0.14285714285714285,0.21428571428571427,0.2857142857142857,0.21428571428571427,0.14285714285714285,-2.3571428571428568,0.14285714285714285,-1.1,8.23082370758057,2.7534343861887853,5.913328990355605,1.4999895000734995,0.07142857142857142,0.42857142857142855,1.010236567472722,0.07142857142857142,randPep,random_peptide_0491
19,-1.288590876330539,-0.05263157894736842,0.06782057243844941,0.3684210526315789,0.21052631578947367,0.0,0.05263157894736842,0.5263157894736842,0.394736842105263,0.21052631578947367,15.010526315789473,4.0500284194946286,3.321104330578489,3.4975943137126118,0.5714270204123733,0.3157894736842105,0.3684210526315789,0.560757419836692,0.019390581717451522,randPep,random_peptide_0492
23,-2.0598173253142606,-0.08695652173913043,0.0895572750136635,0.391304347826087,0.21739130434782608,0.043478260869565216,0.13043478260869565,0.13043478260869565,-0.31304347826086965,0.13043478260869565,16.77826086956522,5.274681282043456,3.708132064658602,5.263964156783599,0.5555541358060974,0.21739130434782608,0.13043478260869565,1.3737572167443817,0.06805293005671077,randPep,random_peptide_0493
10,-0.545843307768358,0.0,0.0545843307768358,0.1,0.0,0.2,0.2,0.4,-1.47,0.0,102.11000000000001,5.787084770202637,3.1219280948873624,5.458378493898641,0.0,0.1,0.3,0.959611600192798,0.04000000000000001,randPep,random_peptide_0494
13,0.498356685543343,0.07692307692307693,0.03833512965718023,0.38461538461538464,0.23076923076923078,0.07692307692307693,0.0,0.38461538461538464,0.123076923076923,0.23076923076923078,30.29230769230769,8.344739341735842,3.180832987205441,1.2957240135302566,0.599998440004056,0.3076923076923077,0.23076923076923078,0.2419526393442246,0.02958579881656805,randPep,random_peptide_0495
14,-2.2375451038901657,-0.14285714285714285,0.159824650277869,0.42857142857142855,0.21428571428571427,0.07142857142857142,0.21428571428571427,0.21428571428571427,-0.4857142857142857,0.21428571428571427,6.242857142857145,4.0500284194946286,3.182005814760214,5.220926393582135,0.4999988333360556,0.2857142857142857,0.21428571428571427,0.9958881730453816,0.12244897959183672,randPep,random_peptide_0496
11,1.7618930753635103,0.1818181818181818,0.16017209776031913,0.36363636363636365,0.18181818181818182,0.2727272727272727,0.09090909090909091,0.09090909090909091,-0.7363636363636364,0.18181818181818182,10.981818181818182,10.835024070739745,3.0957952550009344,4.845192632969913,0.4999986250037813,0.2727272727272727,0.45454545454545453,1.064613634788176,0.1322314049586777,randPep,random_peptide_0497
21,-3.243823172040757,-0.14285714285714285,0.1544677700971789,0.38095238095238093,0.19047619047619047,0.09523809523809523,0.23809523809523808,0.19047619047619047,-0.6476190476190476,0.19047619047619047,25.17619047619048,4.10504856109619,3.6897037321995474,8.515013474696618,0.49999868750344534,0.3333333333333333,0.23809523809523808,1.0537840923641448,0.12698412698412698,randPep,random_peptide_0498
24,-1.1209977700622291,-0.04166666666666666,0.04670824041925955,0.3333333333333333,0.16666666666666666,0.125,0.16666666666666666,0.16666666666666666,-0.7791666666666667,0.125,36.608333333333334,5.485781288146971,3.6887218755408675,3.362983221237024,0.4999985000045,0.16666666666666666,0.2916666666666667,0.8136939882891412,0.09722222222222221,randPep,random_peptide_0499
21,1.927162921648884,0.09523809523809523,0.09176966293566113,0.2857142857142857,0.09523809523809523,0.19047619047619047,0.09523809523809523,0.23809523809523808,-0.661904761904762,0.0,89.57142857142858,9.196946907043458,3.499227541723357,6.745046618107931,0.33333216667075,0.2857142857142857,0.23809523809523808,1.7746542929825369,0.08163265306122448,randPep,random_peptide_0500
7,0.8462668015448875,0.14285714285714285,0.12089525736355536,0.2857142857142857,0.2857142857142857,0.14285714285714285,0.0,0.2857142857142857,-1.9714285714285715,0.14285714285714285,112.37142857142857,8.75482273101807,2.807354922057604,2.9619234386750715,0.99999650001225,0.2857142857142857,0.14285714285714285,0.93882807058159,0.04081632653061224,randPep,random_peptide_0501
3,-0.15272419755611044,0.0,0.05090806585203681,0.0,0.3333333333333333,0.0,0.0,0.3333333333333333,-1.4333333333333333,0.0,-56.2,6.741127204895021,1.584962500721156,152724.19755611045,333333.3333333333,0.0,0.0,0.8875684637129565,0.0,randPep,random_peptide_0502
8,-0.23989838581069733,0.0,0.029987298226337167,0.375,0.0,0.0,0.0,0.375,0.03749999999999995,0.0,78.32499999999999,5.525000190734862,3.0,0.6397273228889986,0.0,0.25,0.0,0.7529204351570291,0.0,randPep,random_peptide_0503
21,0.837486572385723,0.047619047619047616,0.03988031297074871,0.47619047619047616,0.19047619047619047,0.09523809523809523,0.047619047619047616,0.14285714285714285,0.3619047619047619,0.14285714285714285,62.55714285714286,8.230952644348147,3.7256507561120933,1.7587181087019903,0.399999160001764,0.3333333333333333,0.2857142857142857,0.9739415265028597,0.06802721088435373,randPep,random_peptide_0504
3,-1.2370879238374872,-0.3333333333333333,0.4123626412791624,0.0,0.0,0.0,0.3333333333333333,0.0,-0.6666666666666666,0.0,-18.46666666666667,4.0500284194946286,1.584962500721156,1237087.9238374874,0.0,0.0,0.0,1.5645375603601777,0.0,randPep,random_peptide_0505
4,-1.2454977133625595,-0.25,0.3113744283406399,0.25,0.0,0.0,0.25,0.5,0.0,0.0,0.30000000000000027,4.299381065368652,2.0,4.981970925566537,0.0,0.25,0.25,2.5,0.0625,randPep,random_peptide_0506
18,-4.230346238951221,-0.2222222222222222,0.2350192354972901,0.3333333333333333,0.16666666666666666,0.0,0.2222222222222222,0.2222222222222222,0.038888888888888945,0.16666666666666666,14.488888888888889,4.0500284194946286,3.30827083453526,12.691000643851734,0.4999985000045,0.2777777777777778,0.16666666666666666,1.6241088441316476,0.07407407407407407,randPep,random_peptide_0507
28,2.0169143056519627,0.07142857142857142,0.07203265377328438,0.32142857142857145,0.14285714285714285,0.14285714285714285,0.07142857142857142,0.25,-0.47857142857142854,0.10714285714285714,28.439285714285713,8.770810890197755,3.967720100474499,6.274824984795043,0.4444430617326968,0.21428571428571427,0.32142857142857145,1.0674205153902134,0.06887755102040817,randPep,random_peptide_0508
20,-0.3623394223774863,0.0,0.018116971118874316,0.25,0.15,0.2,0.2,0.25,-1.1949999999999998,0.05,78.44999999999999,6.6675207138061525,3.1464393446710153,1.449351892102377,0.5999976000096,0.25,0.25,1.393067426689891,0.1,randPep,random_peptide_0509
21,-0.1588905056658585,0.0,0.0075662145555170715,0.3333333333333333,0.23809523809523808,0.14285714285714285,0.14285714285714285,0.09523809523809523,-0.43809523809523815,0.19047619047619047,-7.09047619047619,6.749198341369629,3.8208888513501886,0.4766700869873146,0.714283571435,0.23809523809523808,0.3333333333333333,0.9975568938735201,0.09523809523809523,randPep,random_peptide_0510
26,-2.148671214702212,-0.07692307692307693,0.08264120056546968,0.34615384615384615,0.15384615384615385,0.038461538461538464,0.11538461538461539,0.3076923076923077,-0.8269230769230769,0.11538461538461539,46.21153846153847,4.536456489562989,3.507380102423635,6.207254465960156,0.4444431604975364,0.23076923076923078,0.15384615384615385,1.5377461624877986,0.05325443786982249,randPep,random_peptide_0511
29,1.8365893315275628,0.06896551724137931,0.06333066660439872,0.41379310344827586,0.1724137931034483,0.13793103448275862,0.06896551724137931,0.20689655172413793,-0.3413793103448276,0.13793103448275862,19.882758620689664,9.194239234924318,3.8573068568981284,4.438413491692339,0.41666565972465575,0.27586206896551724,0.2413793103448276,1.4349519804564415,0.08561236623067776,randPep,random_peptide_0512
20,1.8392780335599297,0.1,0.09196390167799648,0.35,0.3,0.2,0.1,0.15,-0.8899999999999999,0.25,106.8555,9.309379768371581,3.646439344671015,5.255065081413853,0.8571404081702625,0.3,0.45,1.3882935019183904,0.10500000000000001,randPep,random_peptide_0513
13,1.8354885703877208,0.15384615384615385,0.14119142849136315,0.3076923076923077,0.23076923076923078,0.23076923076923078,0.07692307692307693,0.23076923076923078,-1.446153846153846,0.15384615384615385,0.630769230769231,9.196495628356931,3.3927474104487847,5.965318466475077,0.7499975625079219,0.15384615384615385,0.38461538461538464,0.47959127520542116,0.09467455621301776,randPep,random_peptide_0514
12,-3.160240159387953,-0.25,0.26335334661566273,0.6666666666666666,0.25,0.0,0.25,0.0,1.1333333333333335,0.25,11.858333333333336,4.0500284194946286,2.688721875540867,4.740353128552237,0.37499943750084375,0.6666666666666666,0.16666666666666666,1.1007996768509463,0.16666666666666666,randPep,random_peptide_0515
5,-0.2397766258698535,0.0,0.0479553251739707,0.4,0.4,0.2,0.2,0.2,-1.8,0.4,-12.46,5.835682106018066,2.321928094887362,0.5994400660744685,0.9999975000062501,0.2,0.6,0.8463191422702689,0.16000000000000003,randPep,random_peptide_0516
29,2.9722379456191534,0.10344827586206896,0.10249096364203977,0.3793103448275862,0.3103448275862069,0.20689655172413793,0.10344827586206896,0.1724137931034483,-1.5551724137931031,0.24137931034482762,5.7586206896551735,10.256936073303223,3.767993392560786,7.835879380223039,0.8181796611627116,0.1724137931034483,0.41379310344827586,1.2895057780170023,0.11771700356718193,randPep,random_peptide_0517
23,-3.0045830020369557,-0.13043478260869565,0.13063404356682415,0.2608695652173913,0.13043478260869565,0.043478260869565216,0.17391304347826086,0.34782608695652173,-0.6478260869565217,0.043478260869565216,54.708695652173915,4.7243661880493155,3.7950885863977324,11.51752402396624,0.4999980833406806,0.21739130434782608,0.13043478260869565,2.067207701371057,0.05671077504725898,randPep,random_peptide_0518
19,2.746316380135132,0.15789473684210525,0.14454296737553327,0.42105263157894735,0.21052631578947367,0.21052631578947367,0.05263157894736842,0.15789473684210525,-0.08421052631578953,0.21052631578947367,18.205263157894734,9.517806053161618,3.6818808028034016,6.522485911916898,0.49999881250282036,0.42105263157894735,0.3684210526315789,0.7620834636258081,0.11080332409972297,randPep,random_peptide_0519
16,-0.25067661696786425,0.0,0.015667288560491516,0.6875,0.1875,0.0625,0.0625,0.1875,1.3812499999999999,0.1875,47.074999999999996,5.828008842468263,3.375,0.3646200034150703,0.2727268760336348,0.5625,0.25,1.5296760489510968,0.0859375,randPep,random_peptide_0520
28,0.9476188765803433,0.03571428571428571,0.033843531306440834,0.42857142857142855,0.25,0.03571428571428571,0.0,0.14285714285714285,0.19999999999999993,0.24999999999999997,54.56071428571429,8.638199424743654,3.464153476542004,2.2111055527745114,0.5833319722253982,0.25,0.2857142857142857,1.3197069658381448,0.01530612244897959,randPep,random_peptide_0521
19,0.4815095323649028,0.05263157894736842,0.02534260696657383,0.2631578947368421,0.21052631578947367,0.10526315789473684,0.05263157894736842,0.3157894736842105,-0.44210526315789483,0.15789473684210525,65.4578947368421,7.900810050964356,3.5766176449086644,1.8297292700154049,0.7999969600115521,0.21052631578947367,0.2631578947368421,1.5788055182941247,0.04155124653739612,randPep,random_peptide_0522
6,-1.2397766258698537,-0.16666666666666666,0.20662943764497563,0.6666666666666666,0.3333333333333333,0.0,0.16666666666666666,0.16666666666666666,1.05,0.3333333333333333,-4.233333333333333,4.0500284194946286,2.2516291673878226,1.8596621493115566,0.499999250001125,0.6666666666666666,0.16666666666666666,0.6495725089968358,0.1111111111111111,randPep,random_peptide_0523
7,-1.241751634169007,-0.14285714285714285,0.17739309059557243,0.2857142857142857,0.2857142857142857,0.0,0.14285714285714285,0.5714285714285714,-1.3714285714285717,0.2857142857142857,28.057142857142857,4.598865699768066,2.521640636343318,4.346115508187246,0.99999650001225,0.14285714285714285,0.42857142857142855,0.7715479291390935,0.04081632653061224,randPep,random_peptide_0524
10,-0.24538595332171642,0.0,0.02453859533217164,0.1,0.0,0.2,0.2,0.2,-1.8200000000000003,0.0,50.75,6.128573417663574,2.9219280948873623,2.4538349948672153,0.0,0.0,0.3,0.23933271391438832,0.04000000000000001,randPep,random_peptide_0525
17,0.7609040742645101,0.058823529411764705,0.044759063192030005,0.47058823529411764,0.058823529411764705,0.11764705882352941,0.058823529411764705,0.29411764705882354,0.2529411764705882,0.058823529411764705,22.08235294117647,8.589912605285647,3.5724694587701364,1.616917721861925,0.12499973437556446,0.4117647058823529,0.11764705882352941,1.0490469135981908,0.08304498269896193,randPep,random_peptide_0526
12,-3.1584286984137435,-0.25,0.2632023915344786,0.25,0.16666666666666666,0.08333333333333333,0.3333333333333333,0.25,-1.3666666666666665,0.16666666666666666,80.35833333333335,4.0500284194946286,3.0220552088742,12.633664258997939,0.6666640000106666,0.25,0.16666666666666666,0.5610757389637485,0.10416666666666666,randPep,random_peptide_0527
8,0.8462668015448875,0.125,0.10578335019311094,0.5,0.375,0.125,0.0,0.125,0.12499999999999997,0.25,-14.825,8.75482273101807,2.75,1.692530218029339,0.749998500003,0.5,0.25,0.5945010155626955,0.0625,randPep,random_peptide_0528
24,-1.2559656840194555,-0.04166666666666667,0.05233190350081065,0.2916666666666667,0.16666666666666666,0.08333333333333333,0.125,0.2916666666666667,-0.7791666666666667,0.16666666666666666,51.64166666666667,4.67906551361084,3.91829583405449,4.30615329554112,0.5714266122516152,0.16666666666666666,0.25,1.118106195861243,0.06076388888888889,randPep,random_peptide_0529
6,-1.1151397629171171,-0.16666666666666666,0.18585662715285287,0.5,0.5,0.0,0.16666666666666666,0.0,-0.8666666666666668,0.3333333333333333,28.900000000000002,5.24182834625244,2.584962500721156,2.2302750652841037,0.999998000004,0.16666666666666666,0.16666666666666666,0.9351173426070357,0.08333333333333333,randPep,random_peptide_0530
28,0.7265143999371122,0.03571428571428571,0.025946942854896866,0.5357142857142857,0.2857142857142857,0.07142857142857142,0.03571428571428571,0.25,0.7714285714285716,0.2857142857142857,57.31464285714286,7.923760795593263,3.8248629576173556,1.3561576817216034,0.5333323377796361,0.4642857142857143,0.32142857142857145,1.4682881932611063,0.057397959183673464,randPep,random_peptide_0531
4,-1.2747918392040127,-0.25,0.3186979598010032,0.25,0.0,0.0,0.25,0.5,0.625,0.0,-13.725000000000001,4.0500284194946286,2.0,5.099146960228211,0.0,0.25,0.25,2.0846162716432968,0.0625,randPep,random_peptide_0532
17,-2.281760607388969,-0.11764705882352942,0.13422121219935113,0.23529411764705882,0.058823529411764705,0.058823529411764705,0.17647058823529413,0.29411764705882354,-0.2176470588235295,0.058823529411764705,59.74705882352941,4.0500284194946286,3.6168746059562227,9.697441367277309,0.2499989375045156,0.17647058823529413,0.23529411764705882,1.6712660057168476,0.05536332179930796,randPep,random_peptide_0533
29,2.738403392134123,0.10344827586206896,0.09442770317703872,0.3793103448275862,0.20689655172413793,0.13793103448275862,0.034482758620689655,0.2413793103448276,-0.18275862068965523,0.20689655172413793,29.23103448275862,9.38783779144287,3.771437029461126,7.219408091732265,0.5454531074418077,0.27586206896551724,0.3793103448275862,0.9218060521540837,0.06539833531510107,randPep,random_peptide_0534
10,0.8401652745180881,0.1,0.0840165274518088,0.2,0.1,0.2,0.1,0.2,-0.9500000000000002,0.0,52.32,8.258545112609863,2.9219280948873623,4.200805368563597,0.49999750001249993,0.2,0.3,0.9257637461976044,0.06000000000000001,randPep,random_peptide_0535
5,-0.20412541214591307,0.0,0.04082508242918261,0.2,0.0,0.0,0.0,0.6,-0.24000000000000005,0.0,-12.84,5.57001667022705,1.9219280948873623,1.0206219576197773,0.0,0.0,0.0,1.1370183893627102,0.0,randPep,random_peptide_0536
14,-1.1504926755764224,-0.07142857142857142,0.08217804825545874,0.21428571428571427,0.14285714285714285,0.07142857142857142,0.14285714285714285,0.21428571428571427,-1.257142857142857,0.07142857142857142,1.1428571428571452,5.210851097106932,3.3787834934861767,5.368940764299738,0.666663555570074,0.14285714285714285,0.14285714285714285,0.7005539441183751,0.04591836734693877,randPep,random_peptide_0537
12,0.7590926132903006,0.08333333333333333,0.06325771777419172,0.3333333333333333,0.25,0.08333333333333333,0.0,0.25,-0.6250000000000003,0.25,32.741666666666674,8.747602272033692,3.084962500721156,2.277271008057878,0.7499977500067501,0.3333333333333333,0.25,1.259432482539586,0.027777777777777776,randPep,random_peptide_0538
15,2.7363036299952794,0.2,0.1824202419996853,0.3333333333333333,0.26666666666666666,0.2,0.0,0.26666666666666666,-0.8200000000000001,0.26666666666666666,67.25333333333333,9.307703590393068,3.32323142879762,8.208886263327049,0.7999976000072001,0.13333333333333333,0.5333333333333333,0.8143109066087123,0.06666666666666667,randPep,random_peptide_0539
3,-1.1631723813020067,-0.3333333333333333,0.3877241271006689,0.3333333333333333,0.0,0.0,0.3333333333333333,0.3333333333333333,-1.0666666666666667,0.0,115.33333333333334,4.0500284194946286,1.584962500721156,3.4895066753859947,0.0,0.3333333333333333,0.0,2.4333333333333327,0.1111111111111111,randPep,random_peptide_0540
9,0.7590926132903006,0.1111111111111111,0.08434362369892229,0.6666666666666666,0.4444444444444444,0.1111111111111111,0.0,0.2222222222222222,0.06666666666666658,0.4444444444444444,-6.31111111111111,8.747602272033692,2.94770277922009,1.138637211979633,0.6666656666681666,0.4444444444444444,0.4444444444444444,1.1887294171755298,0.07407407407407407,randPep,random_peptide_0541
9,-2.257458844129028,-0.2222222222222222,0.2508287604587809,0.4444444444444444,0.0,0.0,0.2222222222222222,0.2222222222222222,1.5333333333333334,0.0,33.87777777777778,4.0500284194946286,2.2810361125534238,5.079270970930629,0.0,0.4444444444444444,0.2222222222222222,0.48813847980801217,0.09876543209876543,randPep,random_peptide_0542
17,-3.516493862941386,-0.1764705882352941,0.20685258017302272,0.35294117647058826,0.23529411764705882,0.058823529411764705,0.23529411764705882,0.29411764705882354,-1.0176470588235293,0.17647058823529413,34.98823529411764,4.484505653381347,3.0130709291038453,9.963371048782623,0.6666647777831296,0.35294117647058826,0.11764705882352941,0.7866399956718432,0.10380622837370243,randPep,random_peptide_0543
27,-0.07885357073799737,0.0,0.0029205026199258283,0.18518518518518517,0.037037037037037035,0.07407407407407407,0.07407407407407407,0.4074074074074074,1.644774851296528e-17,0.037037037037037035,8.622222222222222,6.2458890914917,3.5562012808079033,0.4258069826274796,0.19999892000583197,0.14814814814814814,0.25925925925925924,1.8899044776519303,0.02743484224965706,randPep,random_peptide_0544
29,-1.1508267994994639,-0.034482758620689655,0.039683682741360825,0.3448275862068966,0.2413793103448276,0.0,0.034482758620689655,0.1724137931034483,0.31724137931034463,0.10344827586206896,61.27241379310345,6.358543968200683,3.5519705475093923,3.337388040123129,0.699997970005887,0.3103448275862069,0.06896551724137931,1.5291737020298712,0.011890606420927468,randPep,random_peptide_0545
5,0.7590926132903006,0.2,0.15181852265806012,0.8,0.4,0.2,0.0,0.0,-0.2200000000000001,0.4,-57.879999999999995,8.747602272033692,2.321928094887362,0.9488645805321501,0.49999937500078123,0.4,0.4,1.5657886977333368,0.16000000000000003,randPep,random_peptide_0546
17,-2.2330449408835897,-0.11764705882352941,0.13135558475785822,0.5294117647058824,0.11764705882352941,0.11764705882352941,0.23529411764705882,0.11764705882352941,0.0176470588235294,0.11764705882352941,75.62352941176471,4.316716957092285,3.454822399946607,4.217965809955806,0.22222180246992865,0.35294117647058826,0.23529411764705882,2.0617358984638354,0.18685121107266434,randPep,random_peptide_0547
12,1.5364106564741746,0.16666666666666666,0.1280342213728479,0.3333333333333333,0.08333333333333333,0.16666666666666666,0.0,0.3333333333333333,-0.024999999999999984,0.0,58.40833333333334,9.499819374084474,3.418295834054489,4.609218141768099,0.24999925000225,0.25,0.25,0.5699468300429262,0.05555555555555555,randPep,random_peptide_0548
7,-0.20973473959777622,0.0,0.029962105656825173,0.2857142857142857,0.0,0.14285714285714285,0.14285714285714285,0.42857142857142855,-0.14285714285714285,0.0,13.185714285714289,6.1236284255981435,2.807354922057604,0.7340690193506492,0.0,0.14285714285714285,0.2857142857142857,0.8877560188368501,0.08163265306122448,randPep,random_peptide_0549
16,1.8463885614857316,0.125,0.11539928509285823,0.25,0.0625,0.1875,0.0625,0.1875,-1.15,0.0,-17.14375,9.99435634613037,3.5,7.385524703844112,0.24999900000400002,0.125,0.1875,0.9739055596559776,0.0625,randPep,random_peptide_0550
27,0.9221155649954214,0.037037037037037035,0.03415242833316375,0.37037037037037035,0.1111111111111111,0.1111111111111111,0.07407407407407407,0.2222222222222222,-0.3777777777777779,0.07407407407407407,21.822222222222223,8.598100090026858,3.778423503030126,2.489705303283319,0.299999190002187,0.18518518518518517,0.14814814814814814,1.4586497334585493,0.06858710562414265,randPep,random_peptide_0551
3,-0.24979937590970713,0.0,0.08326645863656905,0.0,0.0,0.0,0.0,0.3333333333333333,0.5666666666666667,0.0,47.800000000000004,5.518122673034666,0.9182958340544896,249799.37590970713,0.0,0.0,0.3333333333333333,0.9666666666666667,0.0,randPep,random_peptide_0552
27,1.9594247334060917,0.07407407407407407,0.07257128642244784,0.37037037037037035,0.2222222222222222,0.1111111111111111,0.037037037037037035,0.14814814814814814,-0.3814814814814816,0.14814814814814814,72.22222222222221,9.314279365539551,3.7178504651264324,5.290432496028709,0.599998380004374,0.14814814814814814,0.25925925925925924,0.9402538243190196,0.05486968449931412,randPep,random_peptide_0553
15,-4.146859753728004,-0.26666666666666666,0.27645731691520026,0.3333333333333333,0.26666666666666666,0.0,0.26666666666666666,0.2,-1.14,0.2,95.54666666666668,4.0500284194946286,3.5068905956085183,12.440541939558194,0.7999976000072001,0.26666666666666666,0.06666666666666667,1.151097479450783,0.08888888888888888,randPep,random_peptide_0554
6,0.836375811345879,0.16666666666666666,0.1393959685576465,0.5,0.3333333333333333,0.16666666666666666,0.0,0.16666666666666666,0.46666666666666656,0.16666666666666666,142.31666666666666,8.231146049499515,2.584962500721156,1.6727482771952036,0.6666653333359999,0.3333333333333333,0.5,0.7446102634562894,0.08333333333333333,randPep,random_peptide_0555
10,-1.2584578451280288,-0.1,0.12584578451280287,0.2,0.1,0.1,0.2,0.4,0.16999999999999998,0.1,19.770000000000003,4.207813453674317,2.721928094887362,6.292257764351322,0.49999750001249993,0.2,0.4,0.5719806611351632,0.06000000000000001,randPep,random_peptide_0556
14,1.489566456484177,0.14285714285714285,0.10639760403458408,0.2857142857142857,0.0,0.21428571428571427,0.07142857142857142,0.14285714285714285,-0.21428571428571422,0.0,72.6857142857143,9.303577613830566,3.182005814760214,5.213464350569393,0.0,0.21428571428571427,0.2857142857142857,1.767193770119566,0.08163265306122448,randPep,random_peptide_0557
9,-2.234475962323705,-0.2222222222222222,0.2482751069248561,0.4444444444444444,0.0,0.0,0.2222222222222222,0.2222222222222222,0.25555555555555554,0.0,26.244444444444444,4.0500284194946286,2.725480556997868,5.027559603219229,0.0,0.2222222222222222,0.0,0.8492146329942849,0.09876543209876543,randPep,random_peptide_0558
23,-0.010502227048010848,0.0,0.0004566185673048195,0.43478260869565216,0.30434782608695654,0.08695652173913043,0.08695652173913043,0.2608695652173913,0.19999999999999982,0.21739130434782608,56.81739130434783,6.985989570617675,3.6753108689123644,0.02415506665377165,0.6999983900037031,0.391304347826087,0.34782608695652173,1.9066848821490878,0.07561436672967864,randPep,random_peptide_0559
25,0.548925567622601,0.039999999999999994,0.02195702270490404,0.4,0.24,0.12,0.08,0.24,-0.8599999999999999,0.2,27.552400000000002,8.17989368438721,3.783465189601646,1.372310488280282,0.59999850000375,0.36,0.2,0.9096344622800678,0.08000000000000002,randPep,random_peptide_0560
8,0.9245390006994656,0.125,0.1155673750874332,0.375,0.375,0.125,0.0,0.125,-0.1750000000000001,0.125,8.75,8.267119407653809,2.75,2.4654307607165467,0.9999973333404445,0.25,0.375,0.9118617614719189,0.046875,randPep,random_peptide_0561
9,-1.545833307868357,-0.1111111111111111,0.17175925642981746,0.1111111111111111,0.0,0.1111111111111111,0.2222222222222222,0.3333333333333333,-1.2,0.0,20.85555555555556,4.368724632263183,2.94770277922009,13.91237455944418,0.0,0.0,0.2222222222222222,0.8857267384200722,0.037037037037037035,randPep,random_peptide_0562
30,-1.0384271504667484,-0.03333333333333334,0.034614238348891616,0.4,0.23333333333333334,0.06666666666666667,0.1,0.3,-0.44666666666666666,0.23333333333333334,33.489999999999995,4.558737373352051,3.552584246172162,2.596061386013406,0.5833318750036458,0.26666666666666666,0.26666666666666666,1.3974625767992497,0.06666666666666668,randPep,random_peptide_0563
30,-0.26837845508238534,0.0,0.008945948502746178,0.23333333333333334,0.0,0.13333333333333333,0.13333333333333333,0.26666666666666666,-0.58,0.0,-13.769999999999998,6.220482063293456,3.764735178725505,1.150188449545439,0.0,0.16666666666666666,0.16666666666666666,1.374368346149316,0.06222222222222222,randPep,random_peptide_0564
21,-0.16351242861327875,0.0,0.0077863061244418455,0.2857142857142857,0.23809523809523808,0.047619047619047616,0.047619047619047616,0.2857142857142857,-0.8380952380952381,0.19047619047619047,25.390476190476186,6.733567619323731,3.6537567082870006,0.5722914971262357,0.833330416676875,0.23809523809523808,0.19047619047619047,1.1578280344399567,0.027210884353741492,randPep,random_peptide_0565
20,0.5402101195463844,0.05,0.027010505977319223,0.4,0.2,0.1,0.05,0.3,-0.07000000000000005,0.15,86.81000000000002,7.992355155944824,3.4841837197791885,1.3505219225611547,0.49999875000312505,0.2,0.3,0.8478184286811179,0.06000000000000001,randPep,random_peptide_0566
7,2.7472036210932904,0.42857142857142855,0.39245766015618433,0.14285714285714285,0.14285714285714285,0.42857142857142855,0.0,0.42857142857142855,-2.0571428571428574,0.14285714285714285,42.4,9.790184974670407,2.1280852788913944,19.230290735617885,0.9999930000489996,0.0,0.7142857142857143,1.4061946095757067,0.06122448979591836,randPep,random_peptide_0567
5,-0.23989838581069733,0.0,0.04797967716213947,0.4,0.4,0.0,0.0,0.4,-1.1,0.4,-37.14,5.525000190734862,2.321928094887362,0.5997444651655804,0.9999975000062501,0.2,0.4,0.34279751535362246,0.0,randPep,random_peptide_0568
28,-4.057985610783081,-0.14285714285714285,0.1449280575279672,0.42857142857142855,0.25,0.03571428571428571,0.17857142857142858,0.14285714285714285,-0.5428571428571428,0.24999999999999997,43.886071428571434,4.0500284194946286,3.521640636343318,9.468610998401529,0.5833319722253982,0.25,0.21428571428571427,1.2033358993565775,0.09183673469387756,randPep,random_peptide_0569
25,-4.167362053915734,-0.15999999999999998,0.16669448215662935,0.32,0.2,0.08,0.24,0.16,-1.1159999999999999,0.16,62.020399999999995,4.352752876281738,4.003856189774723,13.022965721718789,0.6249980468811036,0.2,0.2,1.3264572982217357,0.1024,randPep,random_peptide_0570
11,1.7948555870550837,0.18181818181818182,0.16316868973228035,0.45454545454545453,0.2727272727272727,0.18181818181818182,0.0,0.18181818181818182,-0.5363636363636364,0.2727272727272727,39.60909090909091,10.835217475891113,2.9139770731827523,3.948673604439255,0.599998680002904,0.18181818181818182,0.36363636363636365,0.3116618658274952,0.08264462809917356,randPep,random_peptide_0571
6,-1.2355967232635496,-0.16666666666666666,0.2059327872105916,0.16666666666666666,0.16666666666666666,0.0,0.16666666666666666,0.5,-1.4666666666666668,0.16666666666666666,-45.016666666666666,4.299381065368652,2.2516291673878226,7.413535858366148,0.9999940000359998,0.16666666666666666,0.16666666666666666,0.9532109478552537,0.027777777777777776,randPep,random_peptide_0572
29,1.8410994944341406,0.06896551724137932,0.06348618946324623,0.3793103448275862,0.034482758620689655,0.1724137931034483,0.10344827586206896,0.20689655172413793,-0.1275862068965517,0.0,47.55862068965517,9.195399665832518,3.771437029461126,4.853794961685108,0.09090885124030129,0.3103448275862069,0.20689655172413793,2.0876157648736626,0.10463733650416171,randPep,random_peptide_0573
13,-1.0726405374273231,-0.07692307692307693,0.08251081057133255,0.38461538461538464,0.3076923076923077,0.0,0.07692307692307693,0.23076923076923078,-0.6461538461538463,0.15384615384615385,22.869230769230775,5.981644630432128,3.3927474104487847,2.78885814627986,0.799997920005408,0.15384615384615385,0.23076923076923078,0.5379139348876246,0.02958579881656805,randPep,random_peptide_0574
8,-0.24979937590970713,0.0,0.03122492198871339,0.375,0.125,0.0,0.0,0.375,1.0499999999999998,0.125,86.5,5.518122673034666,3.0,0.6661298927461717,0.3333324444468148,0.25,0.25,0.4348533253760945,0.0,randPep,random_peptide_0575
9,-0.6018034056333719,0.0,0.06686704507037465,0.5555555555555556,0.1111111111111111,0.0,0.0,0.2222222222222222,0.7,0.1111111111111111,75.91111111111111,5.1849893569946275,2.725480556997868,1.0832441803005448,0.19999964000064796,0.3333333333333333,0.1111111111111111,1.0746295931986138,0.0,randPep,random_peptide_0576
17,-2.1469915135688478,-0.11764705882352942,0.12629361844522635,0.4117647058823529,0.17647058823529413,0.058823529411764705,0.17647058823529413,0.23529411764705882,-1.0294117647058822,0.11764705882352941,-0.3411764705882343,4.651157569885254,3.3815804883091634,5.2141095844010685,0.4285703877576298,0.11764705882352941,0.11764705882352941,1.2859909796591142,0.09688581314878893,randPep,random_peptide_0577
3,-1.1641713823010078,-0.3333333333333333,0.38805712743366927,0.3333333333333333,0.3333333333333333,0.0,0.3333333333333333,0.0,-1.7333333333333334,0.3333333333333333,-21.633333333333336,4.0500284194946286,1.584962500721156,3.4925036693920157,0.999997000009,0.3333333333333333,0.0,0.920748487795542,0.1111111111111111,randPep,random_peptide_0578
27,1.1742843333070585,0.037037037037037035,0.04349201234470587,0.2962962962962963,0.3333333333333333,0.07407407407407407,0.037037037037037035,0.25925925925925924,-0.4703703703703703,0.14814814814814814,27.52962962962962,8.077324485778806,3.7043494289560517,3.9631962491239823,1.1249962031378145,0.25925925925925924,0.2222222222222222,1.5529844090407758,0.03292181069958847,randPep,random_peptide_0579
28,-2.07216349756395,-0.07142857142857144,0.0740058391987125,0.21428571428571427,0.17857142857142858,0.10714285714285714,0.17857142857142858,0.2857142857142857,-1.2678571428571428,0.10714285714285714,21.900000000000006,5.301395606994628,3.9946803684089085,9.670051195059523,0.8333294444625926,0.21428571428571427,0.17857142857142858,1.3876247631310707,0.06122448979591836,randPep,random_peptide_0580
18,-2.9888657921769335,-0.16666666666666666,0.1660480995653852,0.3333333333333333,0.2777777777777778,0.0,0.16666666666666666,0.2222222222222222,-0.09444444444444446,0.16666666666666666,41.266666666666666,4.9202901840209945,3.4613201402110083,8.96657047681937,0.8333308333408335,0.2777777777777778,0.16666666666666666,1.5733116381138017,0.05555555555555555,randPep,random_peptide_0581
21,1.845277800445888,0.09523809523809523,0.0878703714498042,0.42857142857142855,0.19047619047619047,0.09523809523809523,0.0,0.3333333333333333,-0.07142857142857142,0.14285714285714285,10.46190476190476,10.002801704406739,3.6537567082870006,4.305638154551379,0.4444434074098272,0.2857142857142857,0.23809523809523808,1.4924197017612115,0.04081632653061224,randPep,random_peptide_0582
12,-0.0289645756615311,0.0,0.002413714638460925,0.3333333333333333,0.25,0.08333333333333333,0.08333333333333333,0.08333333333333333,-0.35000000000000003,0.08333333333333333,29.35,6.96171932220459,3.2516291673878226,0.0868934663041944,0.7499977500067501,0.25,0.08333333333333333,1.4003383620018905,0.05555555555555555,randPep,random_peptide_0583
20,-0.2471754549602898,0.0,0.012358772748014491,0.4,0.25,0.1,0.1,0.25,-0.2650000000000001,0.25,53.13999999999999,6.134598350524903,3.421928094887362,0.6179370925579931,0.6249984375039063,0.3,0.35,0.7812936340763915,0.08000000000000002,randPep,random_peptide_0584
22,-3.2345407434066544,-0.13636363636363635,0.14702457924575701,0.5,0.18181818181818182,0.045454545454545456,0.18181818181818182,0.18181818181818182,-0.20454545454545447,0.18181818181818182,11.022727272727272,4.0500284194946286,3.629219686524096,6.469068548676211,0.3636356363650909,0.3181818181818182,0.09090909090909091,1.2708944204378854,0.11363636363636365,randPep,random_peptide_0585
17,-1.5370430788091909,-0.058823529411764705,0.09041429875348182,0.6470588235294118,0.17647058823529413,0.0,0.058823529411764705,0.29411764705882354,1.241176470588235,0.1764705882352941,58.93529411764706,4.0500284194946286,3.146286370662105,2.375426541591367,0.2727268512403208,0.47058823529411764,0.17647058823529413,1.2797792664213012,0.03806228373702422,randPep,random_peptide_0586
21,-0.06474754922631631,0.0,0.0030832166298245863,0.42857142857142855,0.38095238095238093,0.047619047619047616,0.047619047619047616,0.19047619047619047,-0.6238095238095237,0.2857142857142857,81.87142857142857,6.919828987121583,3.5351745656359035,0.15107726234779262,0.8888868148196544,0.23809523809523808,0.23809523809523808,1.3603630556099484,0.04081632653061224,randPep,random_peptide_0587
15,-3.143800612061543,-0.2,0.20958670747076952,0.4666666666666667,0.26666666666666666,0.0,0.2,0.2,-0.5400000000000001,0.2,15.26,4.366905784606933,3.773557262275185,6.736701161486532,0.5714273469413994,0.3333333333333333,0.13333333333333333,0.9310182035358333,0.09333333333333334,randPep,random_peptide_0588
16,-1.4988328524834469,-0.0625,0.09367705328021543,0.4375,0.3125,0.0,0.0625,0.25,0.07499999999999996,0.3125,79.369375,4.0500284194946286,3.327819531114783,3.425895832200262,0.7142840816363849,0.4375,0.1875,0.6903745879567315,0.02734375,randPep,random_peptide_0589
3,0.758103612191301,0.3333333333333333,0.252701204063767,0.3333333333333333,0.3333333333333333,0.3333333333333333,0.0,0.3333333333333333,-2.9000000000000004,0.3333333333333333,6.666666666666667,8.590879631042483,1.584962500721156,2.274304013661862,0.999997000009,0.3333333333333333,0.3333333333333333,0.8082903768654762,0.1111111111111111,randPep,random_peptide_0590
29,1.9196657556453047,0.06896551724137931,0.06619537088432086,0.3793103448275862,0.27586206896551724,0.10344827586206896,0.034482758620689655,0.1724137931034483,-0.7862068965517242,0.20689655172413793,35.29655172413794,8.992195320129394,3.866433150225384,5.060923649720728,0.7272708099224103,0.27586206896551724,0.20689655172413793,1.2318615663858508,0.052318668252080855,randPep,random_peptide_0591
14,0.04763627674799542,0.0,0.003402591196285387,0.2857142857142857,0.07142857142857142,0.14285714285714285,0.14285714285714285,0.21428571428571427,-0.6785714285714286,0.0,9.535714285714286,7.169806861877441,3.3787834934861767,0.16672638507563622,0.2499991250030625,0.2857142857142857,0.14285714285714285,1.2894046746866734,0.08163265306122448,randPep,random_peptide_0592
7,-1.2479879149354982,-0.14285714285714285,0.17828398784792832,0.2857142857142857,0.2857142857142857,0.0,0.14285714285714285,0.5714285714285714,-1.5714285714285714,0.2857142857142857,32.24285714285715,4.0500284194946286,2.521640636343318,4.3679424144757935,0.99999650001225,0.14285714285714285,0.2857142857142857,0.9831866683245646,0.04081632653061224,randPep,random_peptide_0593
29,-1.0852398495140458,-0.034482758620689655,0.03742206377634641,0.4482758620689655,0.1724137931034483,0.06896551724137931,0.10344827586206896,0.2413793103448276,-0.09310344827586205,0.10344827586206896,23.589655172413792,6.019385719299316,3.5949054612278935,2.420914263799514,0.3846145266291329,0.20689655172413793,0.13793103448275862,1.0412475654104711,0.07728894173602854,randPep,random_peptide_0594
27,-6.00099524966287,-0.2222222222222222,0.222259083320847,0.2222222222222222,0.25925925925925924,0.037037037037037035,0.25925925925925924,0.25925925925925924,-0.911111111111111,0.14814814814814814,43.459259259259255,4.521621513366699,3.4117518537749363,27.004357103875947,1.1666614166902916,0.1111111111111111,0.3333333333333333,1.2082726854237364,0.06584362139917695,randPep,random_peptide_0595
22,3.9315547478423154,0.18181818181818182,0.17870703399283253,0.2727272727272727,0.2727272727272727,0.22727272727272727,0.045454545454545456,0.22727272727272727,-1.6545454545454548,0.18181818181818182,82.93636363636364,10.446795463562012,3.6635327548042533,14.415647884712914,0.9999963333467778,0.13636363636363635,0.36363636363636365,1.2052389261679566,0.07438016528925619,randPep,random_peptide_0596
21,1.0968893752106375,0.047619047619047616,0.052232827390982735,0.42857142857142855,0.3333333333333333,0.047619047619047616,0.0,0.19047619047619047,0.38095238095238093,0.14285714285714285,29.642857142857142,8.230888175964356,3.2135132560090707,2.5594025702188237,0.7777759629671975,0.38095238095238093,0.14285714285714285,0.9922379421537009,0.02040816326530612,randPep,random_peptide_0597
6,-0.510545303556666,0.0,0.08509088392611101,0.5,0.16666666666666666,0.0,0.0,0.3333333333333333,1.3999999999999997,0.16666666666666666,76.76666666666667,5.27252140045166,2.584962500721156,1.0210885649362023,0.33333266666799993,0.3333333333333333,0.16666666666666666,0.7822687801800892,0.0,randPep,random_peptide_0598
15,3.1308492423895236,0.2,0.20872328282596825,0.4,0.3333333333333333,0.2,0.0,0.0,-1.1000000000000003,0.2,18.40666666666667,10.906197166442869,3.006238928653389,7.827103538214963,0.8333312500052082,0.26666666666666666,0.26666666666666666,1.0764781032844863,0.08000000000000002,randPep,random_peptide_0599
28,0.5767406447387637,0.03571428571428571,0.02059788016924156,0.4642857142857143,0.2857142857142857,0.07142857142857142,0.03571428571428571,0.21428571428571427,0.3285714285714286,0.25,24.21071428571429,7.977011680603027,3.9677201004744993,1.242207943912535,0.6153832899436832,0.35714285714285715,0.32142857142857145,1.094875600189624,0.04974489795918367,randPep,random_peptide_0600
26,-2.070585556571427,-0.07692307692307693,0.07963790602197797,0.4230769230769231,0.34615384615384615,0.07692307692307693,0.15384615384615385,0.23076923076923078,-0.5923076923076922,0.2692307692307693,59.56923076923077,5.313388633728027,3.796217602590056,4.894099747660333,0.8181798843020917,0.2692307692307692,0.34615384615384615,1.305723471918501,0.09763313609467456,randPep,random_peptide_0601
21,1.835356810546876,0.09523809523809523,0.08739794335937505,0.47619047619047616,0.23809523809523808,0.09523809523809523,0.0,0.19047619047619047,0.5666666666666667,0.19047619047619047,68.70523809523809,9.311055946350098,3.6897037321995465,3.854241208241903,0.499998950002205,0.42857142857142855,0.23809523809523808,0.9996383512146448,0.04535147392290249,randPep,random_peptide_0602
12,1.7571046111922999,0.16666666666666666,0.146425384266025,0.4166666666666667,0.3333333333333333,0.16666666666666666,0.0,0.25,-0.725,0.3333333333333333,32.075,9.703023719787598,3.0849625007211556,4.21704094596325,0.7999980800046079,0.3333333333333333,0.4166666666666667,0.8183451971454236,0.06944444444444445,randPep,random_peptide_0603
9,1.500334687741343,0.2222222222222222,0.16670385419348255,0.2222222222222222,0.1111111111111111,0.2222222222222222,0.0,0.2222222222222222,-0.31111111111111117,0.1111111111111111,0.5111111111111111,11.999967765808105,2.725480556997868,6.751475713195335,0.499997750010125,0.2222222222222222,0.3333333333333333,0.3186923583557587,0.04938271604938271,randPep,random_peptide_0604
25,-0.25876614609266513,0.0,0.010350645843706605,0.44,0.12,0.08,0.08,0.32,-0.21200000000000008,0.12,85.964,6.054284858703612,3.433269689515108,0.5881035408843733,0.2727266528939707,0.28,0.24,1.9401806359146176,0.0704,randPep,random_peptide_0605
23,-2.981413366318838,-0.13043478260869565,0.12962666810081905,0.17391304347826086,0.17391304347826086,0.043478260869565216,0.17391304347826086,0.34782608695652173,-1.0782608695652174,0.043478260869565216,32.83043478260869,5.213465690612792,3.5883543471732335,17.143028283920685,0.9999942500330623,0.13043478260869565,0.13043478260869565,1.0775235069571432,0.03780718336483932,randPep,random_peptide_0606
14,-0.2668008940345179,0.0,0.01905720671675128,0.2857142857142857,0.2857142857142857,0.07142857142857142,0.07142857142857142,0.5714285714285714,-0.36428571428571427,0.2857142857142857,6.885714285714286,5.9813035964965815,2.6455933144511468,0.9337998608213,0.99999650001225,0.21428571428571427,0.5714285714285714,0.5839524285056146,0.04081632653061224,randPep,random_peptide_0607
18,-0.25627594451972646,0.0,0.014237552473318137,0.3333333333333333,0.16666666666666666,0.1111111111111111,0.1111111111111111,0.2777777777777778,0.09444444444444446,0.16666666666666666,28.17222222222222,6.120900154113768,3.503258334775645,0.7688255270825982,0.4999985000045,0.2222222222222222,0.3888888888888889,1.6582663757984684,0.07407407407407407,randPep,random_peptide_0608
15,-2.36146218131933,-0.13333333333333336,0.15743081208795534,0.2,0.2,0.06666666666666667,0.2,0.26666666666666666,-1.5800000000000003,0.06666666666666667,16.586666666666666,5.201756858825683,3.2402239289418517,11.807251870337298,0.9999950000249999,0.2,0.06666666666666667,0.7754671684911362,0.05333333333333334,randPep,random_peptide_0609
19,-3.1592629048355865,-0.15789473684210525,0.16627699499134665,0.2631578947368421,0.05263157894736842,0.0,0.15789473684210525,0.3157894736842105,-0.5736842105263159,0.0,68.06315789473683,4.0500284194946286,3.221097250057957,12.005153418792238,0.19999924000288802,0.15789473684210525,0.05263157894736842,1.54748848392208,0.04155124653739612,randPep,random_peptide_0610
16,1.750302384231135,0.125,0.10939389901444593,0.4375,0.125,0.1875,0.0625,0.25,0.1875,0.125,57.212500000000006,9.50407428741455,3.625,4.000682019540835,0.28571363265455396,0.3125,0.375,1.558909657361298,0.109375,randPep,random_peptide_0611
26,-0.05324836457781279,0.0,0.002048014022223569,0.4230769230769231,0.19230769230769232,0.038461538461538464,0.038461538461538464,0.2692307692307692,-0.01923076923076935,0.19230769230769232,30.380769230769236,6.208034324645996,3.561607392201214,0.1258594733342569,0.4545443801678288,0.34615384615384615,0.19230769230769232,1.2263648222325647,0.03254437869822485,randPep,random_peptide_0612
10,-0.24077562686885456,0.0,0.024077562686885455,0.5,0.3,0.1,0.1,0.2,-0.36000000000000004,0.30000000000000004,41.57,5.834943199157714,3.321928094887362,0.48155029063712784,0.5999988000023999,0.4,0.3,1.0826981415020327,0.1,randPep,random_peptide_0613
6,0.8462768014448888,0.16666666666666666,0.14104613357414814,0.3333333333333333,0.16666666666666666,0.16666666666666666,0.0,0.16666666666666666,-0.9,0.0,-37.25000000000001,8.757208061218265,2.584962500721156,2.538822787866303,0.4999985000045,0.16666666666666666,0.16666666666666666,0.5732461173973279,0.05555555555555555,randPep,random_peptide_0614
12,-0.16649943171028014,0.0,0.013874952642523345,0.5833333333333334,0.4166666666666667,0.08333333333333333,0.08333333333333333,0.08333333333333333,-0.14166666666666677,0.3333333333333333,52.199999999999996,6.730896186828613,2.751629167387823,0.2854271079140095,0.7142844897980174,0.5833333333333334,0.16666666666666666,1.7020280875786837,0.09722222222222222,randPep,random_peptide_0615
15,-0.25578914289566423,0.0,0.017052609526377615,0.26666666666666666,0.13333333333333333,0.13333333333333333,0.13333333333333333,0.3333333333333333,-0.6533333333333332,0.13333333333333333,-7.599999999999999,6.056331062316894,3.506890595608518,0.9592056888374079,0.4999981250070313,0.13333333333333333,0.4,1.343293061412504,0.07111111111111111,randPep,random_peptide_0616
13,1.7403913942321232,0.15384615384615385,0.1338762610947787,0.38461538461538464,0.15384615384615385,0.23076923076923078,0.07692307692307693,0.15384615384615385,-0.20000000000000007,0.15384615384615385,21.97692307692308,8.955190467834473,3.180832987205441,4.525005859988284,0.399998960002704,0.23076923076923078,0.46153846153846156,0.9936160533746804,0.1183431952662722,randPep,random_peptide_0617
15,1.9324319889004724,0.13333333333333333,0.1288287992600315,0.4666666666666667,0.4,0.13333333333333333,0.0,0.26666666666666666,-1.0266666666666668,0.26666666666666666,99.11333333333334,9.986297798156738,3.1068905956085184,4.140916817107833,0.8571410204120992,0.26666666666666666,0.26666666666666666,0.5467188033955854,0.06222222222222222,randPep,random_peptide_0618
25,0.914451469576663,0.04,0.03657805878306652,0.36,0.28,0.08,0.04,0.36,-0.44399999999999984,0.2,38.376400000000004,8.051988410949708,3.8936606896881854,2.540135915113189,0.7777756172899521,0.24,0.28,1.240358175013532,0.043199999999999995,randPep,random_peptide_0619
5,-0.15272419755611044,0.0,0.03054483951122209,0.2,0.4,0.0,0.0,0.4,-1.56,0.2,40.28,6.741127204895021,2.321928094887362,0.7636171696947037,1.9999900000499997,0.2,0.2,1.5636306012544694,0.0,randPep,random_peptide_0620
5,-1.2370879238374872,-0.2,0.24741758476749745,0.2,0.0,0.0,0.2,0.2,0.21999999999999997,0.0,8.0,4.0500284194946286,2.321928094887362,6.185408692143975,0.0,0.2,0.0,1.5361037258292234,0.04000000000000001,randPep,random_peptide_0621
4,-0.22392739234393277,0.0,0.055981848085983194,0.5,0.0,0.0,0.0,0.5,2.15,0.0,117.35,5.553419685363769,1.0,0.44785388898008754,0.0,0.0,0.5,0.24748737341529167,0.0,randPep,random_peptide_0622
17,4.8351702695230845,0.29411764705882354,0.2844217805601814,0.35294117647058826,0.17647058823529413,0.35294117647058826,0.058823529411764705,0.11764705882352941,-0.8823529411764703,0.11764705882352941,49.44117647058823,10.187954902648926,3.381580488309164,13.69961028141961,0.49999858333734726,0.29411764705882354,0.47058823529411764,0.8583405108341395,0.14532871972318342,randPep,random_peptide_0623
5,0.8363658114458776,0.2,0.16727316228917552,0.4,0.4,0.2,0.0,0.2,-0.4,0.2,17.6,8.230888175964356,2.321928094887362,2.0909093013414406,0.9999975000062501,0.4,0.4,1.9297741922950267,0.08000000000000002,randPep,random_peptide_0624
19,-0.977255060107092,-0.05263157894736842,0.05143447684774168,0.10526315789473684,0.2631578947368421,0.0,0.05263157894736842,0.5789473684210527,-1.9526315789473685,0.10526315789473684,24.747368421052624,6.25185718536377,2.9258530145612824,9.283834874586065,2.4999762502256226,0.10526315789473684,0.10526315789473684,0.8961814216721059,0.005540166204986149,randPep,random_peptide_0625
12,0.8453895604867308,0.08333333333333333,0.0704491300405609,0.3333333333333333,0.25,0.16666666666666666,0.08333333333333333,0.08333333333333333,-0.7333333333333334,0.16666666666666666,36.4,8.504169654846194,3.2516291673878226,2.5361610729769737,0.7499977500067501,0.25,0.16666666666666666,0.9693715270989006,0.08333333333333333,randPep,random_peptide_0626
3,-0.5497545308814108,0.0,0.1832515102938036,0.0,0.0,0.0,0.0,0.6666666666666666,0.4333333333333333,0.0,115.33333333333334,5.238076972961425,1.584962500721156,549754.5308814108,0.0,0.0,0.3333333333333333,1.0397649306988146,0.0,randPep,random_peptide_0627
3,0.7591026131903019,0.3333333333333333,0.2530342043967673,0.0,0.0,0.3333333333333333,0.0,0.3333333333333333,-3.0,0.0,-2.933333333333333,8.750052070617677,1.584962500721156,759102.6131903019,0.0,0.0,0.3333333333333333,0.7094598884597582,0.0,randPep,random_peptide_0628
30,-2.203541822715362,-0.06666666666666668,0.07345139409051207,0.5,0.3,0.03333333333333333,0.1,0.23333333333333334,0.21666666666666673,0.3,31.640000000000004,4.0500284194946286,3.7614063297218427,4.4070748312810615,0.5999988000023999,0.26666666666666666,0.36666666666666664,0.7455034248536592,0.06666666666666667,randPep,random_peptide_0629
24,1.8344895693887198,0.08333333333333334,0.07643706539119666,0.4166666666666667,0.16666666666666666,0.125,0.041666666666666664,0.25,-0.33749999999999997,0.125,92.59166666666667,9.112557792663573,4.001629167387823,4.402764399898368,0.39999904000230396,0.2916666666666667,0.20833333333333334,1.16481375972623,0.06944444444444445,randPep,random_peptide_0630
20,2.736293630095278,0.15,0.1368146815047639,0.2,0.2,0.15,0.0,0.4,-0.7000000000000002,0.2,33.47,9.306801033020019,3.246439344671015,13.681399743477671,0.9999950000249999,0.1,0.35,0.797701224026421,0.03,randPep,random_peptide_0631
20,-2.2385775278168683,-0.1,0.11192887639084341,0.15,0.0,0.1,0.2,0.45,-1.0600000000000003,0.0,66.41,4.493940925598144,2.9414460711655215,14.923750693774497,0.0,0.15,0.15,1.6869816141594283,0.045000000000000005,randPep,random_peptide_0632
18,0.7401030930674892,0.05555555555555555,0.0411168385037494,0.3333333333333333,0.2222222222222222,0.1111111111111111,0.05555555555555555,0.2222222222222222,-0.07222222222222226,0.2222222222222222,48.51111111111112,8.033034706115721,3.614369445886757,2.220302618294613,0.6666646666726667,0.2777777777777778,0.3333333333333333,1.1576519959728073,0.05555555555555555,randPep,random_peptide_0633
18,-1.4125129115881685,-0.05555555555555555,0.07847293953267603,0.1111111111111111,0.1111111111111111,0.05555555555555555,0.1111111111111111,0.3888888888888889,-0.65,0.05555555555555555,44.63333333333334,5.53079776763916,3.4613201402110083,12.712501791777392,0.9999910000809993,0.1111111111111111,0.16666666666666666,0.5114440258685387,0.018518518518518517,randPep,random_peptide_0634
19,2.8701407831126606,0.15789473684210525,0.15106004121645583,0.47368421052631576,0.2631578947368421,0.15789473684210525,0.0,0.10526315789473684,0.43684210526315786,0.21052631578947367,16.96315789473684,9.787735176086425,3.681880802803402,6.059173306094194,0.5555543827185254,0.3157894736842105,0.3684210526315789,1.6852530845502167,0.07479224376731301,randPep,random_peptide_0635
12,0.7600916142893016,0.08333333333333333,0.0633409678574418,0.5,0.25,0.08333333333333333,0.0,0.3333333333333333,-0.27500000000000013,0.25,26.14166666666667,9.750021171569824,3.0849625007211556,1.5201801882182266,0.499999000002,0.3333333333333333,0.3333333333333333,0.9575861123373866,0.041666666666666664,randPep,random_peptide_0636
15,0.8354985702877218,0.06666666666666667,0.055699904685848116,0.3333333333333333,0.26666666666666666,0.13333333333333333,0.06666666666666667,0.26666666666666666,-0.6533333333333334,0.2,70.07333333333332,8.184213066101073,3.456564762130953,2.5064881913985917,0.7999976000072001,0.2,0.3333333333333333,0.6341405720679123,0.06666666666666667,randPep,random_peptide_0637
12,0.7609140741645111,0.08333333333333333,0.06340950618037593,0.25,0.08333333333333333,0.16666666666666666,0.08333333333333333,0.4166666666666667,-1.458333333333333,0.08333333333333333,48.474999999999994,8.591073036193851,3.2516291673878226,3.0436441220815564,0.3333320000053333,0.16666666666666666,0.25,0.7929447874770106,0.0625,randPep,random_peptide_0638
15,-0.1678124945658701,0.0,0.011187499637724673,0.3333333333333333,0.2,0.2,0.2,0.2,-1.02,0.13333333333333333,17.25333333333333,6.741297721862794,3.056564762130954,0.5034359733896903,0.5999982000054,0.26666666666666666,0.3333333333333333,1.2190220376439127,0.13333333333333333,randPep,random_peptide_0639
21,0.9127717684432985,0.047619047619047616,0.04346532230682374,0.3333333333333333,0.19047619047619047,0.09523809523809523,0.047619047619047616,0.38095238095238093,-0.08571428571428583,0.09523809523809523,43.166666666666664,8.051988410949708,3.6897037321995474,2.738307090408625,0.571426857148,0.23809523809523808,0.23809523809523808,1.2318418498416366,0.047619047619047616,randPep,random_peptide_0640
5,1.3971875934676263,0.4,0.2794375186935253,0.2,0.2,0.4,0.0,0.2,-0.8799999999999999,0.2,58.120000000000005,11.000192070007323,2.321928094887362,6.9859030378229425,0.9999950000249999,0.2,0.6,0.5637200520667814,0.08000000000000002,randPep,random_peptide_0641
23,-3.243813172140756,-0.13043478260869565,0.14103535531046765,0.43478260869565216,0.17391304347826086,0.08695652173913043,0.21739130434782608,0.13043478260869565,-0.1260869565217393,0.17391304347826086,34.208695652173915,4.10504856109619,3.7950885863977324,7.460753136191527,0.39999908000211604,0.30434782608695654,0.2608695652173913,0.8522239249494414,0.13232514177693763,randPep,random_peptide_0642
27,-2.1792614259574,-0.07407407407407407,0.08071338614657037,0.2222222222222222,0.1111111111111111,0.07407407407407407,0.14814814814814814,0.37037037037037035,-0.8370370370370369,0.07407407407407407,26.437037037037033,4.658660316467285,3.782122224145306,9.806632286963008,0.499997750010125,0.18518518518518517,0.18518518518518517,0.8819905335819948,0.04938271604938271,randPep,random_peptide_0643
16,-0.07699719404642091,0.0,0.004812324627901307,0.5625,0.25,0.0625,0.0625,0.1875,-0.4875000000000001,0.1875,38.50000000000001,6.847700309753418,2.9834585933443494,0.13688365717824663,0.4444436543223923,0.1875,0.25,0.7902425222981383,0.0703125,randPep,random_peptide_0644
17,0.8472658025438885,0.058823529411764705,0.04983916485552285,0.35294117647058826,0.23529411764705882,0.058823529411764705,0.0,0.17647058823529413,-0.06470588235294128,0.1764705882352941,41.5764705882353,9.756532478332517,3.2639334294856344,2.4005796388987073,0.6666647777831296,0.23529411764705882,0.23529411764705882,1.356091485706061,0.020761245674740487,randPep,random_peptide_0645
3,-0.514629217378785,0.0,0.171543072459595,0.0,0.3333333333333333,0.0,0.0,0.3333333333333333,-1.8333333333333333,0.0,-2.933333333333333,6.40151424407959,1.584962500721156,514629.217378785,333333.3333333333,0.0,0.0,0.7310570733153772,0.0,randPep,random_peptide_0646
5,-0.041471132421644796,0.0,0.008294226484328959,0.2,0.0,0.0,0.0,0.0,-0.040000000000000036,0.0,32.68,5.954987144470215,1.5219280948873621,0.2073546253350973,0.0,0.2,0.0,1.028590665790816,0.0,randPep,random_peptide_0647
29,-3.9926357837298365,-0.13793103448275862,0.137677095990684,0.10344827586206896,0.10344827586206896,0.10344827586206896,0.2413793103448276,0.27586206896551724,-1.5137931034482757,0.0,26.172413793103452,5.005491828918457,3.7159321855150296,38.59510615669557,0.9999903334267769,0.06896551724137931,0.20689655172413793,1.6774794353936748,0.0356718192627824,randPep,random_peptide_0648
22,-3.0842960096426486,-0.13636363636363635,0.14019527316557492,0.4090909090909091,0.3181818181818182,0.0,0.13636363636363635,0.18181818181818182,-0.12727272727272726,0.2272727272727273,81.71363636363635,4.517017555236817,3.641249800455478,7.5393718162175904,0.7777758765478573,0.36363636363636365,0.13636363636363635,0.7470548635801939,0.05578512396694215,randPep,random_peptide_0649
29,0.9110938139565663,0.034482758620689655,0.0314170280674678,0.4482758620689655,0.27586206896551724,0.06896551724137931,0.034482758620689655,0.3103448275862069,0.03448275862068967,0.2413793103448276,29.869310344827582,8.276467323303226,3.9093680639438846,2.032435512623889,0.6153832426066127,0.27586206896551724,0.27586206896551724,1.2044886632944374,0.04637336504161712,randPep,random_peptide_0650
18,-0.24798791493549777,0.0,0.01377710638530543,0.3333333333333333,0.2222222222222222,0.05555555555555555,0.05555555555555555,0.3888888888888889,-1.1102230246251565e-16,0.2222222222222222,49.66111111111111,5.994262886047363,3.3082708345352603,0.7439615129219547,0.6666646666726667,0.2222222222222222,0.3333333333333333,0.9396670266807782,0.037037037037037035,randPep,random_peptide_0651
22,4.7283706421942675,0.22727272727272727,0.21492593828155762,0.18181818181818182,0.0,0.22727272727272727,0.0,0.36363636363636365,-0.2727272727272727,0.0,55.468181818181826,10.142569160461427,3.2312702546075758,26.005895499643223,0.0,0.18181818181818182,0.36363636363636365,1.5402469354359811,0.04132231404958678,randPep,random_peptide_0652
11,0.9225509986014648,0.09090909090909091,0.08386827260013317,0.2727272727272727,0.2727272727272727,0.09090909090909091,0.0,0.18181818181818182,-0.8181818181818182,0.09090909090909091,11.163636363636366,8.214964485168458,3.0957952550009344,3.3826745917318686,0.9999963333467778,0.18181818181818182,0.18181818181818182,0.9723553987097429,0.024793388429752063,randPep,random_peptide_0653
28,-1.1688014956648698,-0.03571428571428571,0.04174291055945963,0.2857142857142857,0.17857142857142858,0.07142857142857142,0.10714285714285714,0.39285714285714285,-1.1357142857142857,0.14285714285714285,47.06428571428572,5.444800376892089,3.9232517969803373,4.090790917058835,0.6249978125076563,0.21428571428571427,0.17857142857142858,0.854728589830146,0.05102040816326529,randPep,random_peptide_0654
5,0.7591026131903019,0.2,0.1518205226380604,0.4,0.0,0.2,0.0,0.4,0.18,0.0,8.0,8.750052070617677,1.9219280948873623,1.8977517885962834,0.0,0.4,0.2,2.5519983913834485,0.08000000000000002,randPep,random_peptide_0655
19,0.8292752833200785,0.05263157894736842,0.043646067543162026,0.47368421052631576,0.3157894736842105,0.10526315789473684,0.05263157894736842,0.15789473684210525,-0.015789473684210634,0.2631578947368421,29.336842105263162,8.06816997528076,3.5766176449086653,1.7506885688887428,0.6666652592622305,0.2631578947368421,0.47368421052631576,0.9404110748709271,0.07479224376731301,randPep,random_peptide_0656
6,-0.24979937590970713,0.0,0.041633229318284525,0.5,0.16666666666666666,0.0,0.0,0.5,0.55,0.16666666666666666,69.0,5.518122673034666,2.584962500721156,0.499597752623909,0.33333266666799993,0.3333333333333333,0.3333333333333333,0.5433946795633706,0.0,randPep,random_peptide_0657
10,0.8490772635180983,0.1,0.08490772635180983,0.4,0.2,0.2,0.1,0.1,-0.51,0.1,141.82,8.755016136169434,3.321928094887362,2.122687852075616,0.49999875000312505,0.2,0.3,1.4250507259513774,0.12000000000000002,randPep,random_peptide_0658
29,-2.5318993347154515,-0.06896551724137932,0.08730687361087763,0.3793103448275862,0.06896551724137931,0.10344827586206896,0.1724137931034483,0.10344827586206896,0.14827586206896542,0.06896551724137931,3.3103448275862086,4.436704063415529,3.693345218892491,6.674989739276878,0.18181770248060258,0.3103448275862069,0.13793103448275862,2.0343384333036965,0.10463733650416171,randPep,random_peptide_0659
17,-4.068764308586218,-0.23529411764705882,0.23933907697565987,0.35294117647058826,0.23529411764705882,0.0,0.23529411764705882,0.23529411764705882,-1.1176470588235294,0.1764705882352941,53.46470588235295,4.1190309524536115,3.4548223999466066,11.52813287795113,0.6666647777831296,0.23529411764705882,0.11764705882352941,1.403446009857525,0.08304498269896195,randPep,random_peptide_0660
7,0.5003446876413439,0.14285714285714285,0.07147781252019199,0.5714285714285714,0.2857142857142857,0.14285714285714285,0.0,0.0,0.49999999999999983,0.2857142857142857,97.2857142857143,9.500077247619632,2.5216406363433186,0.8756016710694274,0.4999991250015312,0.2857142857142857,0.42857142857142855,0.7431957659461502,0.08163265306122448,randPep,random_peptide_0661
25,0.8372800315619275,0.039999999999999994,0.0334912012624771,0.28,0.24,0.12,0.08,0.28,-1.084,0.2,57.395999999999994,8.163583183288573,3.733660689688185,2.990275147452786,0.8571397959293002,0.28,0.2,1.5629331360355219,0.05600000000000001,randPep,random_peptide_0662
19,-0.15261243751526798,0.0,0.008032233553435157,0.5263157894736842,0.3684210526315789,0.05263157894736842,0.05263157894736842,0.15789473684210525,0.48947368421052617,0.3157894736842105,88.66315789473683,6.743628120422364,3.6163485660751626,0.2899630803491565,0.6999986700025269,0.47368421052631576,0.3157894736842105,0.8959075075403249,0.05540166204986149,randPep,random_peptide_0663
24,5.000783198156038,0.20833333333333334,0.2083659665898349,0.041666666666666664,0.125,0.20833333333333334,0.0,0.3333333333333333,-1.4875000000000005,0.0,51.925000000000004,11.542177772521974,3.323934896284056,120.01591637375193,2.999928001727959,0.0,0.2916666666666667,1.2907680460443025,0.008680555555555556,randPep,random_peptide_0664
13,-2.2341657018234344,-0.15384615384615385,0.1718589001402642,0.3076923076923077,0.15384615384615385,0.07692307692307693,0.23076923076923078,0.3076923076923077,-1.4076923076923076,0.15384615384615385,-0.08461538461538418,4.1373899459838865,3.3927474104487847,7.261014932627631,0.49999837500528127,0.23076923076923078,0.15384615384615385,1.1446138688480205,0.09467455621301776,randPep,random_peptide_0665
3,-0.24979937590970713,0.0,0.08326645863656905,0.3333333333333333,0.0,0.0,0.0,0.6666666666666666,0.9333333333333332,0.0,179.53333333333333,5.518122673034666,1.584962500721156,0.7493958795414829,0.0,0.3333333333333333,0.3333333333333333,2.248209163855633,0.0,randPep,random_peptide_0666
4,-0.539853540782401,0.0,0.13496338519560025,0.5,0.0,0.0,0.0,0.25,1.0999999999999999,0.0,-13.725000000000001,5.240009498596191,2.0,1.0797049221549577,0.0,0.25,0.0,1.2349089035228469,0.0,randPep,random_peptide_0667
15,-0.05237112351965567,0.0,0.0034914082346437112,0.3333333333333333,0.2,0.0,0.0,0.4,-0.24666666666666678,0.2,-3.1666666666666665,5.905878257751465,3.506890595608518,0.1571128992202694,0.5999982000054,0.2,0.2,0.6676958622975488,0.0,randPep,random_peptide_0668
25,-5.145780780172259,-0.2,0.20583123120689034,0.16,0.16,0.08,0.28,0.32,-1.868,0.12,59.688,4.332063484191895,3.6234651896016463,32.16092887027118,0.9999937500390622,0.08,0.2,0.8396057292981252,0.057600000000000005,randPep,random_peptide_0669
5,0.7591026131903019,0.2,0.1518205226380604,0.4,0.0,0.2,0.0,0.0,1.4999999999999998,0.0,73.2,8.750052070617677,1.5219280948873621,1.8977517885962834,0.0,0.4,0.2,1.77485291572496,0.08000000000000002,randPep,random_peptide_0670
15,1.8472010214609402,0.13333333333333333,0.12314673476406268,0.3333333333333333,0.2,0.26666666666666666,0.13333333333333333,0.0,-1.1066666666666667,0.13333333333333333,19.53333333333333,9.526509284973145,3.4565647621309536,5.541586439623503,0.5999982000054,0.26666666666666666,0.3333333333333333,1.1611024457476506,0.13333333333333333,randPep,random_peptide_0671
20,1.7040688789343266,0.09999999999999999,0.08520344394671633,0.35,0.2,0.15,0.05,0.45,-0.545,0.2,22.835000000000004,8.651157569885257,3.4086949695628417,4.868754314800034,0.571426938780175,0.35,0.35,0.8787716235693005,0.06999999999999999,randPep,random_peptide_0672
21,0.8452778004458879,0.047619047619047616,0.040251323830756566,0.5238095238095238,0.23809523809523808,0.047619047619047616,0.0,0.2857142857142857,0.15238095238095234,0.19047619047619047,65.04809523809523,8.598229026794435,3.820888851350188,1.6137090837702621,0.45454458677851606,0.38095238095238093,0.19047619047619047,1.8772653817412008,0.024943310657596373,randPep,random_peptide_0673
8,0.7472036210932902,0.125,0.09340045263666127,0.5,0.25,0.125,0.0,0.375,0.08750000000000002,0.25,8.75,8.175187492370608,2.5,1.4944042533780735,0.499999000002,0.5,0.25,1.5995366502079227,0.0625,randPep,random_peptide_0674
19,-1.0869295505474117,-0.05263157894736842,0.05720681844986377,0.3684210526315789,0.2631578947368421,0.10526315789473684,0.15789473684210525,0.10526315789473684,-0.536842105263158,0.15789473684210525,17.368421052631582,6.008074760437012,3.616348566075164,2.9502293437204705,0.7142837755154665,0.3684210526315789,0.21052631578947367,1.0011791606899587,0.09695290858725761,randPep,random_peptide_0675
9,-2.20829371825766,-0.2222222222222222,0.24536596869529553,0.2222222222222222,0.1111111111111111,0.1111111111111111,0.3333333333333333,0.2222222222222222,-1.9000000000000001,0.1111111111111111,63.91111111111111,4.137446784973144,2.94770277922009,9.937277014412905,0.499997750010125,0.1111111111111111,0.2222222222222222,0.8523687256031242,0.09876543209876543,randPep,random_peptide_0676
23,-0.025865812523686582,0.0,0.0011246005445081123,0.2608695652173913,0.08695652173913043,0.08695652173913043,0.08695652173913043,0.13043478260869565,-0.15217391304347827,0.0,1.9391304347826097,6.965754890441894,3.468576629687865,0.09915190125851042,0.3333320555604537,0.21739130434782608,0.08695652173913043,1.9489838787281295,0.04536862003780718,randPep,random_peptide_0677
21,-3.177375184000241,-0.14285714285714285,0.15130358019048767,0.38095238095238093,0.14285714285714285,0.0,0.14285714285714285,0.38095238095238093,-0.05714285714285724,0.09523809523809523,35.18571428571429,4.0500284194946286,3.4632805178108104,8.340587963957228,0.37499901562758403,0.19047619047619047,0.23809523809523808,1.0657327551081828,0.054421768707482984,randPep,random_peptide_0678
29,-0.17900078682851506,0.0,0.006172440925121209,0.3103448275862069,0.13793103448275862,0.10344827586206896,0.10344827586206896,0.2413793103448276,-0.596551724137931,0.10344827586206896,54.951724137931045,6.735159111022949,3.4999093404636357,0.5767784546057504,0.44444301235029354,0.13793103448275862,0.20689655172413793,1.0512855036725464,0.06420927467300833,randPep,random_peptide_0679
23,-2.860277665373676,-0.13043478260869565,0.12435989849450765,0.30434782608695654,0.30434782608695654,0.0,0.13043478260869565,0.21739130434782608,-0.5565217391304348,0.13043478260869565,26.469565217391306,5.573881721496581,3.4472624994412104,9.39802430700507,0.9999967142965103,0.13043478260869565,0.17391304347826086,0.9973876968318943,0.03969754253308129,randPep,random_peptide_0680
12,0.013534649828263134,0.0,0.0011278874856885945,0.25,0.4166666666666667,0.08333333333333333,0.08333333333333333,0.16666666666666666,-0.8249999999999998,0.16666666666666666,21.025000000000002,7.013556480407714,3.0220552088742,0.05413838275952151,1.666660000026667,0.16666666666666666,0.3333333333333333,0.3930600496524052,0.041666666666666664,randPep,random_peptide_0681
13,1.750302384231135,0.15384615384615385,0.13463864494085653,0.3076923076923077,0.15384615384615385,0.23076923076923078,0.07692307692307693,0.38461538461538464,-1.1,0.15384615384615385,68.85384615384618,9.50407428741455,3.238901256602631,5.6884642612423395,0.49999837500528127,0.23076923076923078,0.46153846153846156,1.4707481266079478,0.09467455621301776,randPep,random_peptide_0682
12,-0.16562219065212325,0.0,0.01380184922101027,0.6666666666666666,0.5833333333333334,0.0,0.0,0.16666666666666666,-0.24166666666666667,0.5,75.04166666666669,6.729191017150879,2.792481250360578,0.24843291332881487,0.8749986875019689,0.3333333333333333,0.3333333333333333,0.952634006441004,0.0,randPep,random_peptide_0683
18,-8.112817023371482,-0.4444444444444444,0.45071205685397125,0.2222222222222222,0.05555555555555555,0.0,0.4444444444444444,0.16666666666666666,-0.8999999999999999,0.0,62.66666666666667,4.0500284194946286,2.996624141510993,36.50751232136623,0.2499988750050625,0.16666666666666666,0.05555555555555555,1.25322934561716,0.09876543209876543,randPep,random_peptide_0684
30,-3.237843404954801,-0.1,0.10792811349849336,0.4,0.2,0.0,0.1,0.3,-0.3833333333333335,0.2,46.38333333333333,4.0500284194946286,3.672905595320056,8.094588275916314,0.49999875000312505,0.26666666666666666,0.1,1.0435494494477437,0.04000000000000001,randPep,random_peptide_0685
17,0.7860753578959185,0.058823529411764705,0.04623972693505403,0.4117647058823529,0.17647058823529413,0.11764705882352941,0.058823529411764705,0.11764705882352941,0.7470588235294118,0.1764705882352941,-5.011764705882353,8.265958976745608,3.263933429485634,1.9090355186609713,0.4285703877576298,0.29411764705882354,0.29411764705882354,0.8127408584853243,0.07266435986159168,randPep,random_peptide_0686
24,-2.2765701242926832,-0.08333333333333333,0.09485708851219514,0.4166666666666667,0.20833333333333334,0.0,0.08333333333333333,0.375,0.5791666666666668,0.20833333333333331,12.20416666666667,4.0500284194946286,3.8349625007211565,5.463755185289995,0.49999880000288005,0.2916666666666667,0.3333333333333333,1.3173024194137306,0.034722222222222224,randPep,random_peptide_0687
8,-0.24475863706601064,0.0,0.03059482963325133,0.625,0.625,0.125,0.125,0.125,-0.475,0.625,71.4025,6.2086595535278315,2.1556390622295662,0.3916131927245087,0.9999984000025599,0.625,0.5,0.9977705799967578,0.15625,randPep,random_peptide_0688
26,-2.2511572200482433,-0.07692307692307693,0.08658297000185551,0.3076923076923077,0.23076923076923078,0.07692307692307693,0.15384615384615385,0.3076923076923077,-0.8384615384615384,0.23076923076923078,49.934615384615384,4.40726146697998,3.7381493331928652,7.316237187385932,0.7499975625079219,0.15384615384615385,0.38461538461538464,1.5716090937355818,0.07100591715976332,randPep,random_peptide_0689
19,-3.147672213703211,-0.15789473684210525,0.16566695861595848,0.2631578947368421,0.21052631578947367,0.0,0.15789473684210525,0.2631578947368421,-0.9157894736842103,0.15789473684210525,83.00526315789473,4.0500284194946286,3.3263604079526936,11.961108959858157,0.7999969600115521,0.21052631578947367,0.15789473684210525,0.9618118466842486,0.04155124653739612,randPep,random_peptide_0690
3,-1.2486786149698625,-0.3333333333333333,0.41622620498995416,0.3333333333333333,0.3333333333333333,0.0,0.3333333333333333,0.3333333333333333,-0.6333333333333333,0.3333333333333333,70.86666666666667,4.0500284194946286,1.584962500721156,3.7460246068357677,0.999997000009,0.0,0.6666666666666666,1.7371752294393843,0.1111111111111111,randPep,random_peptide_0691
3,-0.26601161004484764,0.0,0.08867053668161588,0.6666666666666666,0.3333333333333333,0.0,0.0,0.0,0.5666666666666668,0.3333333333333333,6.666666666666667,5.494989204406737,1.584962500721156,0.3990168165420466,0.499999250001125,0.3333333333333333,0.3333333333333333,1.8278706494473598,0.0,randPep,random_peptide_0692
29,-1.0613852664067824,-0.034482758620689655,0.036599491945061464,0.3103448275862069,0.1724137931034483,0.10344827586206896,0.13793103448275862,0.20689655172413793,-0.703448275862069,0.10344827586206896,56.058620689655164,6.0076200485229485,3.9523029776623857,3.420008171728857,0.5555537654378669,0.20689655172413793,0.20689655172413793,1.3646840093760173,0.07491082045184304,randPep,random_peptide_0693
24,-3.085963964229379,-0.125,0.1285818318428908,0.4583333333333333,0.375,0.0,0.125,0.16666666666666666,-0.4791666666666667,0.3333333333333333,37.22125000000001,4.130341911315917,3.7201755214643457,6.732997595414801,0.8181800330617461,0.3333333333333333,0.20833333333333334,0.7230510591743574,0.057291666666666664,randPep,random_peptide_0694
8,0.5453226454741842,0.125,0.06816533068427302,0.25,0.375,0.125,0.0,0.375,-1.85,0.25,40.099999999999994,8.334682273864747,2.75,2.18128185676931,1.499994000024,0.125,0.25,0.3024461360890039,0.03125,randPep,random_peptide_0695
4,-0.2507983769087082,0.0,0.06269959422717705,0.75,0.25,0.0,0.0,0.25,2.3,0.25,-11.35,5.517440605163573,2.0,0.3343973900150909,0.3333328888894815,0.75,0.25,1.4128871150944793,0.0,randPep,random_peptide_0696
14,-2.585344277773043,-0.14285714285714285,0.1846674484123602,0.14285714285714285,0.0,0.14285714285714285,0.2857142857142857,0.2857142857142857,-1.1785714285714286,0.0,53.54285714285715,4.685658836364746,2.8073549220576046,18.09728326342846,0.0,0.14285714285714285,0.14285714285714285,1.0183869260206486,0.06122448979591836,randPep,random_peptide_0697
10,-4.230346238951221,-0.4,0.42303462389512214,0.3,0.1,0.0,0.4,0.1,-1.2899999999999998,0.1,49.68000000000001,4.0500284194946286,2.6464393446710157,14.101107126146985,0.33333222222592596,0.1,0.1,1.132584561703504,0.12,randPep,random_peptide_0698
4,-0.539853540782401,0.0,0.13496338519560025,0.5,0.0,0.0,0.0,0.5,1.7,0.0,7.5,5.240009498596191,2.0,1.0797049221549577,0.0,0.5,0.0,1.7381743295768697,0.0,randPep,random_peptide_0699
7,1.748202622092291,0.2857142857142857,0.24974323172747015,0.14285714285714285,0.0,0.2857142857142857,0.0,0.14285714285714285,-1.1857142857142855,0.0,52.828571428571436,9.314085960388184,1.8423709931771084,12.237332693317185,0.0,0.0,0.42857142857142855,0.820244103920246,0.04081632653061224,randPep,random_peptide_0700
28,0.4873957637771076,0.03571428571428571,0.017406991563468126,0.32142857142857145,0.21428571428571427,0.14285714285714285,0.10714285714285714,0.14285714285714285,-0.825,0.17857142857142855,39.275000000000006,8.19555950164795,3.869331261111519,1.5163376587005077,0.6666645925990452,0.2857142857142857,0.25,0.9409516990294723,0.08035714285714286,randPep,random_peptide_0701
15,-0.24856685492901986,0.0,0.016571123661934656,0.3333333333333333,0.13333333333333333,0.13333333333333333,0.13333333333333333,0.2,-0.6199999999999999,0.13333333333333333,9.566666666666668,5.953395652770996,3.240223928941852,0.7456983276920767,0.39999880000360005,0.13333333333333333,0.3333333333333333,0.8314813480115725,0.08888888888888888,randPep,random_peptide_0702
27,0.9947116708292421,0.037037037037037035,0.03684117299367563,0.18518518518518517,0.18518518518518517,0.07407407407407407,0.037037037037037035,0.3333333333333333,-0.588888888888889,0.07407407407407407,80.77777777777777,7.996223258972168,3.652130557318382,5.371414016842216,0.9999946000291599,0.07407407407407407,0.25925925925925924,1.0798106157397738,0.020576131687242795,randPep,random_peptide_0703
28,-2.0712862565057923,-0.07142857142857142,0.07397450916092116,0.39285714285714285,0.25,0.07142857142857142,0.14285714285714285,0.2857142857142857,-0.4535714285714287,0.17857142857142855,79.36428571428571,5.26109676361084,3.797902689682947,5.272351596028864,0.6363620165330489,0.25,0.25,1.3513821073778642,0.08418367346938775,randPep,random_peptide_0704
16,-0.23767686373101027,0.0,0.014854803983188142,0.375,0.1875,0.125,0.125,0.3125,-1.2375000000000003,0.1875,9.2625,5.961182594299316,3.202819531114783,0.6338032798072812,0.49999866667022225,0.125,0.3125,0.8651053708478161,0.09375,randPep,random_peptide_0705
3,-1.1620616202621632,-0.3333333333333333,0.3873538734207211,0.0,0.0,0.3333333333333333,0.6666666666666666,0.0,-3.8333333333333335,0.0,45.73333333333334,4.370429801940918,1.584962500721156,1162061.6202621632,0.0,0.0,0.3333333333333333,0.333333333333333,0.0,randPep,random_peptide_0706
24,-0.07072731631227169,0.0,0.0029469715130113205,0.2916666666666667,0.20833333333333334,0.125,0.125,0.2916666666666667,-1.1,0.125,77.40416666666667,6.915679740905762,4.001629167387823,0.24249282452381887,0.714283265314519,0.25,0.25,1.2713761849375012,0.07291666666666667,randPep,random_peptide_0707
28,5.020530397171111,0.17857142857142858,0.17930465704182538,0.25,0.17857142857142858,0.25,0.07142857142857142,0.10714285714285714,-1.167857142857143,0.07142857142857142,60.70000000000002,10.548848915100098,3.6995138503199656,20.082041260519404,0.7142828571542857,0.21428571428571427,0.2857142857142857,1.4770064744042868,0.08035714285714285,randPep,random_peptide_0708
9,-1.2443869523227158,-0.1111111111111111,0.1382652169247462,0.4444444444444444,0.2222222222222222,0.1111111111111111,0.2222222222222222,0.1111111111111111,-0.8444444444444444,0.2222222222222222,51.57777777777778,4.535547065734863,2.503258334775646,2.7998643430313392,0.49999887500253126,0.0,0.4444444444444444,0.8336726938142963,0.14814814814814814,randPep,random_peptide_0709
7,0.8483765635837324,0.14285714285714285,0.1211966519405332,0.2857142857142857,0.2857142857142857,0.2857142857142857,0.14285714285714285,0.0,-0.9285714285714286,0.14285714285714285,79.62857142857143,9.605289649963382,2.521640636343318,2.969307579966534,0.99999650001225,0.2857142857142857,0.42857142857142855,2.167222136960869,0.12244897959183672,randPep,random_peptide_0710
14,-0.23809692473648925,0.0,0.017006923195463517,0.07142857142857142,0.07142857142857142,0.07142857142857142,0.07142857142857142,0.7142857142857143,-2.8785714285714294,0.07142857142857142,43.114285714285714,6.00136775970459,2.521640636343318,3.33331027996693,0.9999860001959973,0.07142857142857142,0.07142857142857142,0.2652610105301296,0.01020408163265306,randPep,random_peptide_0711
29,0.01464541086810689,0.0,0.0005050141678657549,0.5172413793103449,0.20689655172413793,0.06896551724137931,0.06896551724137931,0.13793103448275862,0.9000000000000001,0.10344827586206896,20.541379310344826,7.014636421203612,3.676440908696869,0.02831440627048786,0.39999922666816173,0.4827586206896552,0.20689655172413793,1.4203283307101098,0.0713436385255648,randPep,random_peptide_0712
27,-6.003103168064997,-0.2222222222222222,0.22233715437277765,0.48148148148148145,0.2962962962962963,0.0,0.2222222222222222,0.14814814814814814,-0.1629629629629631,0.18518518518518517,13.322222222222223,4.348376274108888,3.6619328723735824,12.467957607915348,0.6153833372807611,0.37037037037037035,0.14814814814814814,1.0501222129649126,0.10699588477366254,randPep,random_peptide_0713
24,1.5301125885235805,0.08333333333333333,0.06375469118848252,0.3333333333333333,0.20833333333333334,0.16666666666666666,0.08333333333333333,0.25,-0.7999999999999999,0.16666666666666666,25.299999999999997,8.839727592468265,3.9701755214643453,4.590323994598759,0.6249981250056251,0.25,0.3333333333333333,1.555000996072316,0.08333333333333333,randPep,random_peptide_0714
19,-0.4392322612803663,0.0,0.023117487435808753,0.3157894736842105,0.3157894736842105,0.05263157894736842,0.05263157894736842,0.21052631578947367,-0.41052631578947374,0.21052631578947367,99.39473684210527,6.6074419021606445,3.4058222502856896,1.3908977562115987,0.9999968333433612,0.15789473684210525,0.21052631578947367,0.8345385817868419,0.03324099722991689,randPep,random_peptide_0715
9,-1.2416398741281647,-0.1111111111111111,0.13795998601424053,0.2222222222222222,0.1111111111111111,0.1111111111111111,0.2222222222222222,0.3333333333333333,-1.0222222222222221,0.1111111111111111,86.80000000000001,4.748863792419433,3.169925001442312,5.587354290482434,0.499997750010125,0.2222222222222222,0.2222222222222222,0.27498631826257963,0.07407407407407407,randPep,random_peptide_0716
26,-0.2200709504138283,0.0,0.00846426732360878,0.3076923076923077,0.15384615384615385,0.15384615384615385,0.15384615384615385,0.19230769230769232,-1.2076923076923076,0.15384615384615385,70.5923076923077,6.23935260772705,3.5035391228040247,0.7152282643530828,0.49999837500528127,0.11538461538461539,0.34615384615384615,1.1409137587484641,0.09467455621301776,randPep,random_peptide_0717
16,0.4503572291594322,0.0625,0.028147326822464513,0.375,0.125,0.125,0.0625,0.375,-0.375,0.125,-5.949999999999999,7.940909385681152,3.625,1.2009494085600632,0.3333324444468148,0.1875,0.3125,1.1515559958162112,0.0703125,randPep,random_peptide_0718
7,-0.15092273648190235,0.0,0.02156039092598605,0.42857142857142855,0.5714285714285714,0.14285714285714285,0.14285714285714285,0.0,-1.2428571428571427,0.42857142857142855,127.58571428571429,6.748743629455567,2.807354922057604,0.35215223010256863,1.3333302222294816,0.2857142857142857,0.42857142857142855,1.0833054063468743,0.12244897959183672,randPep,random_peptide_0719
28,-1.6122163569680077,-0.03571428571428571,0.05757915560600028,0.39285714285714285,0.10714285714285714,0.10714285714285714,0.14285714285714285,0.25,-0.4000000000000001,0.10714285714285714,41.825,4.575107002258301,3.7264741182543752,4.103813008030909,0.27272657851416376,0.2857142857142857,0.17857142857142858,0.7598307830149541,0.09821428571428571,randPep,random_peptide_0720
20,3.846195014460785,0.19999999999999998,0.19230975072303924,0.3,0.1,0.3,0.1,0.2,-0.7449999999999999,0.05,51.230000000000004,10.847724342346194,3.384183719779189,12.820607312844908,0.33333222222592596,0.3,0.4,1.698919714262365,0.12,randPep,random_peptide_0721
18,0.9225509986014648,0.05555555555555555,0.05125283325563693,0.2777777777777778,0.16666666666666666,0.05555555555555555,0.0,0.3333333333333333,-0.7666666666666667,0.05555555555555555,28.988888888888894,8.214964485168458,3.503258334775645,3.321171638747374,0.599997840007776,0.2222222222222222,0.1111111111111111,0.5443894944813628,0.015432098765432098,randPep,random_peptide_0722
10,-3.244747392056808,-0.3,0.3244747392056808,0.2,0.0,0.0,0.3,0.4,-0.6199999999999999,0.0,84.35000000000001,4.0500284194946286,2.9219280948873623,16.22365584200483,0.0,0.2,0.1,0.8674256611001612,0.06,randPep,random_peptide_0723
15,-0.18850489190758424,0.0,0.012566992793838948,0.26666666666666666,0.13333333333333333,0.13333333333333333,0.13333333333333333,0.3333333333333333,-0.7733333333333334,0.06666666666666667,6.493333333333334,6.708331108093262,3.6402239289418516,0.7068906938133391,0.4999981250070313,0.26666666666666666,0.2,1.2375395997919332,0.07111111111111111,randPep,random_peptide_0724
16,0.7509930842654988,0.0625,0.046937067766593676,0.5,0.25,0.125,0.0625,0.25,0.40625000000000006,0.25,67.30000000000001,8.197300148010253,3.375,1.5019831645646684,0.499999000002,0.5,0.3125,1.0679193042889388,0.09375,randPep,random_peptide_0725
15,-0.04944890150560255,0.0,0.0032965934337068365,0.3333333333333333,0.06666666666666667,0.13333333333333333,0.13333333333333333,0.3333333333333333,-1.0799999999999998,0.06666666666666667,50.8,6.444200325012206,3.5068905956085183,0.14834625947802924,0.19999940000180003,0.26666666666666666,0.2,1.543016271624747,0.08888888888888888,randPep,random_peptide_0726
11,0.7618930753635098,0.09090909090909091,0.06926300685122816,0.45454545454545453,0.18181818181818182,0.18181818181818182,0.09090909090909091,0.18181818181818182,-1.0545454545454545,0.18181818181818182,-9.636363636363635,8.745474815368652,3.0957952550009344,1.6761610782453495,0.39999912000193605,0.2727272727272727,0.2727272727272727,1.3263655956663856,0.12396694214876032,randPep,random_peptide_0727
21,-1.1622699077325902,-0.047619047619047616,0.055346186082504294,0.42857142857142855,0.38095238095238093,0.09523809523809523,0.14285714285714285,0.19047619047619047,-0.8238095238095239,0.3333333333333333,58.95285714285714,5.297075843811036,3.4992275417233563,2.711956790143534,0.8888868148196544,0.3333333333333333,0.38095238095238093,0.7260139571200666,0.1020408163265306,randPep,random_peptide_0728
11,-0.24189638780869938,0.0,0.02199058070988176,0.36363636363636365,0.2727272727272727,0.0,0.0,0.2727272727272727,-0.2,0.2727272727272727,-0.8818181818181807,5.523579216003417,3.0957952550009344,0.6652132371375212,0.7499979375056718,0.2727272727272727,0.09090909090909091,0.5428669423186908,0.0,randPep,random_peptide_0729
8,-0.509546302557665,0.0,0.06369328781970812,0.375,0.25,0.0,0.0,0.25,0.9249999999999999,0.25,120.525,5.27274875640869,2.1556390622295662,1.3587865167230622,0.6666648888936296,0.0,0.375,0.5218055861468881,0.0,randPep,random_peptide_0730
10,0.756372123773835,0.09999999999999998,0.0756372123773835,0.3,0.1,0.3,0.2,0.2,-1.1600000000000001,0.1,0.5099999999999998,8.176090049743653,2.846439344671015,2.5212320084727553,0.33333222222592596,0.1,0.5,1.4017252791158235,0.15,randPep,random_peptide_0731
9,-1.1499137355829,-0.1111111111111111,0.12776819284254445,0.6666666666666666,0.4444444444444444,0.0,0.1111111111111111,0.0,0.7222222222222222,0.3333333333333333,73.08888888888889,5.240236854553221,2.94770277922009,1.724868016072326,0.6666656666681666,0.4444444444444444,0.3333333333333333,0.9413531658981397,0.07407407407407407,randPep,random_peptide_0732
21,-0.1529107385799029,0.0,0.007281463741900138,0.2857142857142857,0.23809523809523808,0.047619047619047616,0.047619047619047616,0.2857142857142857,-0.9523809523809523,0.19047619047619047,27.485714285714284,6.746867942810059,3.4039894464852614,0.5351857118796687,0.833330416676875,0.09523809523809523,0.14285714285714285,0.5872934147323875,0.027210884353741492,randPep,random_peptide_0733
14,0.5453226454741842,0.07142857142857142,0.038951617533870296,0.5714285714285714,0.35714285714285715,0.07142857142857142,0.0,0.21428571428571427,0.24285714285714283,0.2857142857142857,52.31428571428571,8.334682273864747,3.378783493486176,0.9543129595321431,0.6249989062519141,0.35714285714285715,0.2857142857142857,1.7084679798193803,0.04081632653061224,randPep,random_peptide_0734
11,-0.8742132840382706,-0.09090909090909091,0.07947393491257006,0.18181818181818182,0.2727272727272727,0.0,0.09090909090909091,0.36363636363636365,-1.0090909090909093,0.09090909090909091,84.0909090909091,6.0021066665649405,3.0957952550009344,4.808146617404092,1.4999917500453746,0.18181818181818182,0.18181818181818182,1.0625728533344112,0.01652892561983471,randPep,random_peptide_0735
21,1.7519920852645003,0.09523809523809523,0.08342819453640478,0.2857142857142857,0.09523809523809523,0.14285714285714285,0.047619047619047616,0.42857142857142855,-0.4047619047619048,0.09523809523809523,97.63333333333333,9.50413875579834,3.689703732199547,6.131950836597824,0.33333216667075,0.19047619047619047,0.2857142857142857,1.2757717751775186,0.054421768707482984,randPep,random_peptide_0736
11,2.84736756268473,0.2727272727272727,0.25885159660770274,0.18181818181818182,0.2727272727272727,0.36363636363636365,0.09090909090909091,0.2727272727272727,-2.727272727272727,0.18181818181818182,192.56363636363636,11.711342811584473,2.8453509366224368,15.660435462370971,1.4999917500453746,0.09090909090909091,0.5454545454545454,0.5231137293088377,0.08264462809917357,randPep,random_peptide_0737
4,-1.2370879238374872,-0.25,0.3092719809593718,0.5,0.0,0.0,0.25,0.0,1.6749999999999998,0.0,117.35,4.0500284194946286,2.0,2.4741708993331755,0.0,0.5,0.0,1.361295339006198,0.125,randPep,random_peptide_0738
5,-0.6117043957323818,0.0,0.12234087914647636,0.4,0.0,0.0,0.0,0.4,2.54,0.0,73.2,5.183511543273924,1.9219280948873623,1.529257166188039,0.0,0.4,0.2,1.1409126660073352,0.0,randPep,random_peptide_0739
8,2.4581384573195963,0.375,0.30726730716494954,0.25,0.125,0.375,0.0,0.375,-1.7625,0.125,103.17499999999998,11.16600475311279,2.5,9.83251449922039,0.49999800000800004,0.125,0.5,0.1187350507200478,0.09375,randPep,random_peptide_0740
24,-1.1686049547410764,-0.041666666666666664,0.04869187311421152,0.375,0.25,0.041666666666666664,0.08333333333333333,0.2916666666666667,0.19166666666666657,0.20833333333333331,20.895833333333336,5.320038795471191,3.8035088547976788,3.116271569252019,0.6666648888936296,0.25,0.3333333333333333,1.4127800494094955,0.046875,randPep,random_peptide_0741
7,-0.15272419755611044,0.0,0.021817742508015776,0.2857142857142857,0.2857142857142857,0.0,0.0,0.14285714285714285,0.25714285714285706,0.14285714285714285,119.22857142857143,6.741127204895021,2.521640636343318,0.5345328205815146,0.99999650001225,0.14285714285714285,0.14285714285714285,0.21031614834062085,0.0,randPep,random_peptide_0742
6,-1.2397766258698537,-0.16666666666666666,0.20662943764497563,0.6666666666666666,0.3333333333333333,0.0,0.16666666666666666,0.0,1.0333333333333332,0.3333333333333333,102.135,4.0500284194946286,2.584962500721156,1.8596621493115566,0.499999250001125,0.5,0.16666666666666666,1.3198274297969579,0.1111111111111111,randPep,random_peptide_0743
13,-0.16362418865412132,0.0,0.012586476050317024,0.38461538461538464,0.23076923076923078,0.0,0.0,0.23076923076923078,-0.5,0.15384615384615385,78.25384615384615,6.731009864807128,3.0850551027564768,0.42542178440407596,0.599998440004056,0.15384615384615385,0.15384615384615385,0.6646729840761867,0.0,randPep,random_peptide_0744
24,-0.07465391202589,0.0,0.0031105796677454167,0.3333333333333333,0.16666666666666666,0.16666666666666666,0.16666666666666666,0.041666666666666664,-0.49999999999999983,0.125,39.212500000000006,6.855600929260253,3.4864405016961446,0.22396106419447745,0.4999985000045,0.16666666666666666,0.2916666666666667,0.888090076062234,0.1111111111111111,randPep,random_peptide_0745
27,0.9051240467706121,0.037037037037037035,0.033523112843356004,0.14814814814814814,0.1111111111111111,0.14814814814814814,0.1111111111111111,0.3333333333333333,-0.9888888888888888,0.07407407407407407,68.87407407407406,8.130639839172364,3.782122224145306,6.109546076265617,0.7499949375341717,0.07407407407407407,0.2962962962962963,1.1430074190183175,0.03840877914951989,randPep,random_peptide_0746
16,-0.24786615499465414,0.0,0.015491634687165884,0.25,0.125,0.125,0.125,0.375,-0.91875,0.125,8.56875,6.061844444274903,3.452819531114783,0.9914606541360002,0.49999800000800004,0.1875,0.3125,1.3036978182630394,0.0625,randPep,random_peptide_0747
18,-1.1662912942919288,-0.05555555555555555,0.06479396079399605,0.2222222222222222,0.1111111111111111,0.1111111111111111,0.16666666666666666,0.3333333333333333,-0.42777777777777776,0.05555555555555555,38.52777777777778,5.4918062210083,3.350209029099897,5.2482872070212485,0.499997750010125,0.2222222222222222,0.2777777777777778,1.059694802754399,0.06172839506172839,randPep,random_peptide_0748
19,-0.9907002468499915,-0.05263157894736842,0.05214211825526271,0.2631578947368421,0.2631578947368421,0.05263157894736842,0.10526315789473684,0.15789473684210525,-0.963157894736842,0.15789473684210525,35.73157894736841,5.999321556091308,3.511085408180427,3.764646632372765,0.99999620001444,0.21052631578947367,0.10526315789473684,0.7461411834227824,0.04155124653739612,randPep,random_peptide_0749
10,1.759092613290301,0.2,0.17590926132903012,0.2,0.0,0.2,0.0,0.5,-1.32,0.0,45.449999999999996,11.000836753845213,2.9219280948873623,8.795419089356058,0.0,0.2,0.2,1.7565577699091268,0.04000000000000001,randPep,random_peptide_0750
20,-0.15092273648190235,0.0,0.007546136824095118,0.35,0.2,0.05,0.05,0.25,-0.6900000000000001,0.15000000000000002,24.735,6.748743629455567,3.821928094887362,0.4312065865009025,0.571426938780175,0.15,0.15,1.084448728507702,0.034999999999999996,randPep,random_peptide_0751
27,-2.243833171940758,-0.07407407407407407,0.08310493229410215,0.25925925925925924,0.18518518518518517,0.1111111111111111,0.18518518518518517,0.2222222222222222,-1.5925925925925926,0.18518518518518517,31.762962962962963,4.437556648254395,3.680089353694807,8.654751709157761,0.7142829591943003,0.1111111111111111,0.25925925925925924,1.6644691626570063,0.07681755829903977,randPep,random_peptide_0752
15,-2.1595594592535896,-0.13333333333333336,0.143970630616906,0.5333333333333333,0.26666666666666666,0.06666666666666667,0.2,0.06666666666666667,-0.25333333333333347,0.26666666666666666,87.82733333333331,4.252773094177246,3.323231428797621,4.049166393913492,0.4999990625017578,0.4,0.2,1.3840886804135324,0.14222222222222222,randPep,random_peptide_0753
17,-0.3272949379474833,0.0,0.01925264340867549,0.35294117647058826,0.29411764705882354,0.0,0.0,0.17647058823529413,-0.12352941176470592,0.1764705882352941,53.547058823529404,6.6876417160034185,3.2639334294856344,0.9273330300742842,0.8333309722289121,0.29411764705882354,0.058823529411764705,0.5571452713241666,0.0,randPep,random_peptide_0754
13,0.7602033743301442,0.07692307692307693,0.05847718264078032,0.23076923076923078,0.15384615384615385,0.15384615384615385,0.07692307692307693,0.3076923076923077,-1.176923076923077,0.15384615384615385,21.830769230769235,8.745345878601075,3.238901256602631,3.2942003472291197,0.6666637777902963,0.15384615384615385,0.23076923076923078,0.6304111302060527,0.053254437869822494,randPep,random_peptide_0755
5,-0.23989838581069733,0.0,0.04797967716213947,0.6,0.0,0.0,0.0,0.0,2.16,0.0,40.760000000000005,5.525000190734862,2.321928094887362,0.3998299766345345,0.0,0.4,0.0,0.38714870341071594,0.0,randPep,random_peptide_0756
8,0.5003446876413439,0.125,0.06254308595516798,0.25,0.125,0.125,0.0,0.5,-0.2250000000000001,0.125,23.400000000000002,9.500077247619632,2.75,2.0013707450823954,0.49999800000800004,0.25,0.25,0.6282419985496221,0.03125,randPep,random_peptide_0757
19,0.7520020851645013,0.05263157894736842,0.03957905711392112,0.3157894736842105,0.15789473684210525,0.10526315789473684,0.05263157894736842,0.21052631578947367,-0.1578947368421054,0.15789473684210525,53.784210526315796,8.22224941253662,3.6818808028034016,2.3813323954683354,0.4999984166716806,0.15789473684210525,0.3157894736842105,0.7870345946367769,0.04986149584487534,randPep,random_peptide_0758
20,-2.621250105908862,-0.09999999999999999,0.1310625052954431,0.45,0.25,0.05,0.15,0.3,-0.15000000000000005,0.25,35.03000000000001,4.0500284194946286,3.446439344671015,5.824987290936825,0.5555543209903978,0.35,0.25,1.0923345282523405,0.09000000000000001,randPep,random_peptide_0759
20,0.9346835106801628,0.04999999999999999,0.04673417553400814,0.3,0.2,0.15,0.1,0.15,-0.48000000000000026,0.1,-18.755000000000003,8.604353523254396,3.2841837197791888,3.1156013169294865,0.6666644444518519,0.3,0.25,0.5586773281101981,0.075,randPep,random_peptide_0760
7,-0.15092273648190235,0.0,0.02156039092598605,0.42857142857142855,0.42857142857142855,0.14285714285714285,0.14285714285714285,0.14285714285714285,-0.8571428571428573,0.2857142857142857,49.8,6.748743629455567,2.807354922057604,0.35215223010256863,0.9999976666721112,0.42857142857142855,0.2857142857142857,1.9086563218925696,0.12244897959183672,randPep,random_peptide_0761
16,-1.1623599213267988,-0.0625,0.07264749508292492,0.5625,0.1875,0.0625,0.125,0.125,0.23124999999999998,0.1875,60.55625,4.531682014465332,3.625,2.066413964289483,0.3333327407417942,0.375,0.1875,1.0677575243753787,0.10546875,randPep,random_peptide_0762
8,-1.497833851484446,-0.125,0.18722923143555575,0.375,0.375,0.0,0.125,0.25,-0.3500000000000001,0.375,-31.212500000000002,4.0500284194946286,2.75,3.9942129527239825,0.9999973333404445,0.25,0.25,1.0992829591578197,0.046875,randPep,random_peptide_0763
17,-1.0845395295243352,-0.058823529411764705,0.0637964429131962,0.47058823529411764,0.4117647058823529,0.0,0.058823529411764705,0.29411764705882354,0.2647058823529412,0.2941176470588235,62.26470588235294,5.980735206604003,3.4992275471326932,2.3046416028758063,0.8749981406289512,0.4117647058823529,0.29411764705882354,0.8537863286188861,0.02768166089965398,randPep,random_peptide_0764
14,-1.1813064069132952,-0.07142857142857142,0.08437902906523538,0.21428571428571427,0.14285714285714285,0.0,0.07142857142857142,0.2857142857142857,0.21428571428571416,0.07142857142857142,104.2357142857143,5.075972175598143,3.182005814760214,5.512737506153683,0.666663555570074,0.14285714285714285,0.2857142857142857,0.6699546677814125,0.01530612244897959,randPep,random_peptide_0765
14,-0.23808692483648786,0.0,0.01700620891689199,0.42857142857142855,0.2857142857142857,0.07142857142857142,0.07142857142857142,0.2857142857142857,-0.4642857142857144,0.2857142857142857,-1.1642857142857137,6.0014245986938475,3.09306920777189,0.5555348617037944,0.6666651111147408,0.21428571428571427,0.35714285714285715,1.2617583939776393,0.06122448979591836,randPep,random_peptide_0766
12,-0.2400849268344898,0.0,0.020007077236207482,0.4166666666666667,0.25,0.08333333333333333,0.08333333333333333,0.25,-0.5333333333333332,0.25,0.8583333333333373,5.999946784973144,3.418295834054489,0.5762024415169159,0.599998560003456,0.3333333333333333,0.16666666666666666,1.1060062308925842,0.06944444444444445,randPep,random_peptide_0767
13,-0.2486886148698635,0.0,0.01912989345152796,0.3076923076923077,0.15384615384615385,0.07692307692307693,0.07692307692307693,0.07692307692307693,0.015384615384615382,0.15384615384615385,119.0076923076923,5.82937297821045,3.180832987205441,0.8082353715620988,0.49999837500528127,0.15384615384615385,0.3076923076923077,0.4736348979475096,0.04733727810650888,randPep,random_peptide_0768
20,-1.2486786149698625,-0.05,0.06243393074849313,0.35,0.0,0.0,0.05,0.25,1.0150000000000001,0.0,-21.73,4.0500284194946286,3.3464393446710154,3.5676429923624866,0.0,0.3,0.05,0.6104392361514136,0.017499999999999998,randPep,random_peptide_0769
20,-0.15272419755611044,0.0,0.007636209877805522,0.4,0.25,0.0,0.0,0.45,0.29500000000000004,0.2,-19.61,6.741127204895021,3.046439344671015,0.3818095393664277,0.6249984375039063,0.35,0.2,1.6397044610801452,0.0,randPep,random_peptide_0770
23,-1.0068245239166447,-0.043478260869565216,0.04377497930072368,0.4782608695652174,0.2608695652173913,0.043478260869565216,0.08695652173913043,0.17391304347826086,1.065217391304348,0.17391304347826086,58.504347826086956,6.010291481018065,3.4685766296878655,2.1051741482797652,0.5454534049610623,0.4782608695652174,0.2608695652173913,1.0648015913390552,0.062381852551984876,randPep,random_peptide_0771
19,1.7371160899704878,0.10526315789473684,0.09142716263002568,0.2631578947368421,0.15789473684210525,0.15789473684210525,0.05263157894736842,0.2631578947368421,-0.9894736842105264,0.15789473684210525,36.0,8.75746593475342,3.1813663288914587,6.601016058026834,0.599997720008664,0.2631578947368421,0.2631578947368421,1.4414520983716042,0.05540166204986149,randPep,random_peptide_0772
5,-0.2486886148698635,0.0,0.0497377229739727,0.2,0.0,0.2,0.2,0.4,-1.44,0.0,85.04,5.82937297821045,2.321928094887362,1.2434368571650316,0.0,0.0,0.4,1.893260225643815,0.08000000000000002,randPep,random_peptide_0773
3,-0.4996453124586552,0.0,0.1665484374862184,0.6666666666666666,0.0,0.0,0.0,0.0,2.733333333333333,0.0,47.800000000000004,5.275022315979004,1.584962500721156,0.749466844487716,0.0,0.3333333333333333,0.0,0.8838049055708567,0.0,randPep,random_peptide_0774
27,0.10517362868885805,0.0,0.0038953195810688163,0.2962962962962963,0.18518518518518517,0.18518518518518517,0.18518518518518517,0.14814814814814814,-1.3481481481481483,0.07407407407407407,15.685185185185187,7.121664237976075,3.6619328723735824,0.3549597988355749,0.6249978906321192,0.2222222222222222,0.25925925925925924,1.3976427037223293,0.10973936899862824,randPep,random_peptide_0775
12,0.9555318645813524,0.08333333333333333,0.07962765538177936,0.4166666666666667,0.3333333333333333,0.08333333333333333,0.0,0.25,-1.0583333333333333,0.3333333333333333,75.48333333333335,8.903551292419433,2.8553885422075336,2.2932709711449153,0.7999980800046079,0.3333333333333333,0.25,0.3679812252287787,0.034722222222222224,randPep,random_peptide_0776
17,-1.0806183065112807,-0.05882352941176472,0.06356578273595768,0.17647058823529413,0.17647058823529413,0.11764705882352941,0.17647058823529413,0.29411764705882354,-1.1588235294117646,0.058823529411764705,-24.388235294117646,6.009836769104003,3.381580488309164,6.123469037239379,0.9999943333654443,0.17647058823529413,0.23529411764705882,0.8329719922892326,0.051903114186851215,randPep,random_peptide_0777
27,-2.154949282852803,-0.07407407407407407,0.07981293640195568,0.2222222222222222,0.07407407407407407,0.1111111111111111,0.18518518518518517,0.2222222222222222,-0.8666666666666665,0.037037037037037035,38.85925925925927,4.89835033416748,3.6339740759971577,9.697228135311006,0.3333318333400833,0.18518518518518517,0.18518518518518517,1.2060357744952117,0.06584362139917695,randPep,random_peptide_0778
4,0.49935568654234397,0.25,0.12483892163558599,0.0,0.0,0.25,0.0,0.25,-1.475,0.0,-34.95,8.500108146667483,2.0,499355.686542344,0.0,0.0,0.25,0.5836308764964376,0.0,randPep,random_peptide_0779
17,1.8531002466719935,0.11764705882352944,0.10900589686305844,0.23529411764705882,0.058823529411764705,0.35294117647058826,0.23529411764705882,0.11764705882352941,-1.9235294117647062,0.0,120.31176470588235,9.970825386047363,3.146286370662105,7.875642576875021,0.2499989375045156,0.17647058823529413,0.35294117647058826,0.9071431194737601,0.1384083044982699,randPep,random_peptide_0780
6,0.7591026131903019,0.16666666666666666,0.12651710219838366,0.5,0.3333333333333333,0.16666666666666666,0.0,0.16666666666666666,0.55,0.3333333333333333,76.76666666666667,8.750052070617677,2.584962500721156,1.518202189976224,0.6666653333359999,0.3333333333333333,0.5,0.8852181149926337,0.08333333333333333,randPep,random_peptide_0781
11,0.7589160721665091,0.09090909090909091,0.06899237019695538,0.36363636363636365,0.36363636363636365,0.18181818181818182,0.09090909090909091,0.18181818181818182,-1.8000000000000005,0.36363636363636365,69.24636363636363,8.430933570861818,2.7321588913645702,2.0870134591708873,0.9999972500075626,0.2727272727272727,0.36363636363636365,0.397653179697528,0.09917355371900825,randPep,random_peptide_0782
19,-0.08074006645212473,0.0,0.004249477181690775,0.2631578947368421,0.15789473684210525,0.10526315789473684,0.10526315789473684,0.2631578947368421,-0.16842105263157894,0.05263157894736842,104.25263157894736,6.905619239807129,3.576617644908665,0.3068110866359448,0.599997720008664,0.21052631578947367,0.2631578947368421,0.9669778110834722,0.05540166204986149,randPep,random_peptide_0783
3,-0.539853540782401,0.0,0.17995118026080034,0.0,0.0,0.0,0.0,0.6666666666666666,-1.5666666666666667,0.0,6.666666666666667,5.240009498596191,1.584962500721156,539853.540782401,0.0,0.0,0.0,0.973538791100682,0.0,randPep,random_peptide_0784
18,0.7948655869550849,0.05555555555555555,0.044159199275282494,0.3888888888888889,0.2222222222222222,0.05555555555555555,0.0,0.3333333333333333,-0.4722222222222222,0.2222222222222222,58.855555555555554,8.792601203918458,3.6835423624332306,2.04393482490924,0.5714271020445948,0.2777777777777778,0.2222222222222222,0.5060987290843469,0.021604938271604937,randPep,random_peptide_0785
24,0.8749492470838725,0.041666666666666664,0.036456218628494685,0.3333333333333333,0.16666666666666666,0.08333333333333333,0.041666666666666664,0.25,-0.13333333333333347,0.125,23.775,8.273824119567873,3.9701755214643457,2.6248398667320174,0.4999985000045,0.16666666666666666,0.25,1.440987538978721,0.041666666666666664,randPep,random_peptide_0786
19,2.7983535951147163,0.15789473684210525,0.14728176816393243,0.3684210526315789,0.21052631578947367,0.15789473684210525,0.0,0.42105263157894735,-0.30526315789473674,0.15789473684210525,20.421052631578945,9.388418006896973,3.5766176449086653,7.5955105703541115,0.5714270204123733,0.2631578947368421,0.3684210526315789,1.0353586744149128,0.05817174515235456,randPep,random_peptide_0787
23,-3.101100986843665,-0.13043478260869565,0.134830477688855,0.17391304347826086,0.13043478260869565,0.0,0.13043478260869565,0.4782608695652174,-0.49999999999999994,0.043478260869565216,17.808695652173917,4.516960716247559,3.2733494559629497,17.831228144789243,0.7499956875247967,0.13043478260869565,0.17391304347826086,0.7725974143193374,0.02268431001890359,randPep,random_peptide_0788
23,-1.256768144094663,-0.043478260869565216,0.054642093221507086,0.30434782608695654,0.13043478260869565,0.043478260869565216,0.08695652173913043,0.30434782608695654,0.12173913043478268,0.13043478260869565,21.85217391304348,4.370202445983887,3.882045108136863,4.129367476960754,0.4285700204127901,0.21739130434782608,0.2608695652173913,1.9260189899015996,0.03969754253308129,randPep,random_peptide_0789
28,-3.168339688412755,-0.10714285714285714,0.1131549888718841,0.39285714285714285,0.17857142857142858,0.03571428571428571,0.14285714285714285,0.32142857142857145,-0.12857142857142856,0.17857142857142855,62.07857142857143,4.0500284194946286,3.869331261111518,8.064844132720129,0.45454429752360637,0.35714285714285715,0.17857142857142858,1.1239744726282224,0.07015306122448979,randPep,random_peptide_0790
5,-0.05237112351965567,0.0,0.010474224703931135,0.2,0.2,0.0,0.0,0.2,0.21999999999999997,0.2,40.28,5.905878257751465,2.321928094887362,0.26185430832673673,0.9999950000249999,0.2,0.2,0.6658511510814743,0.0,randPep,random_peptide_0791
22,-2.0796093056122786,-0.0909090909090909,0.09452769570964903,0.2727272727272727,0.22727272727272727,0.045454545454545456,0.13636363636363635,0.2727272727272727,-0.26818181818181813,0.13636363636363635,55.086363636363636,5.274397087097167,3.663532754804254,7.625206161489097,0.8333302777889816,0.2727272727272727,0.2727272727272727,1.2906168051294762,0.04958677685950413,randPep,random_peptide_0792
23,3.461873139308858,0.1739130434782609,0.15051622344821122,0.21739130434782608,0.043478260869565216,0.30434782608695654,0.13043478260869565,0.30434782608695654,-1.578260869565217,0.043478260869565216,81.79565217391304,10.165906715393067,3.4642346527265664,15.924543187922083,0.19999908000423197,0.17391304347826086,0.34782608695652173,1.3313863463582036,0.0945179584120983,randPep,random_peptide_0793
28,-0.23978662576985488,0.0,0.008563808063209102,0.4642857142857143,0.21428571428571427,0.03571428571428571,0.03571428571428571,0.21428571428571427,0.3321428571428573,0.21428571428571427,22.02142857142857,5.835682106018066,3.7803946541231945,0.5164623892776182,0.46153746745776236,0.32142857142857145,0.21428571428571427,1.6662924002706463,0.03316326530612245,randPep,random_peptide_0794
5,0.7591026131903019,0.2,0.1518205226380604,0.0,0.0,0.2,0.0,0.4,-2.04,0.0,-37.14,8.750052070617677,2.321928094887362,759102.6131903019,0.0,0.0,0.2,0.596033204999951,0.0,randPep,random_peptide_0795
11,-0.16405962226016513,0.0,0.014914511114560465,0.45454545454545453,0.2727272727272727,0.18181818181818182,0.18181818181818182,0.09090909090909091,-1.1090909090909093,0.2727272727272727,13.945454545454542,6.1673376083374025,3.2776134368191165,0.3609303749255385,0.599998680002904,0.2727272727272727,0.36363636363636365,1.3401426038366737,0.1652892561983471,randPep,random_peptide_0796
12,-2.14648931409391,-0.16666666666666669,0.1788741095078258,0.4166666666666667,0.16666666666666666,0.08333333333333333,0.25,0.08333333333333333,-1.175,0.08333333333333333,12.708333333333329,4.747783851623535,2.751629167387823,5.151561990076607,0.39999904000230396,0.08333333333333333,0.08333333333333333,0.8381713505724754,0.1388888888888889,randPep,random_peptide_0797
8,-2.1691521483879628,-0.25,0.27114401854849535,0.0,0.0,0.125,0.375,0.375,-2.4875,0.0,23.400000000000002,4.137446784973144,2.75,2169152.148387963,0.0,0.0,0.25,1.1277719574617726,0.0,randPep,random_peptide_0798
24,-1.0717163174112718,-0.04166666666666667,0.044654846558802995,0.3333333333333333,0.2916666666666667,0.08333333333333333,0.125,0.25,-0.47916666666666674,0.20833333333333331,19.65458333333334,6.010518836975096,3.8349625007211565,3.2151393068158955,0.8749973750078751,0.2916666666666667,0.25,1.4158046742387846,0.06944444444444443,randPep,random_peptide_0799
27,-0.32144049401937647,0.0,0.01190520348219913,0.3333333333333333,0.18518518518518517,0.14814814814814814,0.14814814814814814,0.14814814814814814,-0.6851851851851849,0.1111111111111111,45.72962962962963,6.700487327575684,4.060262039120378,0.9643185891023622,0.5555538888938889,0.25925925925925924,0.2222222222222222,1.2713920364184164,0.09876543209876543,randPep,random_peptide_0800
17,-0.17341341871228866,0.0,0.01020078933601698,0.35294117647058826,0.17647058823529413,0.058823529411764705,0.058823529411764705,0.29411764705882354,0.041176470588235356,0.11764705882352941,60.5,6.72475757598877,3.6168746059562227,0.49133662756437313,0.49999858333734726,0.29411764705882354,0.17647058823529413,1.1189702124075251,0.041522491349480974,randPep,random_peptide_0801
17,0.7524121462699784,0.05882352941176472,0.04425953801588108,0.35294117647058826,0.23529411764705882,0.17647058823529413,0.11764705882352941,0.29411764705882354,-0.3,0.23529411764705882,18.794117647058826,8.249326133728026,2.984234164652489,2.131828374251212,0.6666647777831296,0.35294117647058826,0.47058823529411764,1.0595237931138402,0.10380622837370243,randPep,random_peptide_0802
30,-1.1677924947658673,-0.03333333333333334,0.038926416492195574,0.3,0.1,0.06666666666666667,0.1,0.36666666666666664,-0.5399999999999998,0.06666666666666667,26.923333333333332,5.444800376892089,4.031401845392171,3.8926286737906457,0.33333222222592596,0.2,0.16666666666666666,1.5543821854961208,0.05,randPep,random_peptide_0803
16,-0.24798791493549777,0.0,0.01549924468346861,0.625,0.125,0.0625,0.0625,0.1875,1.09375,0.125,21.612499999999997,5.994262886047363,3.125,0.3967800290487499,0.199999680000512,0.4375,0.25,0.889102327922945,0.078125,randPep,random_peptide_0804
13,-2.0802882591000103,-0.15384615384615385,0.16002217377692388,0.23076923076923078,0.15384615384615385,0.07692307692307693,0.23076923076923078,0.3076923076923077,-1.2615384615384615,0.07692307692307693,37.93846153846154,4.75233097076416,3.180832987205441,9.014543393078673,0.6666637777902963,0.15384615384615385,0.23076923076923078,0.9965061521572708,0.07100591715976332,randPep,random_peptide_0805
26,-0.33316294499259724,0.0,0.012813959422792202,0.2692307692307692,0.19230769230769232,0.11538461538461539,0.11538461538461539,0.19230769230769232,-0.9692307692307692,0.11538461538461539,119.74615384615385,6.691904640197754,3.8542858719872455,1.2374577708436412,0.7142830612343442,0.19230769230769232,0.19230769230769232,1.5245526783341825,0.0621301775147929,randPep,random_peptide_0806
7,0.7492016230912921,0.14285714285714285,0.10702880329875601,0.14285714285714285,0.14285714285714285,0.14285714285714285,0.0,0.42857142857142855,-1.2285714285714284,0.14285714285714285,-11.785714285714286,8.22224941253662,2.807354922057604,5.244374651016488,0.9999930000489996,0.0,0.42857142857142855,0.4335468408216589,0.02040816326530612,randPep,random_peptide_0807
19,-2.200194189232858,-0.10526315789473684,0.11579969417015042,0.42105263157894735,0.21052631578947367,0.0,0.10526315789473684,0.42105263157894735,-0.6789473684210525,0.21052631578947367,43.22105263157895,4.0500284194946286,3.4316235658474294,5.225448788987165,0.49999881250282036,0.15789473684210525,0.21052631578947367,1.5028717014335058,0.04432132963988919,randPep,random_peptide_0808
29,1.751114844206343,0.06896551724137931,0.060383270489873894,0.3103448275862069,0.1724137931034483,0.13793103448275862,0.06896551724137931,0.3793103448275862,-0.8275862068965515,0.1724137931034483,38.806896551724144,9.194948387145995,3.8143719431796272,5.64246298339527,0.5555537654378669,0.27586206896551724,0.3103448275862069,1.1555756980144876,0.06420927467300833,randPep,random_peptide_0809
30,0.8024065779686138,0.033333333333333326,0.026746885932287127,0.36666666666666664,0.1,0.13333333333333333,0.1,0.23333333333333334,-0.29333333333333317,0.06666666666666667,20.439999999999998,8.004990959167483,4.015061012203069,2.1883756079809253,0.2727265289276484,0.2,0.23333333333333334,1.6210323523932197,0.08555555555555555,randPep,random_peptide_0810
30,-0.09015885687619951,0.0,0.0030052952292066505,0.36666666666666664,0.26666666666666666,0.06666666666666667,0.06666666666666667,0.23333333333333334,-0.09000000000000004,0.2,67.74333333333333,6.897775459289551,4.056564762130954,0.2458871208793054,0.7272707438070625,0.23333333333333334,0.3,1.123258394584754,0.048888888888888885,randPep,random_peptide_0811
14,1.7483243820331351,0.14285714285714285,0.1248803130023668,0.14285714285714285,0.0,0.21428571428571427,0.07142857142857142,0.2857142857142857,-0.6285714285714284,0.0,75.65714285714287,9.197140312194826,2.9852281360342525,12.238185006936899,0.0,0.0,0.2857142857142857,1.281421291120088,0.04081632653061224,randPep,random_peptide_0812
7,-0.2408973868096983,0.0,0.03441391240138547,0.2857142857142857,0.2857142857142857,0.0,0.0,0.14285714285714285,-0.5285714285714286,0.2857142857142857,141.31571428571428,5.524318122863768,2.5216406363433186,0.8431379028512842,0.99999650001225,0.2857142857142857,0.14285714285714285,0.7189971033830785,0.0,randPep,random_peptide_0813
10,-0.14992373548290128,0.0,0.014992373548290128,0.5,0.2,0.1,0.1,0.2,-0.38000000000000006,0.1,119.99000000000001,6.749653053283692,2.6464393446710153,0.29984687127206,0.3999992000016,0.3,0.2,0.8945634421901545,0.1,randPep,random_peptide_0814
10,-0.16081372668091087,0.0,0.016081372668091086,0.2,0.2,0.1,0.1,0.3,-0.5500000000000002,0.1,57.36,6.739535713195801,3.121928094887362,0.8040646130814889,0.9999950000249999,0.2,0.3,0.6995956960291017,0.04000000000000001,randPep,random_peptide_0815
6,-0.041471132421644796,0.0,0.006911855403607466,0.3333333333333333,0.0,0.0,0.0,0.3333333333333333,0.7833333333333332,0.0,72.53333333333335,5.954987144470215,2.2516291673878226,0.12441302402586232,0.0,0.16666666666666666,0.0,0.7440504761849903,0.0,randPep,random_peptide_0816
24,-2.181492947937088,-0.08333333333333333,0.09089553949737866,0.4583333333333333,0.2916666666666667,0.0,0.08333333333333333,0.2916666666666667,-0.07916666666666666,0.24999999999999997,58.21249999999999,4.3530370712280275,3.625814583693912,4.759610592712353,0.6363622479369136,0.3333333333333333,0.25,1.3996083982721592,0.03819444444444444,randPep,random_peptide_0817
21,0.935794271720007,0.047619047619047616,0.044561631986666995,0.38095238095238093,0.23809523809523808,0.19047619047619047,0.14285714285714285,0.09523809523809523,-0.9476190476190476,0.14285714285714285,22.890476190476193,8.603257560729983,3.5944656369614516,2.4564535150745415,0.6249983593793067,0.19047619047619047,0.3333333333333333,1.8594113525647133,0.12698412698412698,randPep,random_peptide_0818
28,-1.198125555949009,-0.03571428571428571,0.04279019842675032,0.21428571428571427,0.17857142857142858,0.03571428571428571,0.07142857142857142,0.35714285714285715,-0.7142857142857141,0.03571428571428571,68.88571428571429,6.351836967468262,3.6820058147602137,5.591226502038366,0.8333294444625926,0.07142857142857142,0.10714285714285714,1.2266452869336826,0.022959183673469385,randPep,random_peptide_0819
6,-1.2112159402717126,-0.16666666666666666,0.20186932337861876,0.3333333333333333,0.0,0.0,0.16666666666666666,0.5,-0.2666666666666668,0.0,101.1,4.0500284194946286,2.2516291673878226,3.6336369199043785,0.0,0.0,0.16666666666666666,1.698774067771619,0.05555555555555555,randPep,random_peptide_0820
17,0.7440343159805449,0.05882352941176469,0.04376672446944382,0.17647058823529413,0.0,0.23529411764705882,0.17647058823529413,0.23529411764705882,-0.8941176470588235,0.0,17.941176470588236,8.033485984802244,3.4548223999466066,4.2161705655898825,0.0,0.058823529411764705,0.35294117647058826,0.6137000392937714,0.0726643598615917,randPep,random_peptide_0821
19,-1.1504926755764224,-0.05263157894736842,0.0605522460829696,0.42105263157894735,0.21052631578947367,0.05263157894736842,0.10526315789473684,0.21052631578947367,-0.036842105263157905,0.15789473684210525,40.59473684210526,5.210851097106932,3.576617644908665,2.732413615011668,0.49999881250282036,0.3157894736842105,0.21052631578947367,0.8543691573834363,0.06648199445983378,randPep,random_peptide_0822
11,-0.2387876247708538,0.0,0.021707965888259437,0.2727272727272727,0.2727272727272727,0.09090909090909091,0.09090909090909091,0.18181818181818182,-0.9727272727272726,0.2727272727272727,63.92727272727273,5.83636417388916,2.9139770731827523,0.8755514138046134,0.9999963333467778,0.09090909090909091,0.36363636363636365,0.5315297135956226,0.04958677685950413,randPep,random_peptide_0823
28,-0.2586543860518229,0.0,0.009237656644707961,0.39285714285714285,0.17857142857142858,0.10714285714285714,0.10714285714285714,0.25,-0.4142857142857141,0.17857142857142855,11.868214285714284,6.105667304992674,3.9677201004744993,0.6583913067722229,0.45454429752360637,0.2857142857142857,0.2857142857142857,1.1981325104693992,0.08418367346938775,randPep,random_peptide_0824
3,0.8472658025438885,0.3333333333333333,0.2824219341812962,0.3333333333333333,0.6666666666666666,0.3333333333333333,0.0,0.0,-2.866666666666667,0.3333333333333333,70.86666666666667,9.756532478332517,1.584962500721156,2.541789782262319,1.999994000018,0.0,0.6666666666666666,1.05251022692313,0.1111111111111111,randPep,random_peptide_0825
19,-2.177805244905721,-0.10526315789473684,0.11462132867924846,0.21052631578947367,0.15789473684210525,0.0,0.10526315789473684,0.47368421052631576,-0.49473684210526325,0.10526315789473684,91.3157894736842,4.507184410095214,3.4713544870139286,10.344525776804735,0.7499964375169218,0.21052631578947367,0.21052631578947367,0.5179602041028843,0.022160664819944595,randPep,random_peptide_0826
22,-1.1696039557400775,-0.045454545454545456,0.05316381617000352,0.3181818181818182,0.18181818181818182,0.045454545454545456,0.09090909090909091,0.3181818181818182,-0.027272727272727296,0.13636363636363635,31.232272727272733,5.320038795471191,3.879664004902593,3.6758865938252345,0.5714267755158484,0.3181818181818182,0.22727272727272727,1.532777972429914,0.04338842975206611,randPep,random_peptide_0827
3,-0.2408973868096983,0.0,0.0802991289365661,0.6666666666666666,0.6666666666666666,0.0,0.0,0.3333333333333333,-0.6666666666666666,0.6666666666666666,6.666666666666667,5.524318122863768,1.584962500721156,0.36134553819624016,0.99999850000225,0.6666666666666666,0.3333333333333333,1.8460167328000514,0.0,randPep,random_peptide_0828
28,-0.08242976748549014,0.0,0.0029439202673389336,0.2857142857142857,0.25,0.07142857142857142,0.07142857142857142,0.42857142857142855,-0.9499999999999998,0.17857142857142855,33.03214285714286,6.903175163269044,3.9407598325400897,0.288503176438098,0.8749969375107188,0.14285714285714285,0.32142857142857145,1.1888354424072152,0.04081632653061224,randPep,random_peptide_0829
29,-5.997262377157169,-0.20689655172413793,0.2068021509364541,0.3103448275862069,0.20689655172413793,0.0,0.20689655172413793,0.3793103448275862,-0.6586206896551722,0.13793103448275862,37.08620689655173,4.13443431854248,3.715932185515029,19.324449836501405,0.6666645185254403,0.20689655172413793,0.1724137931034483,0.7994993090299524,0.06420927467300833,randPep,random_peptide_0830
13,-0.24494393298060135,0.0,0.018841840998507796,0.07692307692307693,0.0,0.3076923076923077,0.3076923076923077,0.15384615384615385,-2.1153846153846154,0.0,17.51538461538462,6.206442832946778,2.873140679513133,3.1842297337612786,0.0,0.07692307692307693,0.38461538461538464,0.8658821405526003,0.04733727810650888,randPep,random_peptide_0831
16,0.8364775714867205,0.0625,0.05227984821792003,0.375,0.375,0.125,0.0625,0.1875,-1.1500000000000001,0.3125,51.156249999999986,8.206067848205567,3.452819531114783,2.230600909028831,0.9999973333404445,0.1875,0.375,1.1103329529983503,0.0703125,randPep,random_peptide_0832
22,-5.06646779263458,-0.22727272727272727,0.23029399057429908,0.2727272727272727,0.18181818181818182,0.0,0.22727272727272727,0.22727272727272727,-0.20909090909090916,0.09090909090909091,19.654545454545456,4.096750068664551,3.42511855035714,18.576980457398452,0.6666642222311853,0.2727272727272727,0.13636363636363635,1.2103495077548707,0.06198347107438016,randPep,random_peptide_0833
5,-0.16262518765512024,0.0,0.03252503753102405,0.2,0.2,0.0,0.0,0.6,-1.1800000000000002,0.0,55.36,6.731919288635253,2.321928094887362,0.8131218726662378,0.9999950000249999,0.0,0.2,1.7702920168196492,0.0,randPep,random_peptide_0834
12,-2.148300775068119,-0.16666666666666666,0.1790250645890099,0.4166666666666667,0.16666666666666666,0.0,0.16666666666666666,0.08333333333333333,-0.05833333333333335,0.08333333333333333,53.45,4.512697792053221,3.084962500721156,5.155909485980719,0.39999904000230396,0.3333333333333333,0.0,1.2780421548446343,0.06944444444444445,randPep,random_peptide_0835
15,-1.8960388924918266,-0.13333333333333336,0.12640259283278843,0.26666666666666666,0.3333333333333333,0.06666666666666667,0.2,0.13333333333333333,-1.2533333333333332,0.13333333333333333,64.04666666666665,5.763496589660644,3.006238928653389,7.110119183897411,1.2499953125175782,0.13333333333333333,0.2,0.6586215000067456,0.07111111111111111,randPep,random_peptide_0836
4,-1.6006826446935274,-0.25,0.40017066117338185,0.0,0.0,0.0,0.25,0.25,-1.5500000000000003,0.0,7.5,4.0500284194946286,2.0,1600682.6446935274,0.0,0.0,0.0,0.8070006195784487,0.0,randPep,random_peptide_0837
3,-0.20412541214591307,0.0,0.06804180404863769,1.0,0.0,0.0,0.0,0.0,3.4,0.0,6.666666666666667,5.57001667022705,0.9182958340544896,0.20412520802070505,0.0,0.6666666666666666,0.0,0.8000000000000004,0.0,randPep,random_peptide_0838
6,-0.23989838581069733,0.0,0.03998306430178289,0.6666666666666666,0.3333333333333333,0.0,0.0,0.3333333333333333,1.283333333333333,0.3333333333333333,28.900000000000002,5.525000190734862,2.2516291673878226,0.3598470389454876,0.499999250001125,0.5,0.3333333333333333,1.1551815634108975,0.0,randPep,random_peptide_0839
22,-2.1140190019772724,-0.09090909090909091,0.09609177281714874,0.5,0.13636363636363635,0.0,0.09090909090909091,0.22727272727272727,0.6045454545454546,0.09090909090909091,36.336363636363636,4.353207588195801,3.6635327548042538,4.228029547895449,0.27272672727381814,0.4090909090909091,0.045454545454545456,0.7570259869750909,0.045454545454545456,randPep,random_peptide_0840
17,-1.259840110361306,-0.058823529411764705,0.07410824178595918,0.5294117647058824,0.17647058823529413,0.058823529411764705,0.11764705882352941,0.11764705882352941,0.15882352941176467,0.1764705882352941,75.91764705882353,4.74869327545166,3.572469458770136,2.3796934912614276,0.333332703704893,0.4117647058823529,0.11764705882352941,1.4360799650468392,0.09342560553633217,randPep,random_peptide_0841
17,-3.9792818578333584,-0.23529411764705882,0.23407540340196226,0.35294117647058826,0.23529411764705882,0.058823529411764705,0.29411764705882354,0.058823529411764705,-0.48235294117647054,0.11764705882352941,65.76470588235296,4.559703636169434,3.146286370662105,11.274599985827889,0.6666647777831296,0.35294117647058826,0.17647058823529413,1.215494262051909,0.12456747404844293,randPep,random_peptide_0842
3,0.7501906241902918,0.3333333333333333,0.25006354139676396,0.3333333333333333,0.3333333333333333,0.3333333333333333,0.0,0.3333333333333333,0.2666666666666666,0.3333333333333333,6.666666666666667,8.249712944030762,1.584962500721156,2.250565120875513,0.999997000009,0.3333333333333333,1.0,2.384906240877779,0.1111111111111111,randPep,random_peptide_0843
13,-1.0852302295586995,-0.07692307692307693,0.08347924842759227,0.15384615384615385,0.3076923076923077,0.0,0.07692307692307693,0.46153846153846156,-0.8076923076923077,0.15384615384615385,14.770000000000001,5.9672643661499025,3.085055102756477,7.053950641452377,1.9999870000844995,0.15384615384615385,0.23076923076923078,1.1092299435514867,0.01183431952662722,randPep,random_peptide_0844
19,-1.149287816631484,-0.05263157894736842,0.06048883245428863,0.5263157894736842,0.3157894736842105,0.10526315789473684,0.15789473684210525,0.15789473684210525,-0.8263157894736843,0.2631578947368421,20.194736842105264,5.49777431488037,3.3263604079526936,2.1836427026786844,0.599998860002166,0.3157894736842105,0.21052631578947367,1.8263669749833318,0.13850415512465372,randPep,random_peptide_0845
16,-3.159241158388952,-0.1875,0.1974525723993095,0.125,0.0,0.0,0.1875,0.4375,-0.90625,0.0,-13.918749999999998,4.0500284194946286,3.1556390622295662,25.273727077294996,0.0,0.125,0.0,1.3304629411661082,0.0234375,randPep,random_peptide_0846
20,2.922530998801463,0.15,0.14612654994007315,0.45,0.35,0.15,0.0,0.25,-0.7300000000000002,0.25,66.705,10.053731727600098,3.384183719779189,6.494498898450144,0.7777760493865569,0.25,0.4,1.0136306485649766,0.0675,randPep,random_peptide_0847
21,0.8361792704220856,0.047619047619047616,0.03981806049628979,0.42857142857142855,0.23809523809523808,0.09523809523809523,0.047619047619047616,0.2857142857142857,-0.38095238095238104,0.19047619047619047,50.714285714285715,8.163841056823731,3.6897037321995474,1.9510804117972391,0.555554259262284,0.3333333333333333,0.19047619047619047,0.8554114030497029,0.06122448979591836,randPep,random_peptide_0848
9,-0.1537231985551114,0.0,0.01708035539501238,0.6666666666666666,0.3333333333333333,0.0,0.0,0.1111111111111111,1.2222222222222223,0.2222222222222222,-12.066666666666666,6.740160942077638,2.94770277922009,0.23058445195598917,0.499999250001125,0.5555555555555556,0.1111111111111111,1.0786871131789069,0.0,randPep,random_peptide_0849
28,0.4421459400937877,0.03571428571428571,0.01579092643192099,0.32142857142857145,0.10714285714285714,0.07142857142857142,0.03571428571428571,0.35714285714285715,0.23571428571428568,0.10714285714285714,32.432142857142864,7.788957405090332,3.722907494321879,1.375560867435752,0.3333322962995226,0.25,0.25,1.189228386011436,0.034438775510204085,randPep,random_peptide_0850
30,-0.45984466163656323,0.0,0.01532815538788544,0.3333333333333333,0.2,0.1,0.1,0.3333333333333333,-0.42,0.16666666666666669,22.619999999999997,6.477337455749511,3.923231428797621,1.3795298463201509,0.5999982000054,0.26666666666666666,0.23333333333333334,1.0562128664395412,0.06666666666666667,randPep,random_peptide_0851
11,-1.2479879149354982,-0.09090909090909091,0.11345344681231802,0.5454545454545454,0.45454545454545453,0.0,0.09090909090909091,0.18181818181818182,0.5272727272727272,0.45454545454545453,66.54545454545455,4.0500284194946286,3.027169118440619,2.287973649430056,0.8333318055583565,0.45454545454545453,0.45454545454545453,0.33884550810690023,0.04958677685950413,randPep,random_peptide_0852
25,-2.1460672935527967,-0.08000000000000002,0.08584269174211187,0.36,0.36,0.12,0.2,0.24,-1.6,0.32,46.116000000000014,4.898407173156738,3.6732696895151076,5.96128147853144,0.9999972222299384,0.24,0.32,0.7822528399709691,0.1152,randPep,random_peptide_0853
7,0.9334509896994757,0.14285714285714285,0.1333501413856394,0.14285714285714285,0.2857142857142857,0.14285714285714285,0.0,0.2857142857142857,-2.1571428571428575,0.0,51.028571428571425,8.76417064666748,2.2359263506290326,6.534111189118007,1.9999860000979992,0.14285714285714285,0.14285714285714285,0.8028302058964222,0.02040816326530612,randPep,random_peptide_0854
22,-0.6203728648507045,0.0,0.028198766584122934,0.2727272727272727,0.09090909090909091,0.09090909090909091,0.09090909090909091,0.2727272727272727,-0.12727272727272732,0.09090909090909091,58.60909090909091,5.622365379333496,3.481714572986072,2.2746921639146493,0.33333211111559263,0.09090909090909091,0.2727272727272727,1.1643554233023379,0.04958677685950413,randPep,random_peptide_0855
25,0.9122045749964101,0.039999999999999994,0.0364881829998564,0.32,0.2,0.12,0.08,0.2,-0.7079999999999999,0.16,29.36000000000001,8.276273918151858,3.943465189601646,2.850630388643817,0.6249980468811036,0.28,0.24,1.136626745292595,0.064,randPep,random_peptide_0856
10,-0.0968091741444419,0.0,0.00968091741444419,0.3,0.2,0.1,0.1,0.2,-0.07999999999999999,0.1,14.200000000000003,6.821497535705566,3.121928094887362,0.32269617149423474,0.6666644444518519,0.3,0.3,0.840123603610583,0.06,randPep,random_peptide_0857
10,-1.5067358405844549,-0.1,0.1506735840584455,0.5,0.2,0.0,0.1,0.2,0.86,0.2,72.2,4.0500284194946286,2.9219280948873623,3.013465654237601,0.3999992000016,0.2,0.3,0.32959093526142086,0.05,randPep,random_peptide_0858
18,0.82590762779998,0.05555555555555555,0.04588375709999889,0.3888888888888889,0.2222222222222222,0.1111111111111111,0.05555555555555555,0.2222222222222222,-0.21111111111111122,0.2222222222222222,146.6,8.319919013977053,3.4613201402110083,2.1237570103962073,0.5714271020445948,0.2222222222222222,0.3333333333333333,0.8701393954441689,0.06481481481481481,randPep,random_peptide_0859
13,0.7331111488969955,0.07692307692307693,0.056393165299768885,0.46153846153846156,0.15384615384615385,0.15384615384615385,0.07692307692307693,0.15384615384615385,-0.23846153846153853,0.15384615384615385,8.553846153846154,8.56154651641846,3.238901256602631,1.58840404773472,0.3333326111126759,0.3076923076923077,0.3076923076923077,1.4589527947309209,0.10650887573964499,randPep,random_peptide_0860
15,1.8254758202478683,0.13333333333333333,0.12169838801652455,0.4,0.4,0.13333333333333333,0.0,0.26666666666666666,0.5399999999999998,0.3333333333333333,18.313333333333333,8.904518318176269,3.106890595608519,4.563678141424317,0.9999975000062501,0.3333333333333333,0.6,0.4284683015199853,0.05333333333333334,randPep,random_peptide_0861
17,-1.5425207267016057,-0.058823529411764705,0.09073651333538857,0.4117647058823529,0.17647058823529413,0.0,0.058823529411764705,0.29411764705882354,1.1647058823529413,0.11764705882352941,8.623529411764709,5.209771156311034,3.3371753411230776,3.7461126671445655,0.4285703877576298,0.35294117647058826,0.23529411764705882,1.2419056757121358,0.02422145328719723,randPep,random_peptide_0862
23,1.8221647553942764,0.08695652173913043,0.07922455458235984,0.391304347826087,0.13043478260869565,0.17391304347826086,0.08695652173913043,0.17391304347826086,0.27826086956521734,0.08695652173913043,53.72608695652174,8.70595569610596,3.6424896731661263,4.656631363505221,0.3333324814836584,0.2608695652173913,0.391304347826087,1.1566860353947883,0.10207939508506617,randPep,random_peptide_0863
7,-3.2415664904495043,-0.42857142857142855,0.46308092720707206,0.14285714285714285,0.0,0.0,0.42857142857142855,0.42857142857142855,-1.8857142857142857,0.0,126.37142857142858,4.0500284194946286,2.5216406363433186,22.690806597500348,0.0,0.0,0.14285714285714285,1.455068210745725,0.06122448979591836,randPep,random_peptide_0864
27,-0.2477543949538119,0.0,0.009176088701993034,0.2962962962962963,0.14814814814814814,0.1111111111111111,0.1111111111111111,0.25925925925925924,-0.6259259259259258,0.14814814814814814,-0.018518518518517466,6.113283729553221,3.7360069464476573,0.8361682609012348,0.4999983125056953,0.25925925925925924,0.25925925925925924,1.2056860246468788,0.06584362139917695,randPep,random_peptide_0865
20,0.705209639674174,0.04999999999999999,0.0352604819837087,0.35,0.2,0.15,0.1,0.3,-0.3650000000000001,0.2,60.599999999999994,7.913961601257324,3.5841837197791886,2.0148789279864174,0.571426938780175,0.25,0.45,0.6581883161947676,0.0875,randPep,random_peptide_0866
13,0.7484461419739783,0.07692307692307693,0.057572780151844485,0.38461538461538464,0.15384615384615385,0.23076923076923078,0.15384615384615385,0.07692307692307693,-0.7384615384615386,0.15384615384615385,-36.430769230769236,8.15500888824463,3.0269868333592873,1.9459549096495785,0.399998960002704,0.23076923076923078,0.38461538461538464,1.3686891214386407,0.14792899408284024,randPep,random_peptide_0867
7,0.7492016230912921,0.14285714285714285,0.10702880329875601,0.2857142857142857,0.0,0.14285714285714285,0.0,0.5714285714285714,-0.0714285714285713,0.0,-25.1,8.22224941253662,2.807354922057604,2.622196503131762,0.0,0.2857142857142857,0.2857142857142857,0.9187579820301502,0.04081632653061224,randPep,random_peptide_0868
12,-0.076008192947421,0.0,0.00633401607895175,0.25,0.25,0.08333333333333333,0.08333333333333333,0.3333333333333333,-1.3083333333333333,0.16666666666666666,52.358333333333334,6.849121284484863,3.418295834054489,0.3040315556634614,0.9999960000160001,0.08333333333333333,0.25,0.9148422090302357,0.041666666666666664,randPep,random_peptide_0869
29,-3.062943207599304,-0.10344827586206898,0.10561873129652773,0.3448275862068966,0.13793103448275862,0.06896551724137931,0.1724137931034483,0.2413793103448276,-0.8172413793103447,0.06896551724137931,31.772413793103446,4.643939018249512,3.388008909503755,8.882509542760308,0.399998840003364,0.20689655172413793,0.10344827586206896,1.4717411449213733,0.08323424494649229,randPep,random_peptide_0870
19,-2.1831174879428503,-0.10526315789473684,0.11490092041804476,0.3157894736842105,0.10526315789473684,0.0,0.10526315789473684,0.3157894736842105,0.3052631578947368,0.05263157894736842,52.4578947368421,4.507127571105957,3.471354487013929,6.913183486737986,0.3333322777811204,0.2631578947368421,0.10526315789473684,0.6876703597143492,0.03324099722991689,randPep,random_peptide_0871
7,-0.4925965717169558,0.0,0.07037093881670797,0.2857142857142857,0.14285714285714285,0.14285714285714285,0.14285714285714285,0.2857142857142857,-1.1285714285714286,0.14285714285714285,121.31428571428572,5.971868324279785,2.807354922057604,1.724081966722462,0.499998250006125,0.14285714285714285,0.2857142857142857,1.8522941092806664,0.08163265306122448,randPep,random_peptide_0872
21,-3.981920167742903,-0.19047619047619047,0.18961524608299538,0.5714285714285714,0.42857142857142855,0.0,0.19047619047619047,0.09523809523809523,-0.11904761904761911,0.2857142857142857,25.380952380952383,4.771542549133301,3.4273334938982645,6.968348098940907,0.7499986875022968,0.42857142857142855,0.19047619047619047,1.108616392766022,0.10884353741496597,randPep,random_peptide_0873
6,-2.2376568639310084,-0.3333333333333333,0.37294281065516804,0.16666666666666666,0.0,0.0,0.3333333333333333,0.3333333333333333,-1.7,0.0,8.333333333333334,4.0500284194946286,2.2516291673878226,13.42586062842228,0.0,0.16666666666666666,0.0,1.1184066046538415,0.05555555555555555,randPep,random_peptide_0874
23,1.8440922584230945,0.08695652173913043,0.08017792427926498,0.43478260869565216,0.2608695652173913,0.13043478260869565,0.043478260869565216,0.2608695652173913,-0.3695652173913042,0.21739130434782608,26.217391304347824,9.309186363220213,3.555533151426996,4.241402439147508,0.599998620003174,0.391304347826087,0.21739130434782608,1.0026952985319892,0.07561436672967864,randPep,random_peptide_0875
16,-2.161249160286955,-0.125,0.1350780725179347,0.375,0.125,0.0625,0.1875,0.25,-0.85625,0.125,1.9687500000000009,4.1375036239624015,3.5,5.763315725256613,0.3333324444468148,0.3125,0.0625,1.216894982937756,0.09375,randPep,random_peptide_0876
11,-2.268358835227039,-0.18181818181818182,0.20621443956609448,0.18181818181818182,0.09090909090909091,0.0,0.18181818181818182,0.5454545454545454,-0.5181818181818182,0.09090909090909091,59.12727272727273,4.0500284194946286,2.663532754804255,12.475904976271346,0.4999972500151249,0.18181818181818182,0.2727272727272727,0.0969231014569048,0.03305785123966942,randPep,random_peptide_0877
24,3.8234678183498656,0.16666666666666666,0.15931115909791108,0.2916666666666667,0.16666666666666666,0.16666666666666666,0.0,0.2916666666666667,-0.4958333333333333,0.125,79.45833333333334,9.699542427062987,3.7720552088742005,13.108987574956425,0.5714266122516152,0.20833333333333334,0.3333333333333333,0.9544076573545888,0.04861111111111111,randPep,random_peptide_0878
4,-1.2380869248364883,-0.25,0.3095217312091221,0.25,0.25,0.0,0.25,0.25,-1.6,0.25,36.800000000000004,4.0500284194946286,2.0,4.952327890034393,0.9999960000160001,0.25,0.0,1.4577379737113252,0.0625,randPep,random_peptide_0879
3,-0.23989838581069733,0.0,0.07996612860356578,1.0,0.3333333333333333,0.0,0.0,0.0,3.033333333333333,0.3333333333333333,6.666666666666667,5.525000190734862,1.584962500721156,0.23989814591255143,0.33333300000033333,0.6666666666666666,0.3333333333333333,0.7881060278357929,0.0,randPep,random_peptide_0880
15,0.7600268332063527,0.06666666666666668,0.05066845554709018,0.4,0.2,0.2,0.13333333333333333,0.13333333333333333,-1.2466666666666666,0.2,45.693333333333335,8.430417823791508,3.5068905956085183,1.9000623328600494,0.49999875000312505,0.26666666666666666,0.26666666666666666,1.0328845959032884,0.13333333333333336,randPep,random_peptide_0881
28,0.9196657556453047,0.03571428571428571,0.03284520555876088,0.35714285714285715,0.2857142857142857,0.07142857142857142,0.03571428571428571,0.2857142857142857,-0.7892857142857144,0.2142857142857143,21.167857142857144,8.136441993713383,3.8657646371790233,2.5750569056475174,0.799997760006272,0.2857142857142857,0.14285714285714285,1.0121518734802024,0.03826530612244898,randPep,random_peptide_0882
30,0.9837337225627456,0.03333333333333333,0.03279112408542485,0.4666666666666667,0.23333333333333334,0.06666666666666667,0.03333333333333333,0.3,0.39666666666666683,0.13333333333333333,30.03333333333333,8.175316429138185,3.7559130951758246,2.1079963169280616,0.4999989285737245,0.4,0.2,1.6888350675060024,0.04666666666666667,randPep,random_peptide_0883
20,-3.593260259672898,-0.15000000000000002,0.1796630129836449,0.25,0.15,0.05,0.2,0.35,-1.5399999999999998,0.15000000000000002,-16.65,4.0500284194946286,3.3464393446710154,14.372983546757407,0.5999976000096,0.15,0.15,1.7083520755679087,0.0625,randPep,random_peptide_0884
13,0.8409777344932965,0.07692307692307693,0.06469059496102281,0.23076923076923078,0.23076923076923078,0.23076923076923078,0.15384615384615385,0.07692307692307693,-1.8923076923076922,0.15384615384615385,79.2769230769231,8.2064546585083,3.238901256602631,3.644221057846367,0.9999956666854444,0.07692307692307693,0.38461538461538464,1.0445747077588015,0.08875739644970415,randPep,random_peptide_0885
7,-0.5156282183777859,0.0,0.07366117405396942,0.5714285714285714,0.5714285714285714,0.0,0.0,0.14285714285714285,0.5857142857142856,0.42857142857142855,88.97142857142858,6.401230049133301,2.521640636343318,0.9023478030524701,0.9999982500030624,0.42857142857142855,0.2857142857142857,1.2778677856174154,0.0,randPep,random_peptide_0886
3,1.748202622092291,0.6666666666666666,0.582734207364097,0.0,0.0,0.6666666666666666,0.0,0.3333333333333333,-1.7666666666666666,0.0,6.666666666666667,9.314085960388184,0.9182958340544896,1748202.622092291,0.0,0.0,1.0,2.1333333333333337,0.0,randPep,random_peptide_0887
13,1.9555118647813503,0.15384615384615385,0.1504239895985654,0.5384615384615384,0.38461538461538464,0.15384615384615385,0.0,0.07692307692307693,-0.8846153846153848,0.38461538461538464,-38.53846153846154,9.719334220886228,2.873140679513133,3.631658147228806,0.7142843877575656,0.38461538461538464,0.3076923076923077,0.5824582624614447,0.08284023668639054,randPep,random_peptide_0888
13,1.9334409897994749,0.15384615384615385,0.148726229984575,0.3076923076923077,0.23076923076923078,0.15384615384615385,0.0,0.3076923076923077,-0.8769230769230769,0.07692307692307693,77.72307692307693,11.000901222229004,3.3927474104487847,6.28366279494421,0.7499975625079219,0.23076923076923078,0.23076923076923078,1.0699036912393995,0.04733727810650888,randPep,random_peptide_0889
20,0.764825297277564,0.05000000000000002,0.0382412648638782,0.35,0.1,0.2,0.15,0.2,-0.79,0.1,9.675,8.589010047912598,3.5841837197791886,2.1852088916247783,0.2857134693900875,0.3,0.3,1.7455452233394049,0.12249999999999998,randPep,random_peptide_0890
16,-0.34229845407429194,0.0,0.021393653379643246,0.125,0.25,0.0625,0.0625,0.3125,-0.8812499999999999,0.125,51.825,6.685140800476075,3.077819531114783,2.73836572566853,1.999984000127999,0.125,0.3125,1.0207076532854573,0.015625,randPep,random_peptide_0891
9,-3.157551457355586,-0.3333333333333333,0.35083905081728733,0.1111111111111111,0.1111111111111111,0.0,0.3333333333333333,0.3333333333333333,-1.722222222222222,0.1111111111111111,45.07777777777778,4.0500284194946286,2.113283334294875,28.417707356834065,0.9999910000809993,0.0,0.1111111111111111,0.19210793769485457,0.037037037037037035,randPep,random_peptide_0892
4,-1.1730733714010166,-0.25,0.29326834285025416,0.25,0.25,0.0,0.25,0.5,-1.35,0.25,176.55,4.0500284194946286,2.0,4.692274716505201,0.9999960000160001,0.0,0.5,1.6347782724271815,0.0625,randPep,random_peptide_0893
24,-1.0633184873218355,-0.041666666666666664,0.04430493697174315,0.3333333333333333,0.25,0.041666666666666664,0.08333333333333333,0.20833333333333334,-0.22916666666666677,0.16666666666666666,58.870833333333344,5.978120613098144,3.4906015629507228,3.1899458921278305,0.7499977500067501,0.20833333333333334,0.20833333333333334,1.5182193303742444,0.041666666666666664,randPep,random_peptide_0894
14,0.839298033359932,0.07142857142857142,0.05994985952570943,0.2857142857142857,0.2857142857142857,0.21428571428571427,0.14285714285714285,0.21428571428571427,-0.7499999999999999,0.21428571428571427,32.57142857142858,8.20651912689209,3.3787834934861767,2.9375328353948387,0.99999650001225,0.21428571428571427,0.5,1.4648519863801612,0.10204081632653059,randPep,random_peptide_0895
20,0.09916264343696257,0.0,0.004958132171848128,0.3,0.25,0.1,0.1,0.15,-0.4950000000000001,0.1,49.465,7.115582466125488,3.546439344671015,0.33054104298639864,0.8333305555648148,0.25,0.2,1.197254105616944,0.06,randPep,random_peptide_0896
30,-1.898113422119411,-0.06666666666666665,0.06327044740398037,0.36666666666666664,0.36666666666666664,0.1,0.16666666666666666,0.13333333333333333,-0.9466666666666668,0.23333333333333334,22.133333333333333,6.005175971984862,3.831401845392172,5.1766588512560725,0.9999972727347108,0.26666666666666666,0.26666666666666666,1.4283700746266157,0.09777777777777777,randPep,random_peptide_0897
16,2.959302973465248,0.1875,0.184956435841578,0.25,0.3125,0.1875,0.0,0.3125,-1.5374999999999999,0.1875,46.83125,10.860682487487793,3.202819531114783,11.837164545202812,1.24999500002,0.0,0.4375,0.9053971776346138,0.046875,randPep,random_peptide_0898
4,0.7591026131903019,0.25,0.18977565329757548,0.5,0.25,0.25,0.0,0.25,0.6000000000000001,0.25,7.5,8.750052070617677,2.0,1.518202189976224,0.499999000002,0.5,0.5,2.205957841845578,0.125,randPep,random_peptide_0899
23,-2.235154702922434,-0.08695652173913043,0.09718063925749713,0.34782608695652173,0.13043478260869565,0.043478260869565216,0.13043478260869565,0.2608695652173913,-0.5260869565217392,0.13043478260869565,28.491304347826087,4.1373899459838865,3.555533151426996,6.426051296004522,0.37499892187809963,0.2608695652173913,0.13043478260869565,0.9208400751217919,0.060491493383742906,randPep,random_peptide_0900
19,-1.1603719192287978,-0.05263157894736842,0.06107220627519988,0.2631578947368421,0.05263157894736842,0.05263157894736842,0.10526315789473684,0.3684210526315789,-0.626315789473684,0.05263157894736842,51.25789473684211,4.531682014465332,3.326360407952693,4.40939653736259,0.19999924000288802,0.10526315789473684,0.10526315789473684,0.823239999260624,0.04155124653739612,randPep,random_peptide_0901
22,1.0126574087701061,0.04545454545454544,0.046029882216823005,0.3181818181818182,0.18181818181818182,0.13636363636363635,0.09090909090909091,0.18181818181818182,-0.8227272727272726,0.045454545454545456,38.59090909090909,8.201297187805174,3.5383105956150054,3.182627567876549,0.5714267755158484,0.18181818181818182,0.22727272727272727,2.2637055616709794,0.07231404958677685,randPep,random_peptide_0902
24,-2.551509012997726,-0.08333333333333333,0.10631287554157191,0.4583333333333333,0.20833333333333334,0.0,0.08333333333333333,0.3333333333333333,-0.020833333333333332,0.20833333333333331,65.32916666666667,4.0500284194946286,3.4182958340544896,5.566916609631527,0.4545444628120812,0.4166666666666667,0.08333333333333333,1.655467264943681,0.03819444444444444,randPep,random_peptide_0903
13,0.021745938893907413,0.0,0.0016727645303005701,0.3076923076923077,0.3076923076923077,0.07692307692307693,0.07692307692307693,0.15384615384615385,-0.7538461538461537,0.07692307692307693,-7.092307692307689,7.022423362731933,3.0269868333592873,0.07067407171446602,0.9999967500105625,0.15384615384615385,0.15384615384615385,0.22739983794125349,0.04733727810650888,randPep,random_peptide_0904
8,-0.06555000930152344,0.0,0.00819375116269043,0.375,0.5,0.0,0.0,0.125,-0.7125000000000001,0.25,38.35,6.917725944519043,2.5,0.17479955867190605,1.3333297777872593,0.0,0.25,0.19015508507530737,0.0,randPep,random_peptide_0905
25,-5.068465794632582,-0.2,0.20273863178530327,0.44,0.24,0.0,0.2,0.16,-0.3679999999999999,0.16,25.164000000000005,4.096750068664551,3.783465189601646,11.519214262314362,0.5454533057879414,0.24,0.12,1.975119545971989,0.08800000000000001,randPep,random_peptide_0906
19,2.932421989000471,0.15789473684210525,0.15433799942107743,0.47368421052631576,0.3157894736842105,0.15789473684210525,0.0,0.15789473684210525,-0.3473684210526317,0.21052631578947367,63.56842105263158,10.903553962707516,3.3660913291191923,6.190655574283672,0.6666652592622305,0.42105263157894735,0.2631578947368421,0.8898815353986037,0.07479224376731301,randPep,random_peptide_0907
19,-1.0664272503596808,-0.05263157894736842,0.05612775001893057,0.5263157894736842,0.3157894736842105,0.0,0.05263157894736842,0.15789473684210525,0.03157894736842095,0.21052631578947367,51.96842105263158,5.968685340881348,3.6163485660751635,2.0262079258883343,0.599998860002166,0.3684210526315789,0.10526315789473684,1.3186227412923115,0.027700831024930744,randPep,random_peptide_0908
26,1.673629282068568,0.07692307692307693,0.06437035700263724,0.34615384615384615,0.19230769230769232,0.15384615384615385,0.07692307692307693,0.15384615384615385,-0.6115384615384616,0.11538461538461539,82.03076923076922,9.399184226989746,3.661226256269789,4.834915069554552,0.5555539506219205,0.19230769230769232,0.19230769230769232,1.1198208990082847,0.07988165680473373,randPep,random_peptide_0909
3,-0.4996453124586552,0.0,0.1665484374862184,0.6666666666666666,0.0,0.0,0.0,0.0,3.4,0.0,70.86666666666667,5.275022315979004,1.584962500721156,0.749466844487716,0.0,0.6666666666666666,0.0,0.7767453465154034,0.0,randPep,random_peptide_0910
5,-0.2112259401717138,0.0,0.04224518803434276,0.2,0.0,0.2,0.2,0.2,-0.8200000000000001,0.0,8.0,6.038256263732909,2.321928094887362,1.056124420236468,0.0,0.0,0.4,1.4802639137216296,0.08000000000000002,randPep,random_peptide_0911
4,-0.4996453124586552,0.0,0.1249113281146638,0.5,0.0,0.0,0.0,0.0,2.3749999999999996,0.0,-13.725000000000001,5.275022315979004,2.0,0.9992886263400577,0.0,0.5,0.0,1.197131989381288,0.0,randPep,random_peptide_0912
22,0.970324724504102,0.045454545454545456,0.044105669295641,0.5,0.22727272727272727,0.09090909090909091,0.045454545454545456,0.13636363636363635,-0.036363636363636424,0.13636363636363635,31.795454545454554,8.801949119567873,3.5383105956150054,1.9406455677170684,0.4545445454563636,0.3181818181818182,0.18181818181818182,1.0376189838135486,0.06818181818181818,randPep,random_peptide_0913
7,-1.2588411093623049,-0.14285714285714285,0.17983444419461497,0.5714285714285714,0.2857142857142857,0.14285714285714285,0.2857142857142857,0.0,-0.10000000000000002,0.2857142857142857,49.87142857142857,4.74869327545166,2.807354922057604,2.2029680861898826,0.4999991250015312,0.5714285714285714,0.2857142857142857,1.223195641310552,0.24489795918367344,randPep,random_peptide_0914
27,2.8389797324952943,0.1111111111111111,0.10514739749982571,0.25925925925925924,0.14814814814814814,0.18518518518518517,0.07407407407407407,0.2962962962962963,-1.1999999999999997,0.1111111111111111,92.42222222222222,9.626951026916505,3.8380398168981555,10.950308159864663,0.5714263673554403,0.14814814814814814,0.2962962962962963,1.1401666520175187,0.0672153635116598,randPep,random_peptide_0915
18,-2.4578466596385615,-0.1111111111111111,0.13654703664658674,0.3888888888888889,0.2777777777777778,0.05555555555555555,0.16666666666666666,0.2222222222222222,-0.5777777777777778,0.2222222222222222,81.35555555555557,4.648884010314942,3.7254805569978675,6.320160872942628,0.7142838775557435,0.2777777777777778,0.2222222222222222,0.7673386816687467,0.08641975308641975,randPep,random_peptide_0916
3,-0.04247013342064576,0.0,0.014156711140215253,0.3333333333333333,0.3333333333333333,0.0,0.0,0.3333333333333333,-1.2333333333333334,0.3333333333333333,6.666666666666667,5.950042152404785,1.584962500721156,0.1274100180318832,0.999997000009,0.3333333333333333,0.0,0.2333333333333334,0.0,randPep,random_peptide_0917
3,0.3981865944666271,0.3333333333333333,0.13272886482220903,0.0,0.0,0.3333333333333333,0.0,0.6666666666666666,-2.9,0.0,-43.43333333333333,9.410143852233887,1.584962500721156,398186.5944666271,0.0,0.0,0.3333333333333333,1.1372481406154653,0.0,randPep,random_peptide_0918
16,1.7620148353043539,0.125,0.11012592720652212,0.5,0.1875,0.25,0.125,0.0,-0.23124999999999998,0.1875,16.206249999999997,9.98616886138916,3.5,3.5240226225634625,0.3749992500015,0.3125,0.4375,0.969641245944079,0.1875,randPep,random_peptide_0919
27,2.576422343874126,0.1111111111111111,0.09542304977311578,0.4074074074074074,0.18518518518518517,0.14814814814814814,0.037037037037037035,0.18518518518518517,-0.3444444444444445,0.14814814814814814,52.333333333333336,9.624759101867674,4.014146761422729,6.3239302307713805,0.45454433884571377,0.25925925925925924,0.25925925925925924,0.7937945147850052,0.07544581618655692,randPep,random_peptide_0920
21,-0.0025658242660346886,0.0,0.00012218210790641373,0.47619047619047616,0.2857142857142857,0.09523809523809523,0.09523809523809523,0.09523809523809523,-0.3285714285714286,0.14285714285714285,23.738095238095234,6.997471046447754,3.844232898763191,0.005388219643411595,0.5999987400026461,0.3333333333333333,0.19047619047619047,1.406969031605277,0.09070294784580497,randPep,random_peptide_0921
15,-0.1529107385799029,0.0,0.010194049238660192,0.4666666666666667,0.4,0.06666666666666667,0.06666666666666667,0.13333333333333333,-0.6133333333333334,0.33333333333333337,61.89399999999999,6.746867942810059,3.506890595608518,0.3276651662458643,0.8571410204120992,0.26666666666666666,0.26666666666666666,1.1314237716558484,0.06222222222222222,randPep,random_peptide_0922
4,-1.2397766258698537,-0.25,0.3099441564674634,0.5,0.25,0.0,0.25,0.0,-0.24999999999999997,0.25,-34.95,4.0500284194946286,2.0,2.479548292643122,0.499999000002,0.5,0.0,1.5783694117664597,0.125,randPep,random_peptide_0923
12,-0.6198039247571836,0.0,0.05165032706309863,0.25,0.16666666666666666,0.08333333333333333,0.08333333333333333,0.4166666666666667,-0.4249999999999999,0.16666666666666666,37.1,5.6603906631469725,3.2516291673878226,2.479205782205606,0.6666640000106666,0.25,0.3333333333333333,0.7237536400729135,0.041666666666666664,randPep,random_peptide_0924
26,1.5311015896225801,0.07692307692307693,0.058888522677791544,0.4230769230769231,0.19230769230769232,0.15384615384615385,0.07692307692307693,0.23076923076923078,0.09999999999999995,0.15384615384615385,80.30384615384615,8.883888435363772,3.469670487371861,3.6189588397506594,0.4545443801678288,0.38461538461538464,0.3076923076923077,1.6505005570685214,0.09763313609467456,randPep,random_peptide_0925
23,-0.8949598777986187,-0.043478260869565216,0.038911299034722555,0.17391304347826086,0.17391304347826086,0.13043478260869565,0.17391304347826086,0.2608695652173913,-1.3391304347826087,0.0,93.62173913043479,6.425329780578613,3.4685766296878655,5.145989707901237,0.9999942500330623,0.08695652173913043,0.17391304347826086,1.0042146063966544,0.052930056710775046,randPep,random_peptide_0926
22,-2.1527889786390593,-0.09090909090909091,0.0978540444835936,0.6818181818181818,0.5,0.0,0.09090909090909091,0.09090909090909091,0.25454545454545435,0.45454545454545453,11.295454545454545,4.353093910217285,3.265583322887733,3.157419204455787,0.7333322577793553,0.5454545454545454,0.2727272727272727,1.1222845821038283,0.06198347107438016,randPep,random_peptide_0927
14,1.0338040637359307,0.07142857142857142,0.07384314740970933,0.2857142857142857,0.14285714285714285,0.07142857142857142,0.0,0.42857142857142855,-0.7000000000000002,0.07142857142857142,33.75714285714286,8.605385017395022,3.3248629576173574,3.6183015590203014,0.499998250006125,0.2857142857142857,0.14285714285714285,0.8526178500304478,0.02040816326530612,randPep,random_peptide_0928
29,-3.1680531338947526,-0.10344827586206896,0.10924321151361216,0.3793103448275862,0.27586206896551724,0.034482758620689655,0.13793103448275862,0.3448275862068966,-0.35517241379310344,0.2413793103448276,39.16206896551725,4.133752250671387,3.604031754555149,8.352118061047642,0.7272708099224103,0.3103448275862069,0.3448275862068966,1.631150638750033,0.06539833531510107,randPep,random_peptide_0929
30,1.0890981471504722,0.03333333333333333,0.03630327157168241,0.3,0.23333333333333334,0.06666666666666667,0.03333333333333333,0.3333333333333333,-0.6266666666666668,0.1,49.41666666666666,8.094215202331544,3.831401845392172,3.6303150561180537,0.7777751851938273,0.23333333333333334,0.2,0.7839520122431733,0.03,randPep,random_peptide_0930
27,0.48856745548517555,0.037037037037037035,0.01809509094389539,0.37037037037037035,0.1111111111111111,0.07407407407407407,0.037037037037037035,0.3333333333333333,-0.1925925925925926,0.1111111111111111,31.04444444444444,7.933302116394044,3.9302703722934544,1.3191285681628402,0.299999190002187,0.2962962962962963,0.14814814814814814,0.9148079735299451,0.04115226337448559,randPep,random_peptide_0931
21,-1.174916198777207,-0.047619047619047616,0.055948390417962235,0.2857142857142857,0.09523809523809523,0.047619047619047616,0.09523809523809523,0.3333333333333333,-0.7142857142857142,0.047619047619047616,37.56666666666666,5.31929988861084,3.7489948035250964,4.1121923030471645,0.33333216667075,0.19047619047619047,0.09523809523809523,1.087398346762142,0.04081632653061224,randPep,random_peptide_0932
27,-1.0645040293446288,-0.037037037037037035,0.03942607516091218,0.37037037037037035,0.25925925925925924,0.07407407407407407,0.1111111111111111,0.14814814814814814,-0.6259259259259259,0.18518518518518517,26.400370370370364,5.999321556091308,4.032303242743954,2.874153119017077,0.699998110005103,0.2962962962962963,0.14814814814814814,1.5706163549291867,0.06858710562414265,randPep,random_peptide_0933
13,-1.0698400753541142,-0.07692307692307693,0.08229539041185494,0.15384615384615385,0.15384615384615385,0.07692307692307693,0.15384615384615385,0.3076923076923077,-1.1153846153846154,0.0,126.9846153846154,6.002731895446778,2.931208948910323,6.953915289352361,0.9999935000422497,0.15384615384615385,0.15384615384615385,0.7145981902961673,0.03550295857988166,randPep,random_peptide_0934
17,-2.0719048179706996,-0.11764705882352942,0.12187675399827645,0.29411764705882354,0.35294117647058826,0.058823529411764705,0.17647058823529413,0.11764705882352941,-0.7411764705882353,0.23529411764705882,76.28823529411765,5.268542671203612,3.337175341123077,7.044452429962117,1.1999959200138721,0.23529411764705882,0.23529411764705882,0.962652592055409,0.06920415224913495,randPep,random_peptide_0935
21,-0.246877153895654,0.0,0.011756054947412095,0.38095238095238093,0.09523809523809523,0.09523809523809523,0.09523809523809523,0.2857142857142857,-0.23333333333333334,0.09523809523809523,47.214285714285715,6.062583351135253,3.820888851350188,0.6480508278426688,0.24999934375172267,0.23809523809523808,0.23809523809523808,1.9088767238347637,0.07256235827664398,randPep,random_peptide_0936
13,-2.2567681440946634,-0.15384615384615385,0.17359754954574333,0.38461538461538464,0.15384615384615385,0.0,0.15384615384615385,0.23076923076923078,0.07692307692307693,0.15384615384615385,45.66153846153847,4.0500284194946286,3.0269868333592873,5.867581918933136,0.399998960002704,0.23076923076923078,0.23076923076923078,0.6131102033469322,0.0591715976331361,randPep,random_peptide_0937
19,-1.555734297967367,-0.05263157894736842,0.08188075252459825,0.42105263157894735,0.05263157894736842,0.05263157894736842,0.10526315789473684,0.3684210526315789,0.5368421052631579,0.05263157894736842,25.063157894736843,4.368724632263183,3.6818808028034016,3.6948601823795637,0.12499970312570509,0.3157894736842105,0.21052631578947367,0.9319194611653596,0.06648199445983378,randPep,random_peptide_0938
30,-1.3706724713839744,-0.03333333333333334,0.04568908237946581,0.43333333333333335,0.3333333333333333,0.06666666666666667,0.1,0.23333333333333334,-0.21666666666666665,0.26666666666666666,18.369999999999994,5.960727882385254,3.856564762130954,3.163083019156051,0.7692289940869367,0.3,0.3333333333333333,0.9045166629998763,0.07222222222222223,randPep,random_peptide_0939
26,0.0245464009671168,0.0,0.0009440923448891076,0.2692307692307692,0.19230769230769232,0.07692307692307693,0.07692307692307693,0.3076923076923077,-0.8500000000000001,0.07692307692307693,49.74230769230769,7.025151634216308,3.8731406795131322,0.09117200781040483,0.7142830612343442,0.19230769230769232,0.15384615384615385,1.4662320034796656,0.04142011834319527,randPep,random_peptide_0940
18,-1.24955585602802,-0.05555555555555555,0.06941976977933445,0.3333333333333333,0.1111111111111111,0.05555555555555555,0.1111111111111111,0.16666666666666666,0.35000000000000003,0.1111111111111111,-6.177777777777778,4.207813453674317,3.5032583347756456,3.748656322115094,0.33333233333633333,0.2222222222222222,0.16666666666666666,1.0267289427736963,0.05555555555555555,randPep,random_peptide_0941
19,0.035036584716617636,0.0,0.0018440307745588229,0.3157894736842105,0.3157894736842105,0.10526315789473684,0.10526315789473684,0.2631578947368421,-0.8368421052631578,0.2631578947368421,41.50578947368421,7.113934135437011,3.5766176449086644,0.1109488335979828,0.9999968333433612,0.3157894736842105,0.3157894736842105,1.2313931317465068,0.06648199445983378,randPep,random_peptide_0942
15,-1.2583460850871862,-0.06666666666666668,0.08388973900581241,0.4,0.13333333333333333,0.13333333333333333,0.2,0.2,-0.026666666666666648,0.13333333333333333,-16.4,4.428917121887207,3.32323142879762,3.1458573480745953,0.3333325000020833,0.3333333333333333,0.3333333333333333,1.1846231010531614,0.13333333333333336,randPep,random_peptide_0943
23,-1.4364217993071562,-0.043478260869565216,0.06245312170900679,0.391304347826087,0.21739130434782608,0.043478260869565216,0.08695652173913043,0.2608695652173913,-0.23913043478260865,0.13043478260869565,46.89173913043478,5.924294090270995,3.675310868912364,3.6708463282887824,0.5555541358060974,0.34782608695652173,0.13043478260869565,1.2529679697162632,0.05103969754253308,randPep,random_peptide_0944
7,0.8462768014448888,0.14285714285714285,0.1208966859206984,0.42857142857142855,0.2857142857142857,0.14285714285714285,0.0,0.0,0.3,0.14285714285714285,59.48571428571429,8.757208061218265,2.5216406363433186,1.9746412625417948,0.6666651111147408,0.42857142857142855,0.2857142857142857,0.44791453947869264,0.06122448979591836,randPep,random_peptide_0945
19,-0.5122334079954749,0.0,0.026959653052393416,0.2631578947368421,0.10526315789473684,0.15789473684210525,0.15789473684210525,0.3157894736842105,-0.5210526315789473,0.10526315789473684,-18.252631578947366,5.976188087463378,3.5766176449086657,1.9464795537605006,0.39999848000577604,0.21052631578947367,0.3684210526315789,1.1376577974037156,0.08310249307479224,randPep,random_peptide_0946
4,-0.23989838581069733,0.0,0.059974596452674334,0.5,0.25,0.0,0.0,0.25,1.075,0.25,55.650000000000006,5.525000190734862,2.0,0.47979581202977056,0.499999000002,0.5,0.25,1.5734118977559564,0.0,randPep,random_peptide_0947
11,1.399988055540835,0.1818181818181818,0.1272716414128032,0.09090909090909091,0.0,0.2727272727272727,0.09090909090909091,0.18181818181818182,-1.6181818181818186,0.0,111.98181818181817,10.834314918518068,3.095795255000934,15.399699214257828,0.0,0.0,0.2727272727272727,0.3141046865030998,0.03305785123966942,randPep,random_peptide_0948
20,-4.147858754727005,-0.2,0.20739293773635023,0.4,0.35,0.0,0.2,0.3,-1.2349999999999999,0.30000000000000004,42.33,4.0500284194946286,3.446439344671015,10.369620962765104,0.8749978125054687,0.35,0.15,1.0740400784613457,0.08000000000000002,randPep,random_peptide_0949
22,-0.16127090673358913,0.0,0.007330495760617687,0.2727272727272727,0.13636363636363635,0.13636363636363635,0.13636363636363635,0.2727272727272727,-0.4909090909090908,0.09090909090909091,34.086363636363636,6.74033145904541,3.879664004902593,0.5913244898333642,0.4999981666733889,0.22727272727272727,0.2727272727272727,1.213942167609962,0.07438016528925619,randPep,random_peptide_0950
20,-0.06274954722831438,0.0,0.003137477361415719,0.25,0.2,0.05,0.05,0.25,-0.8799999999999999,0.1,21.22,6.921875190734863,3.6841837197791887,0.2509971849245179,0.7999968000128,0.15,0.15,0.7169710879879481,0.025,randPep,random_peptide_0951
4,-0.2606993670077181,0.0,0.06517484175192953,0.5,0.25,0.0,0.0,0.5,1.8750000000000002,0.25,55.650000000000006,5.5107336044311515,1.5,0.5213976912200537,0.499999000002,0.5,0.5,1.0040542814011602,0.0,randPep,random_peptide_0952
19,-2.166092793832501,-0.10526315789473684,0.1140048838859211,0.2631578947368421,0.15789473684210525,0.05263157894736842,0.15789473684210525,0.3684210526315789,-0.4315789473684211,0.10526315789473684,41.17894736842105,4.7519330978393555,3.5368867237421666,8.231121338302419,0.599997720008664,0.2631578947368421,0.21052631578947367,1.153665474123347,0.05540166204986149,randPep,random_peptide_0953
17,-2.1503709156355786,-0.11764705882352942,0.12649240680209287,0.29411764705882354,0.17647058823529413,0.058823529411764705,0.17647058823529413,0.29411764705882354,-0.9882352941176473,0.11764705882352941,1.364705882352943,4.413343238830567,3.572469458770136,7.3112362549577,0.5999979600069361,0.23529411764705882,0.11764705882352941,0.9465344863923568,0.06920415224913495,randPep,random_peptide_0954
14,-0.2730003780298058,0.0,0.019500027002128988,0.21428571428571427,0.07142857142857142,0.14285714285714285,0.14285714285714285,0.35714285714285715,-1.0214285714285716,0.07142857142857142,81.39285714285715,6.0338228225708,3.378783493486176,1.2739958188252727,0.333331777785037,0.21428571428571427,0.21428571428571427,1.0047962446783005,0.06122448979591836,randPep,random_peptide_0955
15,-1.2363112867206851,-0.06666666666666667,0.08242075244804567,0.2,0.26666666666666666,0.0,0.06666666666666667,0.3333333333333333,-0.40000000000000013,0.06666666666666667,40.78,6.205533409118652,3.0062389286533895,6.181525525975795,1.3333266666999997,0.2,0.0,1.387518390825405,0.013333333333333334,randPep,random_peptide_0956
6,1.8363658114458783,0.3333333333333333,0.30606096857431303,0.0,0.16666666666666666,0.3333333333333333,0.0,0.5,-1.75,0.0,50.10000000000001,9.508071327209475,2.2516291673878226,1836365.8114458784,166666.66666666666,0.0,0.5,1.6026887131040486,0.0,randPep,random_peptide_0957
9,-1.2469889139364971,-0.1111111111111111,0.1385543237707219,0.5555555555555556,0.2222222222222222,0.0,0.1111111111111111,0.1111111111111111,2.0999999999999996,0.2222222222222222,84.5,4.0500284194946286,2.725480556997868,2.244576004848886,0.3999992800012959,0.5555555555555556,0.3333333333333333,0.5824134348545857,0.06172839506172839,randPep,random_peptide_0958
10,-0.24968761586886457,0.0,0.024968761586886455,0.3,0.1,0.1,0.1,0.4,-0.54,0.1,82.92,5.828690910339356,3.321928094887362,0.83228927859862,0.33333222222592596,0.3,0.2,0.6921730199132009,0.06,randPep,random_peptide_0959
3,0.7600916142893016,0.3333333333333333,0.2533638714297672,0.3333333333333333,0.3333333333333333,0.3333333333333333,0.0,0.3333333333333333,-0.8333333333333334,0.3333333333333333,153.13333333333333,9.750021171569824,1.584962500721156,2.280268002063899,0.999997000009,0.3333333333333333,0.6666666666666666,2.1073943890764992,0.1111111111111111,randPep,random_peptide_0960
19,1.8267083412285556,0.10526315789473684,0.09614254427518713,0.2631578947368421,0.05263157894736842,0.21052631578947367,0.10526315789473684,0.3157894736842105,-0.44210526315789483,0.0,77.03684210526316,8.85977725982666,3.3263604079526936,6.9414653191003,0.19999924000288802,0.15789473684210525,0.3157894736842105,0.8543761586060853,0.08310249307479224,randPep,random_peptide_0961
25,0.44924646811958846,0.04,0.017969858724783537,0.36,0.2,0.04,0.0,0.32,0.38400000000000006,0.2,46.120000000000005,7.940844917297363,3.593269689515108,1.2479033894894418,0.5555540123499658,0.28,0.28,1.4519043423240856,0.0144,randPep,random_peptide_0962
8,0.7590926132903006,0.125,0.09488657666128758,0.875,0.625,0.125,0.0,0.0,-0.425,0.625,-23.0,8.747602272033692,2.0,0.867533423722145,0.7142848979601166,0.25,0.625,0.7767474365875439,0.109375,randPep,random_peptide_0963
3,-1.1631723813020067,-0.3333333333333333,0.3877241271006689,0.0,0.0,0.0,0.3333333333333333,0.3333333333333333,-1.9666666666666668,0.0,217.33333333333334,4.0500284194946286,1.584962500721156,1163172.3813020068,0.0,0.0,0.0,0.8006941432976208,0.0,randPep,random_peptide_0964
22,-1.0653164893198377,-0.045454545454545456,0.04842347678726535,0.3181818181818182,0.18181818181818182,0.045454545454545456,0.09090909090909091,0.18181818181818182,-0.8590909090909092,0.09090909090909091,14.068181818181822,5.9780069351196286,3.4251185503571393,3.3481270151774427,0.5714267755158484,0.2727272727272727,0.045454545454545456,1.2379170016695837,0.04338842975206611,randPep,random_peptide_0965
11,0.5463116465731839,0.09090909090909091,0.04966469514301672,0.6363636363636364,0.2727272727272727,0.09090909090909091,0.0,0.18181818181818182,0.7090909090909091,0.18181818181818182,41.31818181818181,8.487085533142093,3.095795255000934,0.8584883812761184,0.42857075510309905,0.45454545454545453,0.18181818181818182,1.1811227147223826,0.05785123966942149,randPep,random_peptide_0966
11,0.8381872723200883,0.09090909090909091,0.07619884293818985,0.18181818181818182,0.18181818181818182,0.18181818181818182,0.09090909090909091,0.45454545454545453,-2.0272727272727273,0.09090909090909091,-1.2454545454545456,8.206648063659667,2.845350936622437,4.610004642734951,0.9999945000302498,0.0,0.36363636363636365,0.39857766305342346,0.04958677685950413,randPep,random_peptide_0967
6,-0.23989838581069733,0.0,0.03998306430178289,0.6666666666666666,0.0,0.0,0.0,0.3333333333333333,2.0,0.0,8.333333333333334,5.525000190734862,2.251629167387823,0.3598470389454876,0.0,0.6666666666666666,0.0,0.5433946795633703,0.0,randPep,random_peptide_0968
25,-1.5254074485359523,-0.04,0.06101629794143809,0.56,0.36,0.0,0.04,0.32,-0.5159999999999999,0.32,17.46400000000001,5.049201011657714,3.443856189774724,2.7239370082124,0.642855994900009,0.24,0.28,1.5976249194216001,0.022400000000000003,randPep,random_peptide_0969
25,-0.33278250545850296,0.0,0.013311300218340118,0.44,0.28,0.08,0.08,0.08,0.3479999999999999,0.2,17.444000000000003,6.69252986907959,3.7638561897747236,0.7563221571280587,0.6363621900859318,0.36,0.24,1.5388359778876408,0.0704,randPep,random_peptide_0970
6,-1.2496776159688636,-0.16666666666666666,0.20827960266147727,0.16666666666666666,0.16666666666666666,0.0,0.16666666666666666,0.6666666666666666,-1.6833333333333336,0.16666666666666666,59.966666666666676,4.0500284194946286,2.251629167387823,7.498020707688936,0.9999940000359998,0.16666666666666666,0.16666666666666666,1.0441636738451388,0.027777777777777776,randPep,random_peptide_0971
15,1.7491816232912898,0.13333333333333333,0.11661210821941932,0.4666666666666667,0.2,0.13333333333333333,0.0,0.2,-0.05333333333333338,0.2,50.346666666666664,9.50407428741455,3.3735572622751855,3.7482383036849702,0.4285705102060496,0.3333333333333333,0.3333333333333333,1.5936524897978261,0.06222222222222222,randPep,random_peptide_0972
8,-1.1445546958745665,-0.125,0.1430693369843208,0.25,0.125,0.125,0.25,0.25,-1.2875,0.0,23.400000000000002,5.5084032058715815,3.0,4.578200470696384,0.49999800000800004,0.25,0.125,1.7055534341763847,0.09375,randPep,random_peptide_0973
27,0.7429135550406993,0.037037037037037035,0.027515316853359235,0.3333333333333333,0.1111111111111111,0.1111111111111111,0.07407407407407407,0.25925925925925924,-0.05185185185185184,0.1111111111111111,56.91851851851852,8.033357048034667,3.8380398168981555,2.2287339789201615,0.33333233333633333,0.14814814814814814,0.25925925925925924,1.550815187624976,0.06172839506172839,randPep,random_peptide_0974
7,-1.2386658648300104,-0.14285714285714285,0.1769522664042872,0.42857142857142855,0.42857142857142855,0.14285714285714285,0.2857142857142857,0.14285714285714285,-1.6571428571428573,0.42857142857142855,-38.48571428571428,4.207813453674317,2.521640636343318,2.890213607438274,0.9999976666721112,0.2857142857142857,0.42857142857142855,0.18802316215673948,0.18367346938775508,randPep,random_peptide_0975
23,-5.241703410101912,-0.21739130434782608,0.2279001482653005,0.30434782608695654,0.21739130434782608,0.043478260869565216,0.2608695652173913,0.2608695652173913,-1.1304347826086956,0.21739130434782608,18.9304347826087,4.0500284194946286,3.621175542919471,17.222683187232953,0.7142833673546501,0.21739130434782608,0.21739130434782608,1.848324875746613,0.09262759924385634,randPep,random_peptide_0976
27,0.009846946796895573,0.0,0.00036470173321835457,0.37037037037037035,0.3333333333333333,0.037037037037037035,0.037037037037037035,0.3333333333333333,-0.8296296296296295,0.2222222222222222,40.559259259259264,7.009861946105956,3.633974075997158,0.026586684567569716,0.899997570006561,0.14814814814814814,0.2222222222222222,1.0950951767455452,0.02743484224965706,randPep,random_peptide_0977
8,-3.159241158388952,-0.375,0.394905144798619,0.25,0.0,0.0,0.375,0.125,-0.525,0.0,61.712500000000006,4.0500284194946286,2.75,12.636914085899466,0.0,0.125,0.0,1.2935532580499203,0.09375,randPep,random_peptide_0978
5,-2.2588994855244895,-0.4,0.4517798971048979,0.6,0.0,0.0,0.4,0.0,0.64,0.0,-22.06,4.0500284194946286,1.9219280948873623,3.764826201163814,0.0,0.4,0.0,0.630135376154005,0.24,randPep,random_peptide_0979
27,1.7489850823674957,0.07407407407407407,0.0647772252728702,0.5185185185185185,0.3333333333333333,0.1111111111111111,0.037037037037037035,0.18518518518518517,-0.018518518518518618,0.3333333333333333,48.2962962962963,9.110430335998537,3.587858798299509,3.373036153710445,0.6428559030636155,0.4444444444444444,0.3333333333333333,1.3952627851473303,0.07681755829903977,randPep,random_peptide_0980
20,-0.17071471677992078,0.0,0.008535735838996038,0.45,0.05,0.05,0.05,0.3,1.235,0.0,44.38000000000001,6.730782508850097,3.2464393446710154,0.37936519425494786,0.11111086419807957,0.4,0.15,1.489596205800125,0.045000000000000005,randPep,random_peptide_0981
24,-2.1504826756764213,-0.08333333333333333,0.08960344481985089,0.625,0.3333333333333333,0.0,0.08333333333333333,0.125,1.0333333333333334,0.29166666666666663,65.84166666666667,4.196729850769043,3.3035088547976783,3.4407667758554323,0.5333324800013652,0.4166666666666667,0.2916666666666667,0.9273383573541654,0.05208333333333333,randPep,random_peptide_0982
20,0.0020774651833641578,0.0,0.00010387325916820789,0.35,0.3,0.1,0.1,0.25,-0.54,0.2,91.22999999999999,7.002870750427246,3.821928094887362,0.005935597850760878,0.8571404081702625,0.25,0.3,0.816137341530716,0.06999999999999999,randPep,random_peptide_0983
13,1.7571046111922999,0.15384615384615385,0.13516189316863844,0.5384615384615384,0.07692307692307693,0.15384615384615385,0.0,0.15384615384615385,0.9615384615384616,0.07692307692307693,26.400000000000002,9.703023719787598,3.0269868333592873,3.2631882177218667,0.14285687755151313,0.5384615384615384,0.15384615384615385,1.4249617092375597,0.08284023668639054,randPep,random_peptide_0984
26,4.017070846975752,0.15384615384615385,0.15450272488368277,0.34615384615384615,0.038461538461538464,0.19230769230769232,0.038461538461538464,0.23076923076923078,-0.09999999999999992,0.0,39.63461538461538,10.402570152282713,3.397581911182353,11.60483781062072,0.1111107901243841,0.23076923076923078,0.3076923076923077,1.4085573447900925,0.07988165680473373,randPep,random_peptide_0985
25,-0.1923929390350989,0.0,0.007695717561403957,0.32,0.28,0.08,0.08,0.28,-0.07200000000000012,0.24,51.660000000000004,6.715094947814941,3.7638561897747236,0.6012260556532603,0.8749972656335451,0.24,0.4,1.0306426745088724,0.0512,randPep,random_peptide_0986
12,0.7462046200942891,0.08333333333333333,0.06218371834119076,0.5,0.3333333333333333,0.08333333333333333,0.0,0.25,0.00833333333333334,0.3333333333333333,27.01666666666667,8.154815483093262,3.188721875540867,1.4924062553760673,0.6666653333359999,0.3333333333333333,0.25,1.045737628446251,0.041666666666666664,randPep,random_peptide_0987
14,-0.1692235162059832,0.0,0.012087394014713084,0.14285714285714285,0.07142857142857142,0.07142857142857142,0.07142857142857142,0.42857142857142855,0.11428571428571425,0.0,141.9142857142857,6.735159111022949,3.2359263506290326,1.1845563215476316,0.4999965000244998,0.14285714285714285,0.21428571428571427,1.2970404835947886,0.02040816326530612,randPep,random_peptide_0988
9,-1.07599819304742,-0.1111111111111111,0.11955535478304667,0.3333333333333333,0.2222222222222222,0.0,0.1111111111111111,0.2222222222222222,-0.7333333333333335,0.1111111111111111,10.333333333333334,5.243419837951659,2.725480556997868,3.227984895187575,0.6666646666726667,0.2222222222222222,0.1111111111111111,0.7800533412478678,0.037037037037037035,randPep,random_peptide_0989
13,-0.1696039557400768,0.0,0.013046458133852062,0.0,0.07692307692307693,0.15384615384615385,0.15384615384615385,0.5384615384615384,-1.876923076923077,0.0,42.11538461538462,6.734079170227051,3.238901256602631,169603.9557400768,76923.07692307694,0.0,0.3076923076923077,0.6967050116949235,0.0,randPep,random_peptide_0990
16,-0.0770619751293693,0.0,0.004816373445585581,0.375,0.3125,0.1875,0.1875,0.0,-1.59375,0.25,82.94375000000001,6.8529863357543945,3.202819531114783,0.20549805235017854,0.8333311111170371,0.1875,0.3125,1.0775945768679451,0.140625,randPep,random_peptide_0991
11,-2.1456120730357524,-0.18181818181818182,0.1950556430032502,0.09090909090909091,0.09090909090909091,0.0,0.18181818181818182,0.2727272727272727,-1.5090909090909093,0.0,111.43636363636364,4.64007396697998,2.8453509366224368,23.601473187188216,0.9999890001209987,0.09090909090909091,0.0,1.1250415531946778,0.01652892561983471,randPep,random_peptide_0992
22,-0.23598716269764441,0.0,0.01072668921352929,0.22727272727272727,0.09090909090909091,0.09090909090909091,0.09090909090909091,0.36363636363636365,-0.5090909090909089,0.09090909090909091,63.313636363636355,6.070427131652831,3.6635327548042533,1.0383389471782678,0.399998240007744,0.22727272727272727,0.18181818181818182,1.3514940642504099,0.04132231404958678,randPep,random_peptide_0993
26,3.8333588085488746,0.15384615384615385,0.1474368772518798,0.3076923076923077,0.2692307692307692,0.15384615384615385,0.0,0.2692307692307692,-0.7999999999999999,0.23076923076923078,72.43846153846154,10.029233741760255,3.767183467891461,12.45837563806302,0.8749971562592421,0.23076923076923078,0.34615384615384615,0.9669936541415312,0.04733727810650888,randPep,random_peptide_0994
27,-0.24618645386128968,0.0,0.009118016809677396,0.5555555555555556,0.18518518518518517,0.07407407407407407,0.07407407407407407,0.14814814814814814,0.8925925925925926,0.18518518518518517,56.04444444444444,6.135337257385253,3.6619328723735833,0.44313481930764664,0.33333273333441327,0.48148148148148145,0.25925925925925924,1.6584982913300648,0.0823045267489712,randPep,random_peptide_0995
18,-1.2407756268688548,-0.05555555555555555,0.06893197927049194,0.5555555555555556,0.2222222222222222,0.0,0.05555555555555555,0.2222222222222222,0.5222222222222223,0.2222222222222222,7.66666666666667,4.0500284194946286,3.4613201402110083,2.2333921082581436,0.3999992800012959,0.4444444444444444,0.1111111111111111,0.9441791866372683,0.030864197530864196,randPep,random_peptide_0996
30,0.45477065174742215,0.033333333333333326,0.015159021724914071,0.2,0.03333333333333333,0.13333333333333333,0.1,0.36666666666666664,-1.163333333333333,0.03333333333333333,50.13999999999999,7.920537376403809,3.644413829577611,2.273841889527663,0.16666583333749996,0.1,0.2,1.3393408344093007,0.04666666666666667,randPep,random_peptide_0997
26,2.8333588085488746,0.11538461538461539,0.10897533879034133,0.34615384615384615,0.2692307692307692,0.11538461538461539,0.0,0.23076923076923078,-0.7461538461538463,0.23076923076923078,50.276923076923076,9.626951026916505,3.844106544814537,8.185235134017473,0.7777755308706886,0.23076923076923078,0.2692307692307692,0.697849652656476,0.03994082840236687,randPep,random_peptide_0998
25,-0.07763554242232784,0.0,0.0031054216968931137,0.56,0.36,0.04,0.04,0.24,0.20800000000000005,0.27999999999999997,80.56800000000001,6.907097053527832,3.3492750707107133,0.13863464962085395,0.642855994900009,0.36,0.2,0.9731314638318971,0.044800000000000006,randPep,random_peptide_0999
6,-0.23989838581069733,0.0,0.03998306430178289,0.5,0.16666666666666666,0.0,0.0,0.5,0.4833333333333334,0.16666666666666666,8.333333333333334,5.525000190734862,2.251629167387823,0.47979581202977056,0.33333266666799993,0.16666666666666666,0.16666666666666666,0.3940530139178964,0.0,randPep,random_peptide_1000
